Date,30,61,91,122,183,365,730,1096,1826,2557,3652,7305,10957
08/16/2023,5.52,5.53,5.56,5.54,5.54,5.37,4.97,4.68,4.42,4.37,4.28,4.55,4.38
08/15/2023,5.53,5.52,5.56,5.51,5.55,5.36,4.92,4.64,4.36,4.31,4.21,4.49,4.32
08/14/2023,5.55,5.52,5.56,5.53,5.56,5.37,4.96,4.64,4.36,4.29,4.19,4.46,4.29
08/11/2023,5.54,5.51,5.54,5.54,5.52,5.36,4.89,4.56,4.31,4.26,4.16,4.45,4.27
08/10/2023,5.55,5.52,5.54,5.53,5.52,5.33,4.82,4.47,4.21,4.17,4.09,4.41,4.24
08/09/2023,5.51,5.52,5.55,5.34,5.54,5.35,4.79,4.41,4.12,4.07,4,4.33,4.18
08/08/2023,5.54,5.53,5.57,5.52,5.53,5.35,4.74,4.36,4.1,4.06,4.02,4.35,4.2
08/07/2023,5.54,5.51,5.56,5.53,5.53,5.3,4.76,4.44,4.16,4.13,4.09,4.42,4.27
08/04/2023,5.54,5.51,5.54,5.52,5.5,5.33,4.78,4.45,4.15,4.1,4.05,4.36,4.21
08/03/2023,5.54,5.52,5.54,5.53,5.52,5.37,4.9,4.58,4.3,4.26,4.2,4.49,4.32
08/02/2023,5.48,5.53,5.53,5.54,5.52,5.36,4.88,4.54,4.24,4.17,4.08,4.35,4.17
08/01/2023,5.49,5.54,5.54,5.57,5.54,5.38,4.92,4.57,4.24,4.15,4.05,4.3,4.11
07/31/2023,5.48,5.54,5.55,5.56,5.53,5.37,4.88,4.51,4.18,4.08,3.97,4.22,4.02
07/28/2023,5.47,5.54,5.52,5.57,5.54,5.37,4.87,4.52,4.18,4.08,3.96,4.22,4.03
07/27/2023,5.47,5.55,5.51,5.58,5.56,5.4,4.91,4.58,4.24,4.13,4.01,4.26,4.06
07/26/2023,5.46,5.53,5.51,5.57,5.55,5.37,4.82,4.47,4.09,3.99,3.86,4.12,3.94
07/25/2023,5.46,5.54,5.51,5.55,5.57,5.38,4.85,4.53,4.15,4.05,3.91,4.14,3.95
07/24/2023,5.44,5.54,5.51,5.55,5.55,5.38,4.81,4.48,4.13,4,3.86,4.11,3.92
07/21/2023,5.43,5.54,5.5,5.54,5.53,5.35,4.82,4.44,4.09,3.97,3.84,4.1,3.91
07/20/2023,5.44,5.53,5.49,5.54,5.52,5.35,4.8,4.43,4.08,3.98,3.85,4.1,3.91
07/19/2023,5.37,5.51,5.49,5.54,5.51,5.32,4.74,4.34,3.98,3.87,3.75,4.01,3.84
07/18/2023,5.37,5.5,5.49,5.53,5.51,5.32,4.74,4.35,4,3.9,3.8,4.08,3.91
07/17/2023,5.37,5.51,5.49,5.53,5.52,5.33,4.74,4.34,4.02,3.91,3.81,4.1,3.94
07/14/2023,5.37,5.49,5.49,5.53,5.52,5.34,4.74,4.35,4.04,3.94,3.83,4.11,3.93
07/13/2023,5.37,5.5,5.47,5.51,5.49,5.27,4.59,4.21,3.93,3.85,3.76,4.07,3.9
07/12/2023,5.36,5.49,5.47,5.52,5.53,5.35,4.72,4.36,4.07,3.97,3.86,4.14,3.96
07/11/2023,5.35,5.48,5.49,5.53,5.55,5.44,4.88,4.52,4.24,4.13,3.99,4.22,4.03
07/10/2023,5.34,5.47,5.48,5.53,5.54,5.38,4.85,4.54,4.25,4.14,4.01,4.24,4.05
07/07/2023,5.32,5.47,5.46,5.52,5.53,5.41,4.94,4.64,4.35,4.23,4.06,4.27,4.05
07/06/2023,5.32,5.47,5.46,5.52,5.54,5.44,4.99,4.68,4.37,4.22,4.05,4.23,4.01
07/05/2023,5.28,5.38,5.44,5.51,5.52,5.4,4.94,4.59,4.25,4.11,3.95,4.17,3.95
07/03/2023,5.27,5.4,5.44,5.52,5.53,5.43,4.94,4.56,4.19,4.03,3.86,4.08,3.87
06/30/2023,5.24,5.39,5.43,5.5,5.47,5.4,4.87,4.49,4.13,3.97,3.81,4.06,3.85
06/29/2023,5.25,5.4,5.46,5.51,5.5,5.41,4.87,4.49,4.14,3.99,3.85,4.11,3.92
06/28/2023,5.17,5.32,5.44,5.49,5.47,5.32,4.71,4.32,3.97,3.83,3.71,4,3.81
06/27/2023,5.17,5.31,5.44,5.44,5.46,5.33,4.74,4.38,4.02,3.9,3.77,4.03,3.84
06/26/2023,5.17,5.31,5.5,5.44,5.45,5.27,4.65,4.3,3.96,3.85,3.72,4.01,3.83
06/23/2023,5.17,5.3,5.41,5.44,5.41,5.25,4.71,4.32,3.99,3.88,3.74,4.01,3.82
06/22/2023,5.18,5.31,5.4,5.44,5.41,5.29,4.77,4.37,4.03,3.92,3.8,4.06,3.88
06/21/2023,5.16,5.27,5.4,5.44,5.41,5.25,4.68,4.29,3.95,3.84,3.72,3.99,3.81
06/20/2023,5.17,5.26,5.39,5.39,5.41,5.24,4.68,4.29,3.96,3.85,3.74,4.01,3.83
06/16/2023,5.18,5.27,5.34,5.38,5.35,5.24,4.7,4.32,3.99,3.88,3.77,4.05,3.86
06/15/2023,5.18,5.25,5.33,5.37,5.33,5.21,4.62,4.23,3.91,3.82,3.72,4.02,3.85
06/14/2023,5.18,5.25,5.36,5.37,5.36,5.27,4.74,4.37,4.06,3.95,3.83,4.09,3.9
06/13/2023,5.19,5.24,5.36,5.37,5.36,5.26,4.67,4.3,4.01,3.94,3.84,4.12,3.94
06/12/2023,5.24,5.31,5.4,5.43,5.38,5.18,4.55,4.16,3.89,3.82,3.73,4.04,3.87
06/09/2023,5.25,5.32,5.37,5.45,5.39,5.17,4.59,4.23,3.92,3.84,3.75,4.05,3.89
06/08/2023,5.25,5.29,5.38,5.42,5.39,5.12,4.52,4.17,3.87,3.8,3.73,4.05,3.89
06/07/2023,5.07,5.26,5.42,5.42,5.43,5.16,4.56,4.21,3.93,3.88,3.79,4.12,3.95
06/06/2023,5.15,5.26,5.44,5.44,5.44,5.2,4.51,4.15,3.85,3.78,3.7,4.02,3.87
06/05/2023,5.25,5.35,5.46,5.47,5.46,5.17,4.46,4.1,3.82,3.77,3.69,4.03,3.89
06/02/2023,5.28,5.39,5.5,5.52,5.5,5.22,4.5,4.13,3.84,3.78,3.69,4.03,3.88
06/01/2023,5.3,5.39,5.5,5.5,5.44,5.11,4.33,3.98,3.7,3.66,3.61,3.98,3.84
05/31/2023,5.28,5.37,5.52,5.53,5.46,5.18,4.4,4.04,3.74,3.69,3.64,4.01,3.85
05/30/2023,5.31,5.31,5.55,5.54,5.52,5.22,4.46,4.1,3.81,3.75,3.69,4.06,3.9
05/26/2023,6.02,5.47,5.34,5.55,5.44,5.25,4.54,4.23,3.92,3.86,3.8,4.13,3.96
05/25/2023,5.95,5.44,5.38,5.55,5.46,5.24,4.5,4.21,3.9,3.86,3.83,4.16,4.01
05/24/2023,5.73,5.22,5.37,5.52,5.42,5.12,4.31,4.04,3.75,3.76,3.73,4.1,3.97
05/23/2023,5.67,5.26,5.34,5.42,5.39,5.06,4.26,3.99,3.76,3.73,3.7,4.08,3.96
05/22/2023,5.69,5.35,5.4,5.5,5.43,5.07,4.29,3.98,3.77,3.74,3.72,4.09,3.97
05/19/2023,5.62,5.27,5.29,5.46,5.36,5.02,4.28,3.98,3.76,3.74,3.7,4.07,3.95
05/18/2023,5.59,5.22,5.31,5.43,5.38,5.02,4.24,3.94,3.69,3.67,3.65,4.02,3.91
05/17/2023,5.5,5.06,5.26,5.36,5.3,4.92,4.12,3.8,3.58,3.58,3.57,3.96,3.88
05/16/2023,5.58,4.98,5.23,5.24,5.26,4.88,4.06,3.74,3.52,3.53,3.54,3.96,3.87
05/15/2023,5.64,4.97,5.21,5.26,5.24,4.73,3.99,3.67,3.46,3.48,3.5,3.92,3.84
05/12/2023,5.79,4.87,5.25,5.27,5.16,4.75,3.98,3.65,3.45,3.45,3.46,3.87,3.78
05/11/2023,5.81,4.82,5.2,5.23,5.14,4.7,3.89,3.56,3.36,3.37,3.39,3.82,3.73
05/10/2023,5.5,4.99,5.24,5.24,5.13,4.7,3.9,3.55,3.37,3.4,3.43,3.88,3.8
05/09/2023,5.56,5.16,5.29,5.27,5.18,4.81,4.01,3.67,3.51,3.51,3.53,3.94,3.85
05/08/2023,5.51,5.17,5.31,5.26,5.14,4.79,4,3.7,3.49,3.5,3.52,3.92,3.84
05/05/2023,5.59,5.23,5.26,5.26,5.13,4.73,3.92,3.63,3.41,3.41,3.44,3.85,3.76
05/04/2023,5.76,5.24,5.26,5.23,5.04,4.59,3.75,3.47,3.29,3.32,3.37,3.8,3.73
05/03/2023,4.7,5.33,5.26,5.25,5.08,4.7,3.89,3.58,3.37,3.37,3.38,3.79,3.7
05/02/2023,4.56,5.33,5.24,5.19,5.06,4.74,3.97,3.67,3.46,3.44,3.44,3.82,3.72
05/01/2023,4.49,5.17,5.27,5.22,5.14,4.86,4.14,3.85,3.64,3.62,3.59,3.95,3.84
04/28/2023,4.35,5.14,5.1,5.2,5.06,4.8,4.04,3.75,3.51,3.49,3.44,3.8,3.67
04/27/2023,4.27,5.13,5.18,5.21,5.05,4.78,4.07,3.82,3.6,3.57,3.53,3.88,3.76
04/26/2023,3.91,5.07,5.16,5.17,5,4.64,3.9,3.65,3.46,3.45,3.43,3.81,3.7
04/25/2023,4.11,5.05,5.12,5.11,4.98,4.6,3.86,3.62,3.43,3.42,3.4,3.77,3.65
04/24/2023,3.54,5.09,5.2,5.15,5.06,4.76,4.12,3.84,3.6,3.56,3.52,3.85,3.73
04/21/2023,3.36,4.98,5.14,5.19,5.07,4.78,4.17,3.89,3.66,3.62,3.57,3.9,3.78
04/20/2023,3.4,5.04,5.12,5.17,5.06,4.77,4.14,3.87,3.63,3.59,3.54,3.87,3.75
04/19/2023,3.95,5.03,5.16,5.22,5.1,4.84,4.24,3.97,3.71,3.66,3.6,3.9,3.79
04/18/2023,3.89,5.04,5.2,5.19,5.09,4.81,4.19,3.92,3.69,3.63,3.58,3.91,3.79
04/17/2023,4.09,5.04,5.21,5.24,5.07,4.8,4.18,3.92,3.69,3.64,3.6,3.92,3.81
04/14/2023,4.29,4.98,5.14,5.16,5.03,4.77,4.08,3.83,3.6,3.56,3.52,3.85,3.74
04/13/2023,4.08,4.96,5.1,5.1,4.95,4.66,3.96,3.7,3.51,3.48,3.45,3.8,3.69
04/12/2023,4.27,4.89,5.02,5.1,4.98,4.64,3.95,3.68,3.46,3.43,3.41,3.75,3.64
04/11/2023,4.27,4.89,5.04,5.06,4.99,4.67,4.03,3.76,3.54,3.48,3.43,3.75,3.62
04/10/2023,4.53,4.89,5.08,5.08,4.98,4.65,4,3.75,3.52,3.47,3.41,3.74,3.62
04/07/2023,4.56,4.9,4.95,5.07,4.95,4.61,3.97,3.72,3.49,3.45,3.39,3.73,3.61
04/06/2023,4.57,4.85,4.91,4.98,4.93,4.51,3.82,3.59,3.37,3.34,3.3,3.66,3.54
04/05/2023,4.62,4.77,4.86,4.9,4.82,4.43,3.79,3.55,3.36,3.34,3.3,3.67,3.56
04/04/2023,4.66,4.8,4.88,4.9,4.8,4.5,3.84,3.6,3.39,3.38,3.35,3.72,3.6
04/03/2023,4.7,4.79,4.9,4.98,4.88,4.6,3.97,3.73,3.52,3.48,3.43,3.78,3.64
03/31/2023,4.74,4.79,4.85,4.97,4.94,4.64,4.06,3.81,3.6,3.55,3.48,3.81,3.67
03/30/2023,4.74,4.77,4.97,4.94,4.92,4.63,4.1,3.87,3.66,3.61,3.55,3.88,3.74
03/29/2023,4.34,4.5,4.8,4.91,4.92,4.59,4.08,3.87,3.67,3.62,3.57,3.91,3.78
03/28/2023,4.24,4.39,4.8,4.86,4.9,4.55,4.02,3.84,3.63,3.6,3.55,3.9,3.77
03/27/2023,4.22,4.47,4.91,4.9,4.86,4.51,3.94,3.79,3.59,3.57,3.53,3.9,3.77
03/24/2023,4.28,4.48,4.74,4.78,4.76,4.32,3.76,3.58,3.41,3.4,3.38,3.77,3.64
03/23/2023,4.26,4.48,4.73,4.84,4.8,4.38,3.76,3.57,3.39,3.39,3.38,3.78,3.66
03/22/2023,4.16,4.56,4.79,4.91,4.95,4.56,3.96,3.76,3.54,3.53,3.48,3.83,3.68
03/21/2023,4.07,4.5,4.78,4.89,4.96,4.68,4.17,3.98,3.73,3.68,3.59,3.9,3.73
03/20/2023,4.34,4.56,4.81,4.84,4.8,4.34,3.92,3.77,3.56,3.55,3.47,3.83,3.65
03/17/2023,4.31,4.51,4.52,4.79,4.71,4.26,3.81,3.68,3.44,3.45,3.39,3.76,3.6
03/16/2023,4.22,4.66,4.74,4.92,4.94,4.49,4.14,3.99,3.72,3.67,3.56,3.87,3.71
03/15/2023,4.23,4.56,4.75,4.85,4.73,4.19,3.93,3.83,3.59,3.57,3.51,3.82,3.7
03/14/2023,4.47,4.77,4.88,4.95,4.93,4.45,4.2,4.05,3.78,3.74,3.64,3.91,3.77
03/13/2023,4.62,4.81,4.87,4.87,4.81,4.3,4.03,3.88,3.68,3.65,3.55,3.85,3.7
03/10/2023,4.81,4.91,5.01,5.08,5.17,4.9,4.6,4.31,3.96,3.86,3.7,3.9,3.7
03/09/2023,4.83,4.96,5.05,5.19,5.32,5.18,4.9,4.56,4.22,4.1,3.93,4.09,3.88
03/08/2023,4.77,4.88,5.06,5.21,5.34,5.25,5.05,4.71,4.34,4.19,3.98,4.11,3.88
03/07/2023,4.8,4.88,5.04,5.12,5.32,5.22,5,4.66,4.31,4.17,3.97,4.11,3.88
03/06/2023,4.75,4.79,4.93,5.02,5.22,5.05,4.89,4.61,4.27,4.16,3.98,4.14,3.92
03/03/2023,4.75,4.79,4.91,5.01,5.18,5.03,4.86,4.6,4.26,4.15,3.97,4.12,3.9
03/02/2023,4.75,4.8,4.91,5.02,5.18,5.04,4.89,4.63,4.32,4.24,4.08,4.24,4.03
03/01/2023,4.67,4.82,4.9,5.02,5.2,5.06,4.89,4.61,4.27,4.17,4.01,4.17,3.97
02/28/2023,4.65,4.81,4.88,5,5.17,5.02,4.81,4.51,4.18,4.07,3.92,4.1,3.93
02/27/2023,4.67,4.83,4.89,5.02,5.18,5.03,4.78,4.49,4.17,4.08,3.92,4.11,3.93
02/24/2023,4.68,4.83,4.86,5.02,5.06,5.05,4.78,4.52,4.19,4.1,3.95,4.11,3.93
02/23/2023,4.66,4.83,4.84,5,5.05,5.03,4.66,4.4,4.09,4.02,3.88,4.04,3.88
02/22/2023,4.62,4.81,4.84,5,5.08,5.07,4.66,4.43,4.13,4.07,3.93,4.09,3.94
02/21/2023,4.63,4.83,4.86,4.98,5.07,5.07,4.67,4.44,4.16,4.08,3.95,4.12,3.98
02/17/2023,4.64,4.81,4.84,4.95,4.99,5,4.6,4.33,4.03,3.95,3.82,4.01,3.88
02/16/2023,4.66,4.8,4.84,4.95,4.98,4.99,4.62,4.35,4.06,3.98,3.86,4.05,3.92
02/15/2023,4.64,4.79,4.79,4.94,4.97,4.96,4.62,4.35,4.04,3.94,3.81,3.97,3.85
02/14/2023,4.63,4.78,4.8,4.91,4.98,4.99,4.6,4.32,4,3.9,3.77,3.94,3.81
02/13/2023,4.66,4.78,4.81,4.9,4.99,4.91,4.52,4.22,3.93,3.84,3.72,3.92,3.79
02/10/2023,4.66,4.77,4.79,4.89,4.89,4.89,4.5,4.19,3.93,3.86,3.74,3.96,3.83
02/09/2023,4.66,4.77,4.77,4.87,4.9,4.88,4.48,4.15,3.87,3.79,3.67,3.9,3.75
02/08/2023,4.64,4.69,4.72,4.85,4.88,4.87,4.45,4.08,3.82,3.75,3.63,3.86,3.7
02/07/2023,4.62,4.68,4.71,4.8,4.89,4.88,4.47,4.11,3.85,3.78,3.67,3.87,3.72
02/06/2023,4.61,4.67,4.71,4.81,4.89,4.85,4.44,4.1,3.81,3.73,3.63,3.82,3.67
02/03/2023,4.61,4.67,4.7,4.8,4.82,4.79,4.3,3.96,3.67,3.61,3.53,3.77,3.63
02/02/2023,4.62,4.65,4.66,4.75,4.76,4.64,4.09,3.75,3.49,3.44,3.4,3.67,3.55
02/01/2023,4.59,4.63,4.66,4.77,4.79,4.66,4.09,3.75,3.48,3.43,3.39,3.67,3.55
01/31/2023,4.58,4.64,4.7,4.74,4.8,4.68,4.21,3.9,3.63,3.59,3.52,3.78,3.65
01/30/2023,4.6,4.64,4.72,4.76,4.82,4.71,4.25,3.96,3.68,3.62,3.55,3.79,3.66
01/27/2023,4.61,4.64,4.73,4.76,4.81,4.68,4.19,3.9,3.62,3.58,3.52,3.77,3.64
01/26/2023,4.61,4.65,4.71,4.76,4.79,4.68,4.17,3.88,3.58,3.54,3.49,3.75,3.62
01/25/2023,4.67,4.65,4.72,4.75,4.79,4.67,4.11,3.84,3.54,3.51,3.46,3.74,3.62
01/24/2023,4.7,4.67,4.72,4.75,4.84,4.7,4.12,3.86,3.58,3.52,3.46,3.73,3.62
01/23/2023,4.69,4.65,4.73,4.76,4.82,4.7,4.21,3.88,3.61,3.56,3.52,3.8,3.69
01/20/2023,4.69,4.64,4.72,4.75,4.8,4.68,4.14,3.83,3.56,3.51,3.48,3.77,3.66
01/19/2023,4.69,4.66,4.71,4.74,4.79,4.65,4.09,3.76,3.48,3.43,3.39,3.69,3.57
01/18/2023,4.59,4.62,4.69,4.74,4.79,4.63,4.06,3.72,3.43,3.4,3.37,3.65,3.54
01/17/2023,4.6,4.63,4.71,4.74,4.82,4.67,4.18,3.86,3.6,3.57,3.53,3.81,3.64
01/13/2023,4.58,4.59,4.67,4.73,4.77,4.69,4.22,3.88,3.6,3.55,3.49,3.79,3.61
01/12/2023,4.57,4.59,4.66,4.74,4.76,4.66,4.12,3.79,3.53,3.48,3.43,3.73,3.56
01/11/2023,4.42,4.62,4.72,4.82,4.84,4.73,4.2,3.9,3.66,3.61,3.54,3.84,3.67
01/10/2023,4.41,4.62,4.73,4.77,4.85,4.74,4.24,3.94,3.72,3.67,3.61,3.91,3.74
01/09/2023,4.37,4.58,4.7,4.74,4.83,4.69,4.19,3.93,3.66,3.6,3.53,3.83,3.66
01/06/2023,4.32,4.55,4.67,4.74,4.79,4.71,4.24,3.96,3.69,3.63,3.55,3.84,3.67
01/05/2023,4.3,4.55,4.66,4.75,4.81,4.78,4.45,4.18,3.9,3.82,3.71,3.96,3.78
01/04/2023,4.2,4.42,4.55,4.69,4.77,4.71,4.36,4.11,3.85,3.79,3.69,3.97,3.81
01/03/2023,4.17,4.42,4.53,4.7,4.77,4.72,4.4,4.18,3.94,3.89,3.79,4.06,3.88
12/30/2022,4.12,4.41,4.42,4.69,4.76,4.73,4.41,4.22,3.99,3.96,3.88,4.14,3.97
12/29/2022,4.04,4.39,4.45,4.66,4.73,4.71,4.34,4.16,3.94,3.91,3.83,4.09,3.92
12/28/2022,3.86,4.33,4.46,4.66,4.75,4.71,4.31,4.18,3.97,3.97,3.88,4.13,3.98
12/27/2022,3.87,4.32,4.46,4.66,4.76,4.75,4.32,4.17,3.94,3.93,3.84,4.1,3.93
12/23/2022,3.8,4.2,4.34,4.59,4.67,4.66,4.31,4.09,3.86,3.83,3.75,3.99,3.82
12/22/2022,3.8,4.2,4.35,4.57,4.66,4.64,4.24,4.02,3.79,3.77,3.67,3.91,3.73
12/21/2022,3.9,4.23,4.33,4.57,4.67,4.6,4.21,4,3.78,3.77,3.68,3.93,3.74
12/20/2022,3.89,4.23,4.35,4.55,4.7,4.64,4.25,4.03,3.79,3.78,3.69,3.94,3.74
12/19/2022,3.95,4.24,4.37,4.57,4.71,4.64,4.25,3.99,3.7,3.67,3.57,3.82,3.62
12/16/2022,3.94,4.22,4.31,4.54,4.68,4.61,4.17,3.91,3.61,3.58,3.48,3.73,3.53
12/15/2022,3.95,4.24,4.34,4.56,4.7,4.65,4.23,3.96,3.62,3.56,3.44,3.69,3.48
12/14/2022,3.91,4.14,4.33,4.58,4.68,4.64,4.23,3.94,3.64,3.59,3.49,3.74,3.52
12/13/2022,3.89,4.16,4.35,4.58,4.7,4.64,4.22,3.96,3.66,3.6,3.51,3.74,3.53
12/12/2022,3.86,4.18,4.38,4.6,4.78,4.75,4.39,4.1,3.8,3.73,3.61,3.84,3.57
12/09/2022,3.81,4.13,4.31,4.54,4.72,4.72,4.33,4.07,3.75,3.69,3.57,3.82,3.56
12/08/2022,3.75,4.11,4.28,4.53,4.71,4.71,4.31,4.04,3.71,3.63,3.48,3.71,3.44
12/07/2022,3.79,4.1,4.29,4.53,4.72,4.67,4.26,3.97,3.62,3.54,3.42,3.66,3.42
12/06/2022,3.87,4.19,4.37,4.54,4.74,4.73,4.34,4.07,3.73,3.64,3.51,3.77,3.52
12/05/2022,3.93,4.25,4.36,4.56,4.73,4.77,4.41,4.13,3.8,3.72,3.6,3.84,3.62
12/02/2022,3.91,4.25,4.34,4.52,4.65,4.69,4.28,3.99,3.67,3.61,3.51,3.79,3.56
12/01/2022,4.04,4.24,4.33,4.52,4.65,4.66,4.25,3.98,3.68,3.62,3.53,3.85,3.64
11/30/2022,4.07,4.25,4.37,4.55,4.7,4.74,4.38,4.13,3.82,3.76,3.68,4,3.8
11/29/2022,4.08,4.26,4.38,4.51,4.72,4.78,4.48,4.24,3.92,3.85,3.75,4.02,3.81
11/28/2022,4.11,4.29,4.41,4.52,4.72,4.76,4.46,4.22,3.88,3.8,3.69,3.97,3.74
11/25/2022,4.16,4.33,4.41,4.52,4.67,4.76,4.42,4.2,3.85,3.78,3.68,3.97,3.74
11/23/2022,4.12,4.29,4.4,4.5,4.67,4.75,4.46,4.23,3.88,3.81,3.71,3.97,3.74
11/22/2022,3.97,4.26,4.4,4.49,4.68,4.79,4.47,4.27,3.93,3.86,3.76,4.05,3.83
11/21/2022,3.97,4.24,4.41,4.47,4.65,4.75,4.48,4.32,3.97,3.94,3.83,4.14,3.91
11/18/2022,3.93,4.23,4.34,4.46,4.61,4.74,4.51,4.28,3.99,3.92,3.82,4.13,3.92
11/17/2022,3.93,4.2,4.32,4.44,4.57,4.68,4.43,4.22,3.93,3.87,3.77,4.1,3.89
11/16/2022,3.81,4.15,4.32,4.43,4.54,4.62,4.35,4.13,3.83,3.77,3.67,4.03,3.85
11/15/2022,3.77,4.1,4.31,4.4,4.54,4.6,4.37,4.17,3.93,3.88,3.8,4.2,3.98
11/14/2022,3.72,4.05,4.34,4.38,4.55,4.63,4.4,4.24,4,3.95,3.88,4.28,4.07
11/10/2022,3.71,4,4.28,4.36,4.52,4.59,4.34,4.17,3.95,3.89,3.82,4.24,4.03
11/09/2022,3.65,4.05,4.29,4.4,4.59,4.75,4.61,4.49,4.27,4.2,4.12,4.5,4.31
11/08/2022,3.66,4.04,4.28,4.39,4.6,4.77,4.67,4.55,4.31,4.22,4.14,4.47,4.28
11/07/2022,3.78,4.04,4.29,4.39,4.62,4.8,4.72,4.63,4.39,4.31,4.22,4.55,4.34
11/04/2022,3.73,4,4.21,4.36,4.55,4.76,4.66,4.58,4.33,4.26,4.17,4.49,4.27
11/03/2022,3.75,4.04,4.25,4.38,4.57,4.78,4.71,4.63,4.36,4.26,4.14,4.42,4.18
11/02/2022,3.7,4.01,4.22,4.38,4.57,4.76,4.61,4.54,4.3,4.2,4.1,4.41,4.15
11/01/2022,3.72,4,4.23,4.35,4.58,4.75,4.54,4.48,4.27,4.18,4.07,4.37,4.14
10/31/2022,3.73,4,4.22,4.33,4.57,4.66,4.51,4.45,4.27,4.18,4.1,4.44,4.22
10/28/2022,3.75,3.95,4.18,4.3,4.51,4.55,4.41,4.38,4.19,4.1,4.02,4.38,4.15
10/27/2022,3.76,3.95,4.13,4.27,4.44,4.5,4.3,4.29,4.09,4.01,3.96,4.32,4.12
10/26/2022,3.54,3.85,4.11,4.27,4.47,4.54,4.39,4.41,4.2,4.12,4.04,4.38,4.19
10/25/2022,3.56,3.81,4.14,4.32,4.5,4.6,4.42,4.45,4.25,4.17,4.1,4.45,4.26
10/24/2022,3.57,3.83,4.16,4.33,4.52,4.61,4.5,4.52,4.36,4.31,4.25,4.59,4.4
10/21/2022,3.55,3.78,4.09,4.31,4.43,4.58,4.49,4.52,4.34,4.28,4.21,4.54,4.33
10/20/2022,3.58,3.83,4.09,4.33,4.48,4.66,4.62,4.66,4.45,4.36,4.24,4.47,4.24
10/19/2022,3.31,3.72,4.07,4.32,4.45,4.6,4.55,4.56,4.35,4.26,4.14,4.38,4.15
10/18/2022,3.25,3.7,4.04,,4.39,4.5,4.43,4.43,4.21,4.12,4.01,4.27,4.04
10/17/2022,3.3,3.66,3.97,,4.38,4.5,4.45,4.45,4.24,4.15,4.02,4.29,4.04
10/14/2022,3.3,3.61,3.81,,4.31,4.5,4.48,4.47,4.25,4.15,4,4.26,3.99
10/13/2022,3.35,3.6,3.79,,4.3,4.46,4.47,4.44,4.21,4.11,3.97,4.25,3.97
10/12/2022,3.07,3.45,3.7,,4.16,4.28,4.28,4.29,4.12,4.03,3.91,4.18,3.9
10/11/2022,3.07,3.43,3.67,,4.17,4.28,4.3,4.31,4.14,4.06,3.93,4.19,3.92
10/07/2022,3.03,3.34,3.45,,4.09,4.24,4.3,4.33,4.14,4.03,3.89,4.13,3.86
10/06/2022,3.05,3.34,3.46,,4.04,4.19,4.23,4.24,4.05,3.95,3.83,4.08,3.81
10/05/2022,2.89,3.22,3.46,,4,4.14,4.15,4.17,3.96,3.87,3.76,4.05,3.78
10/04/2022,2.91,3.23,3.45,,3.98,4.15,4.1,4.08,3.84,3.73,3.62,3.95,3.7
10/03/2022,2.87,3.26,3.46,,3.97,4.01,4.12,4.12,3.9,3.79,3.67,4,3.73
09/30/2022,2.79,3.2,3.33,,3.92,4.05,4.22,4.25,4.06,3.97,3.83,4.08,3.79
09/29/2022,2.78,3.2,3.36,,3.87,3.98,4.16,4.19,3.98,3.89,3.76,4,3.71
09/28/2022,2.63,3.14,3.4,,3.87,3.99,4.07,4.12,3.92,3.83,3.72,3.98,3.7
09/27/2022,2.71,3.14,3.35,,3.91,4.16,4.3,4.39,4.21,4.14,3.97,4.15,3.87
09/26/2022,2.73,3.14,3.39,,3.95,4.17,4.27,4.37,4.15,4.06,3.88,4.01,3.72
09/23/2022,2.67,3.07,3.24,,3.85,4.15,4.2,4.21,3.96,3.85,3.69,3.87,3.61
09/22/2022,2.73,3.09,3.29,,3.87,4.08,4.11,4.12,3.91,3.84,3.7,3.9,3.65
09/21/2022,2.59,3.06,3.31,,3.86,4.08,4.02,3.98,3.74,3.65,3.51,3.73,3.5
09/20/2022,2.57,3.05,3.35,,3.86,4.03,3.96,3.94,3.75,3.69,3.57,3.83,3.59
09/19/2022,2.62,3.02,3.37,,3.87,4.05,3.95,3.9,3.69,3.62,3.49,3.77,3.52
09/16/2022,2.68,3.01,3.2,,3.77,3.96,3.85,3.81,3.62,3.56,3.45,3.79,3.52
09/15/2022,2.76,3.03,3.22,,3.78,4,3.87,3.85,3.66,3.59,3.45,3.75,3.48
09/14/2022,2.54,2.95,3.24,,3.76,3.95,3.78,3.79,3.6,3.52,3.41,3.73,3.47
09/13/2022,2.55,2.95,3.28,,3.75,3.92,3.75,3.75,3.58,3.53,3.42,3.75,3.51
09/12/2022,2.62,2.93,3.17,,3.56,3.7,3.58,3.6,3.47,3.45,3.37,3.76,3.53
09/09/2022,2.57,2.88,3.08,,3.52,3.67,3.56,3.61,3.45,3.42,3.33,3.71,3.47
09/08/2022,2.57,2.86,3.06,,3.44,3.6,3.48,3.54,3.39,3.37,3.29,3.69,3.45
09/07/2022,2.3,2.8,3.07,,3.42,3.6,3.45,3.5,3.37,3.35,3.27,3.67,3.42
09/06/2022,2.44,2.82,3.04,,3.4,3.61,3.5,3.55,3.43,3.41,3.33,3.74,3.49
09/02/2022,2.49,2.79,2.94,,3.33,3.47,3.4,3.44,3.3,3.29,3.2,3.61,3.35
09/01/2022,2.53,2.8,2.97,,3.34,3.51,3.51,3.54,3.39,3.36,3.26,3.64,3.37
08/31/2022,2.4,2.72,2.96,,3.32,3.5,3.45,3.46,3.3,3.25,3.15,3.53,3.27
08/30/2022,2.43,2.73,2.97,,3.31,3.48,3.46,3.47,3.27,3.22,3.11,3.49,3.23
08/29/2022,2.45,2.75,2.97,,3.32,3.43,3.42,3.45,3.27,3.21,3.12,3.5,3.25
08/26/2022,2.39,2.69,2.89,,3.26,3.36,3.37,3.4,3.2,3.14,3.04,3.44,3.21
08/25/2022,2.42,2.7,2.88,,3.25,3.33,3.35,3.37,3.15,3.11,3.03,3.47,3.25
08/24/2022,2.29,2.62,2.82,,3.28,3.35,3.36,3.4,3.2,3.2,3.11,3.55,3.32
08/23/2022,2.28,2.6,2.8,,3.21,3.29,3.29,3.35,3.18,3.14,3.05,3.49,3.26
08/22/2022,2.27,2.6,2.82,,3.23,3.32,3.32,3.36,3.17,3.12,3.03,3.48,3.24
08/19/2022,2.23,2.6,2.74,,3.16,3.26,3.25,3.28,3.11,3.06,2.98,3.44,3.22
08/18/2022,2.23,2.56,2.71,,3.12,3.24,3.22,3.23,3.02,2.97,2.88,3.35,3.14
08/17/2022,2.22,2.51,2.68,,3.15,3.27,3.28,3.27,3.04,2.99,2.89,3.37,3.15
08/16/2022,2.26,2.51,2.7,,3.12,3.26,3.25,3.19,2.95,2.9,2.82,3.31,3.11
08/15/2022,2.27,2.53,2.72,,3.13,3.23,3.2,3.14,2.91,2.86,2.79,3.31,3.1
08/12/2022,2.23,2.5,2.63,,3.13,3.26,3.25,3.18,2.97,2.92,2.84,3.34,3.12
08/11/2022,2.24,2.51,2.62,,3.08,3.25,3.23,3.16,2.98,2.94,2.87,3.38,3.15
08/10/2022,2.24,2.43,2.65,,3.13,3.26,3.23,3.13,2.93,2.86,2.78,3.27,3.04
08/09/2022,2.23,2.43,2.67,,3.16,3.33,3.28,3.2,2.97,2.89,2.8,3.24,3.01
08/08/2022,2.23,2.43,2.65,,3.15,3.3,3.21,3.14,2.91,2.85,2.77,3.22,3
08/05/2022,2.21,2.39,2.58,,3.1,3.29,3.24,3.18,2.97,2.91,2.83,3.27,3.06
08/04/2022,2.19,2.36,2.5,,2.98,3.11,3.03,2.95,2.76,2.73,2.68,3.15,2.97
08/03/2022,2.2,2.29,2.52,,3,3.14,3.1,3.04,2.86,2.81,2.73,3.17,2.96
08/02/2022,2.22,2.33,2.56,,3,3.09,3.06,3.02,2.85,2.82,2.75,3.22,3
08/01/2022,2.22,2.33,2.56,,2.96,2.98,2.9,2.82,2.66,2.64,2.6,3.12,2.92
07/29/2022,2.22,2.28,2.41,,2.91,2.98,2.89,2.83,2.7,2.7,2.67,3.2,3
07/28/2022,2.2,2.3,2.42,,2.9,2.93,2.85,2.81,2.69,2.69,2.68,3.23,3.02
07/27/2022,2.14,2.3,2.44,,2.93,3,2.96,2.93,2.82,2.83,2.78,3.26,3.03
07/26/2022,2.17,2.35,2.55,,3.01,3.06,3.02,3.01,2.89,2.88,2.81,3.27,3.03
07/25/2022,2.14,2.31,2.62,,3.06,3.07,3,2.98,2.89,2.89,2.81,3.28,3.04
07/22/2022,2.15,2.29,2.49,,2.97,3.01,2.98,2.93,2.87,2.85,2.77,3.23,3
07/21/2022,2.15,2.3,2.48,,3,3.11,3.1,3.07,3,2.99,2.91,3.33,3.08
07/20/2022,1.92,2.29,2.51,,3.04,3.18,3.25,3.25,3.18,3.15,3.04,3.43,3.17
07/19/2022,1.93,2.29,2.52,,3.06,3.18,3.23,3.22,3.14,3.11,3.01,3.42,3.17
07/18/2022,1.96,2.28,2.5,,3.02,3.13,3.15,3.15,3.06,3.05,2.96,3.39,3.14
07/15/2022,1.98,2.26,2.37,,2.94,3.12,3.13,3.14,3.05,3.03,2.93,3.34,3.1
07/14/2022,1.99,2.32,2.4,,2.93,3.16,3.15,3.16,3.06,3.05,2.96,3.36,3.11
07/13/2022,1.78,2.2,2.39,,2.96,3.21,3.13,3.14,3.02,3,2.91,3.35,3.08
07/12/2022,1.63,2.01,2.22,,2.78,3.07,3.03,3.07,3.01,3.01,2.96,3.37,3.13
07/11/2022,1.58,1.95,2.18,,2.79,2.97,3.07,3.09,3.05,3.06,2.99,3.43,3.18
07/08/2022,1.57,1.92,1.98,,2.68,2.96,3.12,3.14,3.13,3.16,3.09,3.53,3.27
07/07/2022,1.55,1.9,1.95,,2.64,2.87,3.03,3.05,3.05,3.07,3.01,3.45,3.2
07/06/2022,1.36,1.7,1.9,,2.62,2.82,2.97,2.99,2.96,2.99,2.93,3.42,3.14
07/05/2022,1.33,1.71,1.9,,2.59,2.77,2.82,2.82,2.82,2.87,2.82,3.31,3.05
07/01/2022,1.27,1.68,1.73,,2.52,2.79,2.84,2.85,2.88,2.92,2.88,3.35,3.11
06/30/2022,1.28,1.68,1.72,,2.51,2.8,2.92,2.99,3.01,3.04,2.98,3.38,3.14
06/29/2022,1.12,1.53,1.78,,2.55,2.88,3.06,3.13,3.15,3.17,3.1,3.46,3.22
06/28/2022,1.12,1.59,1.79,,2.55,2.88,3.1,3.21,3.25,3.27,3.2,3.55,3.3
06/27/2022,1.16,1.57,1.79,,2.56,2.89,3.08,3.21,3.24,3.27,3.2,3.56,3.31
06/24/2022,1.19,1.6,1.73,,2.51,2.83,3.04,3.13,3.18,3.19,3.13,3.51,3.26
06/23/2022,1.12,1.54,1.65,,2.44,2.78,3.01,3.12,3.14,3.16,3.09,3.45,3.21
06/22/2022,0.98,1.42,1.61,,2.4,2.79,3.06,3.2,3.22,3.24,3.16,3.49,3.25
06/21/2022,1.08,1.48,1.7,,2.46,2.92,3.21,3.35,3.38,3.39,3.31,3.63,3.39
06/17/2022,1.15,1.5,1.63,,2.25,2.86,3.17,3.35,3.34,3.34,3.25,3.55,3.3
06/16/2022,1.19,1.47,1.59,,2.24,2.88,3.14,3.33,3.35,3.36,3.28,3.59,3.35
06/15/2022,1.21,1.56,1.74,,2.32,2.93,3.2,3.35,3.38,3.39,3.33,3.64,3.39
06/14/2022,1.19,1.55,1.83,,2.43,3.15,3.45,3.6,3.61,3.6,3.49,3.72,3.45
06/13/2022,1.13,1.45,1.73,,2.25,2.89,3.4,3.56,3.56,3.53,3.43,3.68,3.42
06/10/2022,1.1,1.25,1.39,,1.98,2.58,3.06,3.21,3.25,3.24,3.15,3.45,3.2
06/09/2022,1.05,1.17,1.3,,1.81,2.35,2.83,2.99,3.07,3.08,3.04,3.4,3.18
06/08/2022,0.89,1.1,1.28,,1.77,2.29,2.78,2.94,3.03,3.06,3.03,3.4,3.18
06/07/2022,0.87,1.08,1.26,,1.75,2.26,2.75,2.91,2.99,3.02,2.98,3.35,3.13
06/06/2022,0.88,1.07,1.26,,1.74,2.23,2.73,2.94,3.03,3.07,3.04,3.41,3.19
06/03/2022,0.87,1.05,1.21,,1.68,2.18,2.66,2.87,2.95,2.99,2.96,3.33,3.11
06/02/2022,0.85,1.05,1.17,,1.64,2.15,2.65,2.83,2.92,2.95,2.92,3.3,3.09
06/01/2022,0.77,0.9,1.15,,1.63,2.16,2.66,2.84,2.94,2.98,2.94,3.31,3.09
05/31/2022,0.73,0.89,1.16,,1.64,2.08,2.53,2.71,2.81,2.87,2.85,3.28,3.07
05/27/2022,0.69,0.91,1.08,,1.54,2.01,2.47,2.64,2.71,2.76,2.74,3.16,2.97
05/26/2022,0.71,0.9,1.07,,1.52,1.99,2.46,2.63,2.7,2.75,2.75,3.18,2.99
05/25/2022,0.58,0.88,1.06,,1.52,2.01,2.48,2.63,2.71,2.76,2.75,3.14,2.97
05/24/2022,0.55,0.88,1.06,,1.53,2.02,2.5,2.66,2.76,2.8,2.76,3.16,2.98
05/23/2022,0.55,0.9,1.07,,1.57,2.09,2.65,2.8,2.88,2.9,2.86,3.26,3.08
05/20/2022,0.63,0.87,1.03,,1.51,2.07,2.6,2.73,2.8,2.82,2.78,3.17,2.99
05/19/2022,0.65,0.91,1.05,,1.52,2.11,2.63,2.78,2.84,2.87,2.84,3.24,3.05
05/18/2022,0.56,0.85,1.03,,1.56,2.16,2.68,2.84,2.89,2.91,2.89,3.24,3.07
05/17/2022,0.61,0.85,1.06,,1.57,2.16,2.71,2.89,2.96,3,2.98,3.36,3.17
05/16/2022,0.64,0.85,1.07,,1.54,2.07,2.58,2.75,2.83,2.89,2.88,3.3,3.09
05/13/2022,0.67,0.79,1.03,,1.47,2.04,2.61,2.79,2.89,2.95,2.93,3.32,3.1
05/12/2022,0.61,0.77,0.96,,1.44,1.96,2.56,2.73,2.81,2.86,2.84,3.22,3
05/11/2022,0.59,0.77,0.91,,1.43,1.99,2.66,2.81,2.89,2.94,2.91,3.25,3.05
05/10/2022,0.57,0.75,0.89,,1.44,2.01,2.62,2.81,2.91,2.99,2.99,3.31,3.12
05/09/2022,0.51,0.73,0.92,,1.43,1.99,2.61,2.81,2.95,3.04,3.05,3.38,3.19
05/06/2022,0.48,0.72,0.85,,1.41,2.08,2.72,2.94,3.06,3.13,3.12,3.43,3.23
05/05/2022,0.49,0.71,0.85,,1.37,2.08,2.71,2.91,3.01,3.07,3.05,3.35,3.15
05/04/2022,0.49,0.74,0.89,,1.44,2.07,2.66,2.85,2.93,2.97,2.93,3.21,3.01
05/03/2022,0.48,0.77,0.91,,1.45,2.16,2.78,2.95,3.01,3.03,2.97,3.21,3.03
05/02/2022,0.41,0.71,0.9,,1.49,2.1,2.73,2.93,3.01,3.04,2.99,3.26,3.07
04/29/2022,0.37,0.73,0.85,,1.41,2.1,2.7,2.87,2.92,2.94,2.89,3.14,2.96
04/28/2022,0.37,0.71,0.82,,1.38,2.04,2.63,2.8,2.86,2.88,2.85,3.1,2.92
04/27/2022,0.37,0.63,0.82,,1.39,1.97,2.58,2.75,2.81,2.84,2.82,3.08,2.91
04/26/2022,0.38,0.61,0.83,,1.4,1.99,2.54,2.72,2.79,2.8,2.77,3.03,2.86
04/25/2022,0.4,0.61,0.91,,1.42,2.03,2.63,2.79,2.84,2.85,2.81,3.06,2.88
04/22/2022,0.46,0.64,0.83,,1.34,2.06,2.72,2.88,2.94,2.95,2.9,3.14,2.95
04/21/2022,0.5,0.65,0.83,,1.32,2.01,2.68,2.87,2.96,2.96,2.9,3.12,2.94
04/20/2022,0.35,0.56,0.82,,1.29,1.93,2.6,2.79,2.87,2.88,2.85,3.08,2.9
04/19/2022,0.37,0.58,0.81,,1.28,1.94,2.61,2.81,2.91,2.95,2.93,3.19,3.01
04/18/2022,0.38,0.6,0.81,,1.27,1.84,2.46,2.68,2.79,2.85,2.85,3.12,2.95
04/14/2022,0.37,0.57,0.79,,1.25,1.84,2.47,2.67,2.79,2.84,2.83,3.09,2.92
04/13/2022,0.26,0.52,0.75,,1.2,1.78,2.37,2.57,2.66,2.71,2.7,2.97,2.81
04/12/2022,0.21,0.52,0.74,,1.2,1.77,2.39,2.58,2.66,2.73,2.72,2.99,2.82
04/11/2022,0.22,0.54,0.77,,1.23,1.85,2.5,2.73,2.79,2.84,2.79,3.02,2.84
04/08/2022,0.2,0.49,0.7,,1.19,1.81,2.53,2.73,2.76,2.79,2.72,2.94,2.76
04/07/2022,0.21,0.5,0.68,,1.15,1.78,2.47,2.66,2.7,2.73,2.66,2.87,2.69
04/06/2022,0.21,0.44,0.67,,1.15,1.79,2.5,2.67,2.7,2.69,2.61,2.81,2.63
04/05/2022,0.18,0.42,0.65,,1.13,1.77,2.51,2.69,2.69,2.65,2.54,2.74,2.57
04/04/2022,0.18,0.42,0.66,,1.14,1.72,2.43,2.61,2.56,2.52,2.42,2.64,2.48
04/01/2022,0.15,0.37,0.53,,1.09,1.72,2.44,2.61,2.55,2.5,2.39,2.6,2.44
03/31/2022,0.17,0.35,0.52,,1.06,1.63,2.28,2.45,2.42,2.4,2.32,2.59,2.44
03/30/2022,0.16,0.33,0.55,,1.04,1.64,2.31,2.49,2.44,2.43,2.35,2.63,2.48
03/29/2022,0.18,0.34,0.55,,1.06,1.67,2.35,2.54,2.49,2.5,2.41,2.68,2.53
03/28/2022,0.19,0.36,0.59,,1.08,1.69,2.35,2.55,2.54,2.55,2.46,2.72,2.57
03/25/2022,0.17,0.32,0.55,,1.01,1.67,2.3,2.51,2.55,2.56,2.48,2.74,2.6
03/24/2022,0.16,0.31,0.52,,0.96,1.55,2.13,2.35,2.37,2.39,2.34,2.63,2.51
03/23/2022,0.15,0.27,0.5,,0.93,1.52,2.13,2.32,2.34,2.37,2.32,2.65,2.52
03/22/2022,0.2,0.3,0.51,,0.96,1.59,2.18,2.38,2.39,2.42,2.38,2.71,2.6
03/21/2022,0.22,0.33,0.54,,0.95,1.4,2.14,2.34,2.33,2.36,2.32,2.67,2.55
03/18/2022,0.19,0.28,0.42,,0.83,1.29,1.97,2.15,2.14,2.17,2.14,2.53,2.42
03/17/2022,0.2,0.3,0.4,,0.81,1.3,1.94,2.14,2.17,2.22,2.2,2.6,2.5
03/16/2022,0.24,0.3,0.44,,0.86,1.35,1.95,2.14,2.18,2.22,2.19,2.56,2.46
03/15/2022,0.22,0.31,0.46,,0.86,1.28,1.85,2.04,2.1,2.16,2.15,2.57,2.49
03/14/2022,0.23,0.32,0.45,,0.86,1.28,1.87,2.04,2.1,2.16,2.14,2.56,2.47
03/11/2022,0.17,0.28,0.4,,0.78,1.22,1.75,1.91,1.96,2.01,2,2.45,2.36
03/10/2022,0.19,0.28,0.39,,0.75,1.19,1.72,1.88,1.92,1.98,1.98,2.45,2.38
03/09/2022,0.18,0.26,0.38,,0.75,1.15,1.68,1.83,1.87,1.92,1.94,2.38,2.29
03/08/2022,0.16,0.24,0.36,,0.72,1.12,1.63,1.78,1.8,1.85,1.86,2.34,2.24
03/07/2022,0.17,0.23,0.38,,0.75,1.07,1.55,1.68,1.71,1.77,1.78,2.29,2.19
03/04/2022,0.15,0.21,0.34,,0.69,1.05,1.5,1.62,1.65,1.7,1.74,2.23,2.16
03/03/2022,0.19,0.25,0.38,,0.69,1.08,1.53,1.69,1.74,1.82,1.86,2.32,2.24
03/02/2022,0.13,0.24,0.34,,0.68,1.06,1.5,1.67,1.74,1.83,1.86,2.32,2.24
03/01/2022,0.11,0.21,0.32,,0.6,0.91,1.31,1.47,1.56,1.67,1.72,2.19,2.11
02/28/2022,0.06,0.2,0.35,,0.69,1.01,1.44,1.62,1.71,1.81,1.83,2.25,2.17
02/25/2022,0.03,0.2,0.33,,0.71,1.13,1.55,1.76,1.86,1.96,1.97,2.37,2.29
02/24/2022,0.05,0.18,0.32,,0.65,1.08,1.54,1.73,1.84,1.94,1.96,2.36,2.28
02/23/2022,0.02,0.2,0.34,,0.74,1.16,1.58,1.78,1.89,1.98,1.99,2.36,2.29
02/22/2022,0.03,0.2,0.37,,0.73,1.17,1.56,1.74,1.85,1.93,1.94,2.31,2.24
02/18/2022,0.03,0.19,0.35,,0.65,1.03,1.47,1.68,1.82,1.9,1.92,2.3,2.24
02/17/2022,0.06,0.23,0.36,,0.65,1.05,1.49,1.7,1.85,1.94,1.97,2.35,2.31
02/16/2022,0.03,0.17,0.38,,0.67,1.09,1.52,1.75,1.9,2,2.03,2.39,2.34
02/15/2022,0.02,0.19,0.4,,0.72,1.11,1.58,1.8,1.94,2.03,2.05,2.42,2.37
02/14/2022,0.03,0.25,0.43,,0.76,1.13,1.58,1.8,1.9,1.98,1.98,2.35,2.29
02/11/2022,0.03,0.22,0.36,,0.71,1.07,1.5,1.71,1.84,1.92,1.92,2.3,2.24
02/10/2022,0.05,0.31,0.4,,0.74,1.14,1.61,1.82,1.96,2.03,2.03,2.37,2.3
02/09/2022,0.04,0.15,0.26,,0.57,0.91,1.36,1.61,1.82,1.92,1.94,2.31,2.25
02/08/2022,0.03,0.14,0.25,,0.59,0.91,1.35,1.59,1.81,1.93,1.96,2.31,2.25
02/07/2022,0.03,0.14,0.27,,0.58,0.88,1.3,1.54,1.76,1.88,1.92,2.28,2.22
02/04/2022,0.05,0.12,0.23,,0.56,0.89,1.31,1.55,1.78,1.9,1.93,2.29,2.23
02/03/2022,0.03,0.15,0.2,,0.48,0.78,1.19,1.42,1.66,1.78,1.82,2.2,2.14
02/02/2022,0.04,0.1,0.19,,0.45,0.76,1.16,1.38,1.6,1.74,1.78,2.17,2.11
02/01/2022,0.04,0.1,0.19,,0.48,0.78,1.18,1.39,1.63,1.76,1.81,2.19,2.12
01/31/2022,0.03,0.13,0.22,,0.49,0.78,1.18,1.39,1.62,1.75,1.79,2.17,2.11
01/28/2022,0.04,0.1,0.19,,0.43,0.75,1.15,1.38,1.61,1.74,1.78,2.14,2.07
01/27/2022,0.04,0.14,0.2,,0.43,0.75,1.18,1.43,1.66,1.78,1.81,2.17,2.09
01/26/2022,0.06,0.11,0.19,,0.4,0.7,1.13,1.39,1.66,1.81,1.85,2.22,2.16
01/25/2022,0.05,0.09,0.19,,0.39,0.65,1.02,1.28,1.56,1.73,1.78,2.18,2.12
01/24/2022,0.05,0.09,0.19,,0.39,0.58,0.99,1.25,1.53,1.69,1.75,2.15,2.1
01/21/2022,0.05,0.08,0.17,,0.35,0.58,1.01,1.28,1.54,1.7,1.75,2.13,2.07
01/20/2022,0.05,0.09,0.17,,0.36,0.6,1.08,1.34,1.62,1.77,1.83,2.19,2.14
01/19/2022,0.05,0.06,0.17,,0.36,0.57,1.04,1.33,1.62,1.78,1.83,2.2,2.14
01/18/2022,0.05,0.06,0.16,,0.37,0.58,1.06,1.35,1.65,1.82,1.87,2.24,2.18
01/14/2022,0.05,0.05,0.13,,0.3,0.51,0.99,1.26,1.55,1.72,1.78,2.18,2.12
01/13/2022,0.05,0.05,0.12,,0.28,0.47,0.91,1.18,1.47,1.64,1.7,2.1,2.05
01/12/2022,0.04,0.06,0.12,,0.27,0.48,0.92,1.21,1.5,1.67,1.74,2.13,2.08
01/11/2022,0.04,0.05,0.11,,0.28,0.46,0.9,1.22,1.51,1.69,1.75,2.13,2.08
01/10/2022,0.05,0.06,0.13,,0.28,0.46,0.92,1.21,1.53,1.71,1.78,2.15,2.11
01/07/2022,0.05,0.05,0.1,,0.24,0.43,0.87,1.17,1.5,1.69,1.76,2.15,2.11
01/06/2022,0.04,0.05,0.1,,0.23,0.45,0.88,1.15,1.47,1.66,1.73,2.12,2.09
01/05/2022,0.05,0.06,0.09,,0.22,0.41,0.83,1.1,1.43,1.62,1.71,2.12,2.09
01/04/2022,0.06,0.05,0.08,,0.22,0.38,0.77,1.02,1.37,1.57,1.66,2.1,2.07
01/03/2022,0.05,0.06,0.08,,0.22,0.4,0.78,1.04,1.37,1.55,1.63,2.05,2.01
12/31/2020,0.08,0.08,0.09,,0.09,0.1,0.13,0.17,0.36,0.65,0.93,1.45,1.65
12/30/2020,0.06,0.06,0.08,,0.09,0.12,0.12,0.17,0.37,0.66,0.93,1.46,1.66
12/29/2020,0.08,0.09,0.1,,0.12,0.11,0.12,0.17,0.37,0.66,0.94,1.47,1.67
12/28/2020,0.09,0.1,0.11,,0.11,0.11,0.13,0.17,0.38,0.65,0.94,1.46,1.67
12/24/2020,0.09,0.09,0.09,,0.09,0.1,0.13,0.17,0.37,0.66,0.94,1.46,1.66
12/23/2020,0.07,0.08,0.09,,0.09,0.09,0.13,0.18,0.38,0.67,0.96,1.49,1.7
12/22/2020,0.07,0.09,0.09,,0.09,0.09,0.13,0.17,0.37,0.64,0.93,1.45,1.65
12/21/2020,0.08,0.09,0.09,,0.09,0.09,0.13,0.18,0.39,0.66,0.95,1.48,1.68
12/18/2020,0.08,0.08,0.08,,0.09,0.09,0.13,0.19,0.39,0.67,0.95,1.49,1.7
12/17/2020,0.08,0.09,0.08,,0.09,0.09,0.13,0.19,0.38,0.66,0.94,1.47,1.68
12/16/2020,0.08,0.08,0.09,,0.09,0.09,0.13,0.18,0.37,0.64,0.92,1.46,1.66
12/15/2020,0.07,0.08,0.08,,0.08,0.09,0.11,0.18,0.37,0.64,0.92,1.45,1.65
12/14/2020,0.07,0.08,0.09,,0.08,0.1,0.13,0.17,0.37,0.63,0.9,1.43,1.63
12/11/2020,0.08,0.08,0.08,,0.08,0.1,0.11,0.18,0.37,0.63,0.9,1.42,1.63
12/10/2020,0.07,0.08,0.08,,0.09,0.1,0.14,0.2,0.39,0.65,0.92,1.44,1.65
12/09/2020,0.07,0.07,0.08,,0.09,0.1,0.16,0.21,0.41,0.68,0.95,1.48,1.69
12/08/2020,0.08,0.08,0.09,,0.09,0.1,0.14,0.2,0.39,0.65,0.92,1.46,1.67
12/07/2020,0.09,0.08,0.08,,0.1,0.1,0.14,0.2,0.4,0.67,0.94,1.49,1.69
12/04/2020,0.07,0.07,0.09,,0.1,0.11,0.16,0.21,0.42,0.7,0.97,1.53,1.73
12/03/2020,0.08,0.08,0.08,,0.09,0.1,0.16,0.21,0.4,0.67,0.92,1.46,1.67
12/02/2020,0.07,0.08,0.09,,0.1,0.11,0.16,0.22,0.42,0.69,0.95,1.5,1.7
12/01/2020,0.07,0.07,0.09,,0.1,0.12,0.17,0.22,0.42,0.68,0.92,1.46,1.66
11/30/2020,0.08,0.08,0.08,,0.09,0.11,0.16,0.19,0.36,0.62,0.84,1.37,1.58
11/27/2020,0.09,0.09,0.09,,0.1,0.11,0.16,0.2,0.37,0.61,0.84,1.36,1.57
11/25/2020,0.07,0.07,0.09,,0.09,0.11,0.17,0.21,0.39,0.65,0.88,1.41,1.62
11/24/2020,0.08,0.08,0.09,,0.1,0.11,0.16,0.22,0.39,0.65,0.88,1.4,1.6
11/23/2020,0.08,0.08,0.08,,0.08,0.1,0.16,0.22,0.39,0.64,0.86,1.36,1.56
11/20/2020,0.09,0.09,0.07,,0.1,0.11,0.16,0.21,0.38,0.62,0.83,1.33,1.53
11/19/2020,0.08,0.08,0.07,,0.1,0.11,0.18,0.22,0.39,0.63,0.86,1.38,1.58
11/18/2020,0.07,0.09,0.09,,0.1,0.11,0.16,0.22,0.4,0.64,0.88,1.42,1.62
11/17/2020,0.08,0.08,0.09,,0.1,0.12,0.18,0.22,0.39,0.63,0.87,1.4,1.62
11/16/2020,0.09,0.1,0.09,,0.12,0.12,0.19,0.24,0.41,0.66,0.91,1.44,1.66
11/13/2020,0.1,0.09,0.09,,0.1,0.12,0.17,0.23,0.41,0.65,0.89,1.43,1.65
11/12/2020,0.1,0.11,0.1,,0.1,0.13,0.17,0.23,0.4,0.64,0.88,1.42,1.64
11/10/2020,0.09,0.09,0.1,,0.11,0.12,0.19,0.26,0.46,0.72,0.98,1.53,1.75
11/09/2020,0.1,0.1,0.11,,0.11,0.12,0.17,0.25,0.44,0.7,0.96,1.51,1.73
11/06/2020,0.1,0.1,0.1,,0.11,0.12,0.16,0.21,0.36,0.59,0.83,1.37,1.6
11/05/2020,0.09,0.1,0.1,,0.1,0.12,0.14,0.18,0.33,0.56,0.79,1.32,1.54
11/04/2020,0.08,0.09,0.1,,0.1,0.12,0.14,0.18,0.33,0.55,0.78,1.33,1.55
11/03/2020,0.09,0.1,0.1,,0.12,0.14,0.17,0.21,0.39,0.65,0.9,1.44,1.66
11/02/2020,0.09,0.09,0.09,,0.11,0.13,0.16,0.2,0.38,0.63,0.87,1.41,1.63
10/30/2020,0.08,0.09,0.09,,0.11,0.13,0.14,0.19,0.38,0.64,0.88,1.43,1.65
10/29/2020,0.08,0.1,0.09,,0.1,0.12,0.16,0.2,0.38,0.61,0.85,1.39,1.62
10/28/2020,0.07,0.09,0.1,,0.11,0.12,0.16,0.19,0.34,0.56,0.79,1.34,1.56
10/27/2020,0.08,0.09,0.1,,0.11,0.12,0.16,0.19,0.34,0.56,0.79,1.34,1.57
10/26/2020,0.08,0.09,0.11,,0.12,0.12,0.16,0.18,0.35,0.58,0.81,1.37,1.59
10/23/2020,0.08,0.09,0.1,,0.11,0.12,0.18,0.21,0.37,0.61,0.85,1.41,1.64
10/22/2020,0.09,0.09,0.09,,0.11,0.13,0.16,0.21,0.38,0.62,0.87,1.43,1.67
10/21/2020,0.08,0.09,0.1,,0.12,0.13,0.14,0.2,0.36,0.58,0.83,1.4,1.62
10/20/2020,0.08,0.09,0.1,,0.12,0.13,0.14,0.19,0.34,0.57,0.81,1.37,1.6
10/19/2020,0.09,0.1,0.11,,0.11,0.13,0.16,0.19,0.34,0.54,0.78,1.32,1.55
10/16/2020,0.09,0.1,0.11,,0.12,0.12,0.14,0.18,0.32,0.53,0.76,1.3,1.52
10/15/2020,0.1,0.1,0.11,,0.12,0.12,0.14,0.18,0.32,0.52,0.74,1.29,1.52
10/14/2020,0.1,0.1,0.12,,0.12,0.13,0.14,0.18,0.3,0.51,0.73,1.28,1.5
10/13/2020,0.09,0.09,0.11,,0.12,0.13,0.16,0.18,0.31,0.52,0.74,1.29,1.52
10/09/2020,0.1,0.11,0.1,,0.12,0.15,0.16,0.2,0.34,0.55,0.79,1.34,1.58
10/08/2020,0.09,0.09,0.09,,0.12,0.13,0.13,0.18,0.33,0.54,0.78,1.34,1.57
10/07/2020,0.08,0.09,0.1,,0.12,0.13,0.16,0.21,0.35,0.56,0.81,1.37,1.6
10/06/2020,0.08,0.09,0.1,,0.11,0.14,0.14,0.17,0.32,0.53,0.76,1.33,1.56
10/05/2020,0.09,0.1,0.1,,0.11,0.12,0.14,0.19,0.33,0.55,0.78,1.34,1.57
10/02/2020,0.1,0.09,0.09,,0.11,0.12,0.13,0.16,0.28,0.48,0.7,1.25,1.48
10/01/2020,0.09,0.09,0.09,,0.1,0.12,0.14,0.16,0.27,0.46,0.68,1.23,1.45
09/30/2020,0.08,0.08,0.1,,0.11,0.12,0.13,0.16,0.28,0.47,0.69,1.23,1.46
09/29/2020,0.07,0.08,0.09,,0.11,0.12,0.11,0.13,0.24,0.44,0.66,1.19,1.41
09/28/2020,0.09,0.1,0.11,,0.11,0.12,0.14,0.16,0.26,0.46,0.67,1.2,1.42
09/25/2020,0.08,0.09,0.1,,0.11,0.12,0.12,0.15,0.26,0.45,0.66,1.19,1.4
09/24/2020,0.08,0.09,0.1,,0.11,0.12,0.14,0.16,0.27,0.46,0.67,1.19,1.4
09/23/2020,0.08,0.09,0.11,,0.11,0.13,0.14,0.15,0.28,0.46,0.68,1.21,1.42
09/22/2020,0.08,0.09,0.1,,0.11,0.12,0.13,0.15,0.27,0.46,0.68,1.21,1.42
09/21/2020,0.09,0.1,0.1,,0.11,0.12,0.14,0.16,0.27,0.46,0.68,1.22,1.43
09/18/2020,0.09,0.1,0.1,,0.12,0.13,0.14,0.16,0.29,0.48,0.7,1.24,1.45
09/17/2020,0.09,0.09,0.09,,0.11,0.12,0.13,0.16,0.28,0.47,0.69,1.22,1.43
09/16/2020,0.08,0.11,0.12,,0.12,0.12,0.14,0.16,0.28,0.47,0.69,1.23,1.45
09/15/2020,0.09,0.1,0.11,,0.12,0.13,0.14,0.16,0.27,0.46,0.68,1.21,1.43
09/14/2020,0.1,0.11,0.11,,0.13,0.14,0.14,0.16,0.27,0.46,0.68,1.21,1.42
09/11/2020,0.1,0.11,0.11,,0.12,0.13,0.13,0.16,0.26,0.45,0.67,1.21,1.42
09/10/2020,0.1,0.11,0.12,,0.12,0.15,0.14,0.17,0.26,0.46,0.68,1.22,1.43
09/09/2020,0.1,0.11,0.12,,0.14,0.14,0.14,0.17,0.28,0.48,0.71,1.25,1.45
09/08/2020,0.1,0.1,0.13,,0.14,0.15,0.14,0.17,0.28,0.47,0.69,1.22,1.43
09/04/2020,0.09,0.1,0.11,,0.12,0.13,0.14,0.18,0.3,0.5,0.72,1.25,1.46
09/03/2020,0.1,0.11,0.11,,0.12,0.12,0.13,0.15,0.24,0.43,0.63,1.13,1.34
09/02/2020,0.1,0.1,0.12,,0.12,0.13,0.14,0.16,0.26,0.45,0.66,1.16,1.38
09/01/2020,0.09,0.11,0.12,,0.13,0.12,0.13,0.14,0.26,0.46,0.68,1.2,1.43
08/31/2020,0.08,0.1,0.11,,0.13,0.12,0.14,0.15,0.28,0.5,0.72,1.26,1.49
08/28/2020,0.09,0.09,0.1,,0.11,0.12,0.14,0.16,0.28,0.51,0.74,1.29,1.52
08/27/2020,0.09,0.1,0.11,,0.11,0.13,0.16,0.19,0.31,0.53,0.74,1.28,1.5
08/26/2020,0.08,0.1,0.11,,0.12,0.12,0.16,0.18,0.28,0.5,0.69,1.2,1.41
08/25/2020,0.08,0.1,0.11,,0.12,0.13,0.15,0.18,0.3,0.49,0.69,1.18,1.39
08/24/2020,0.09,0.1,0.12,,0.12,0.14,0.14,0.18,0.28,0.47,0.65,1.14,1.35
08/21/2020,0.07,0.09,0.1,,0.12,0.13,0.16,0.16,0.27,0.46,0.64,1.13,1.35
08/20/2020,0.08,0.09,0.11,,0.13,0.12,0.13,0.15,0.26,0.46,0.65,1.15,1.38
08/19/2020,0.07,0.09,0.11,,0.12,0.13,0.14,0.17,0.29,0.48,0.68,1.2,1.42
08/18/2020,0.08,0.09,0.09,,0.13,0.13,0.14,0.17,0.27,0.47,0.67,1.16,1.4
08/17/2020,0.09,0.1,0.1,,0.12,0.13,0.14,0.18,0.29,0.49,0.69,1.19,1.43
08/14/2020,0.09,0.1,0.1,,0.12,0.13,0.14,0.18,0.29,0.51,0.71,1.21,1.45
08/13/2020,0.08,0.1,0.1,,0.12,0.14,0.16,0.19,0.32,0.52,0.71,1.2,1.42
08/12/2020,0.08,0.1,0.11,,0.12,0.13,0.16,0.19,0.3,0.5,0.69,1.15,1.37
08/11/2020,0.08,0.1,0.11,,0.12,0.15,0.16,0.18,0.27,0.46,0.64,1.1,1.32
08/10/2020,0.09,0.11,0.11,,0.13,0.13,0.14,0.15,0.24,0.42,0.59,1.04,1.25
08/07/2020,0.08,0.09,0.1,,0.12,0.14,0.13,0.14,0.23,0.41,0.57,1.01,1.23
08/06/2020,0.07,0.11,0.1,,0.11,0.14,0.11,0.13,0.21,0.39,0.55,0.98,1.2
08/05/2020,0.08,0.09,0.1,,0.12,0.12,0.11,0.13,0.22,0.39,0.55,1,1.22
08/04/2020,0.09,0.09,0.09,,0.11,0.14,0.11,0.1,0.19,0.36,0.52,0.96,1.19
08/03/2020,0.09,0.09,0.1,,0.11,0.12,0.11,0.13,0.22,0.4,0.56,1.01,1.23
07/31/2020,0.09,0.09,0.09,,0.1,0.11,0.11,0.11,0.21,0.39,0.55,0.98,1.2
07/30/2020,0.1,0.1,0.09,,0.11,0.11,0.11,0.14,0.23,0.4,0.55,0.98,1.2
07/29/2020,0.09,0.1,0.11,,0.12,0.13,0.12,0.15,0.25,0.43,0.58,1.03,1.24
07/28/2020,0.09,0.11,0.11,,0.12,0.14,0.14,0.16,0.26,0.44,0.59,1.01,1.22
07/27/2020,0.1,0.1,0.11,,0.14,0.14,0.15,0.18,0.3,0.46,0.62,1.05,1.25
07/24/2020,0.1,0.11,0.11,,0.14,0.16,0.14,0.17,0.27,0.44,0.59,1.03,1.23
07/23/2020,0.09,0.11,0.12,,0.13,0.14,0.16,0.16,0.27,0.44,0.59,1.03,1.24
07/22/2020,0.09,0.12,0.13,,0.14,0.14,0.14,0.17,0.27,0.45,0.6,1.08,1.29
07/21/2020,0.09,0.11,0.13,,0.13,0.15,0.14,0.17,0.27,0.45,0.61,1.09,1.31
07/20/2020,0.11,0.12,0.13,,0.14,0.14,0.16,0.18,0.29,0.47,0.62,1.1,1.32
07/17/2020,0.11,0.11,0.11,,0.13,0.14,0.14,0.18,0.29,0.47,0.64,1.11,1.33
07/16/2020,0.12,0.11,0.11,,0.13,0.14,0.16,0.17,0.28,0.46,0.62,1.09,1.31
07/15/2020,0.12,0.13,0.16,,0.15,0.15,0.16,0.18,0.28,0.47,0.64,1.11,1.33
07/14/2020,0.11,0.14,0.15,,0.14,0.17,0.14,0.19,0.28,0.47,0.63,1.09,1.3
07/13/2020,0.11,0.12,0.14,,0.15,0.16,0.16,0.19,0.3,0.48,0.64,1.11,1.33
07/10/2020,0.1,0.12,0.13,,0.15,0.15,0.16,0.19,0.3,0.49,0.65,1.12,1.33
07/09/2020,0.11,0.12,0.13,,0.16,0.15,0.16,0.18,0.28,0.46,0.62,1.09,1.32
07/08/2020,0.11,0.13,0.15,,0.17,0.15,0.16,0.19,0.3,0.49,0.67,1.16,1.39
07/07/2020,0.12,0.14,0.15,,0.17,0.15,0.16,0.19,0.29,0.48,0.65,1.15,1.38
07/06/2020,0.12,0.14,0.15,,0.16,0.16,0.16,0.19,0.31,0.51,0.69,1.21,1.45
07/02/2020,0.13,0.14,0.14,,0.16,0.16,0.16,0.19,0.29,0.5,0.68,1.2,1.43
07/01/2020,0.12,0.12,0.14,,0.17,0.16,0.17,0.19,0.31,0.52,0.69,1.2,1.43
06/30/2020,0.13,0.14,0.16,,0.18,0.16,0.16,0.18,0.29,0.49,0.66,1.18,1.41
06/29/2020,0.11,0.14,0.14,,0.18,0.16,0.16,0.18,0.28,0.47,0.64,1.16,1.39
06/26/2020,0.12,0.15,0.14,,0.17,0.17,0.17,0.19,0.3,0.49,0.64,1.15,1.37
06/25/2020,0.13,0.14,0.16,,0.17,0.17,0.17,0.21,0.32,0.53,0.68,1.2,1.43
06/24/2020,0.11,0.14,0.15,,0.17,0.17,0.19,0.21,0.33,0.52,0.69,1.21,1.44
06/23/2020,0.12,0.14,0.16,,0.17,0.18,0.18,0.22,0.33,0.54,0.72,1.25,1.49
06/22/2020,0.14,0.15,0.16,,0.18,0.17,0.19,0.22,0.34,0.54,0.71,1.23,1.46
06/19/2020,0.13,0.14,0.15,,0.17,0.18,0.19,0.22,0.33,0.53,0.7,1.23,1.47
06/18/2020,0.13,0.14,0.16,,0.17,0.19,0.19,0.22,0.34,0.54,0.71,1.24,1.47
06/17/2020,0.13,0.15,0.17,,0.18,0.19,0.19,0.23,0.34,0.55,0.74,1.3,1.52
06/16/2020,0.14,0.15,0.17,,0.19,0.18,0.21,0.23,0.34,0.56,0.75,1.31,1.54
06/15/2020,0.15,0.16,0.18,,0.19,0.17,0.19,0.22,0.33,0.54,0.71,1.24,1.45
06/12/2020,0.14,0.15,0.16,,0.18,0.18,0.19,0.22,0.33,0.54,0.71,1.24,1.45
06/11/2020,0.14,0.16,0.17,,0.18,0.19,0.19,0.22,0.32,0.51,0.66,1.19,1.41
06/10/2020,0.13,0.16,0.17,,0.19,0.18,0.17,0.22,0.33,0.56,0.75,1.31,1.53
06/09/2020,0.14,0.17,0.19,,0.19,0.19,0.2,0.25,0.4,0.65,0.84,1.37,1.59
06/08/2020,0.15,0.15,0.17,,0.19,0.19,0.22,0.29,0.45,0.69,0.88,1.43,1.65
06/05/2020,0.13,0.14,0.15,,0.18,0.18,0.22,0.29,0.47,0.71,0.91,1.46,1.68
06/04/2020,0.13,0.15,0.15,,0.18,0.17,0.19,0.26,0.4,0.63,0.82,1.38,1.61
06/03/2020,0.12,0.14,0.16,,0.19,0.17,0.19,0.26,0.38,0.59,0.77,1.32,1.56
06/02/2020,0.12,0.13,0.15,,0.18,0.17,0.17,0.2,0.32,0.52,0.68,1.24,1.48
06/01/2020,0.12,0.14,0.14,,0.18,0.17,0.14,0.2,0.31,0.5,0.66,1.22,1.46
05/29/2020,0.13,0.14,0.14,,0.18,0.17,0.16,0.19,0.3,0.5,0.65,1.18,1.41
05/28/2020,0.14,0.15,0.15,,0.18,0.17,0.17,0.22,0.34,0.54,0.7,1.23,1.47
05/27/2020,0.11,0.14,0.15,,0.17,0.18,0.19,0.22,0.34,0.52,0.68,1.19,1.44
05/26/2020,0.1,0.12,0.14,,0.17,0.17,0.18,0.22,0.35,0.53,0.69,1.19,1.43
05/22/2020,0.09,0.11,0.12,,0.16,0.17,0.17,0.21,0.34,0.51,0.66,1.12,1.37
05/21/2020,0.09,0.11,0.12,,0.14,0.16,0.17,0.21,0.35,0.53,0.68,1.16,1.4
05/20/2020,0.08,0.11,0.12,,0.14,0.16,0.16,0.21,0.34,0.53,0.68,1.19,1.4
05/19/2020,0.09,0.11,0.13,,0.15,0.16,0.17,0.22,0.35,0.54,0.7,1.15,1.43
05/18/2020,0.1,0.11,0.13,,0.15,0.17,0.18,0.24,0.38,0.57,0.73,1.17,1.44
05/15/2020,0.09,0.09,0.12,,0.15,0.15,0.16,0.19,0.31,0.49,0.64,1.05,1.32
05/14/2020,0.09,0.1,0.12,,0.15,0.15,0.16,0.2,0.31,0.48,0.63,1.03,1.3
05/13/2020,0.1,0.1,0.13,,0.15,0.15,0.16,0.2,0.31,0.5,0.64,1.07,1.35
05/12/2020,0.1,0.11,0.13,,0.16,0.16,0.17,0.22,0.34,0.53,0.69,1.11,1.38
05/11/2020,0.09,0.11,0.12,,0.16,0.16,0.17,0.24,0.36,0.56,0.73,1.16,1.43
05/08/2020,0.1,0.11,0.12,,0.15,0.15,0.16,0.21,0.33,0.53,0.69,1.12,1.39
05/07/2020,0.1,0.11,0.11,,0.14,0.15,0.13,0.19,0.29,0.49,0.63,1.05,1.31
05/06/2020,0.08,0.1,0.12,,0.16,0.16,0.17,0.24,0.37,0.57,0.72,1.16,1.41
05/05/2020,0.09,0.11,0.13,,0.15,0.16,0.19,0.24,0.36,0.53,0.66,1.07,1.32
05/04/2020,0.1,0.1,0.13,,0.14,0.16,0.19,0.24,0.36,0.52,0.64,1.05,1.29
05/01/2020,0.1,0.11,0.12,,0.12,0.17,0.2,0.25,0.36,0.53,0.64,1.04,1.27
04/30/2020,0.1,0.1,0.09,,0.11,0.16,0.2,0.24,0.36,0.53,0.64,1.05,1.28
04/29/2020,0.1,0.09,0.1,,0.12,0.18,0.2,0.24,0.36,0.52,0.63,1.02,1.24
04/28/2020,0.08,0.09,0.11,,0.13,0.16,0.2,0.26,0.37,0.52,0.62,1,1.2
04/27/2020,0.09,0.13,0.12,,0.15,0.17,0.24,0.29,0.41,0.56,0.67,1.06,1.25
04/24/2020,0.1,0.11,0.12,,0.14,0.18,0.22,0.26,0.36,0.51,0.6,0.98,1.17
04/23/2020,0.09,0.12,0.11,,0.14,0.17,0.22,0.26,0.37,0.51,0.61,0.99,1.18
04/22/2020,0.09,0.09,0.12,,0.14,0.16,0.22,0.26,0.37,0.52,0.63,1.03,1.22
04/21/2020,0.08,0.08,0.11,,0.14,0.17,0.2,0.24,0.34,0.48,0.58,0.98,1.17
04/20/2020,0.1,0.1,0.12,,0.15,0.15,0.2,0.26,0.35,0.51,0.63,1.04,1.23
04/17/2020,0.12,0.12,0.12,,0.16,0.16,0.2,0.26,0.36,0.53,0.65,1.08,1.27
04/16/2020,0.14,0.15,0.14,,0.18,0.17,0.2,0.25,0.35,0.5,0.61,1.01,1.21
04/15/2020,0.14,0.15,0.14,,0.19,0.19,0.2,0.24,0.34,0.49,0.63,1.06,1.27
04/14/2020,0.17,0.19,0.2,,0.24,0.25,0.23,0.29,0.42,0.61,0.76,1.19,1.41
04/13/2020,0.17,0.29,0.26,,0.27,0.27,0.25,0.31,0.44,0.63,0.76,1.19,1.39
04/09/2020,0.2,0.27,0.25,,0.24,0.25,0.23,0.29,0.41,0.6,0.73,1.15,1.35
04/08/2020,0.14,0.17,0.22,,0.24,0.23,0.27,0.34,0.47,0.65,0.77,1.18,1.37
04/07/2020,0.1,0.13,0.14,,0.2,0.2,0.28,0.36,0.48,0.64,0.75,1.13,1.32
04/06/2020,0.09,0.13,0.15,,0.17,0.2,0.27,0.35,0.44,0.58,0.67,1.08,1.27
04/03/2020,0.09,0.11,0.1,,0.15,0.15,0.23,0.3,0.39,0.52,0.62,1.05,1.24
04/02/2020,0.09,0.1,0.09,,0.15,0.14,0.23,0.29,0.39,0.53,0.63,1.04,1.26
04/01/2020,0.03,0.07,0.09,,0.14,0.16,0.23,0.28,0.37,0.51,0.62,1.04,1.27
03/31/2020,0.05,0.12,0.11,,0.15,0.17,0.23,0.29,0.37,0.55,0.7,1.15,1.35
03/30/2020,0.04,0.07,0.12,,0.12,0.14,0.23,0.29,0.39,0.57,0.7,1.1,1.31
03/27/2020,0.01,0.03,0.03,,0.02,0.11,0.25,0.3,0.41,0.6,0.72,1.09,1.29
03/26/2020,0.01,0.01,0,,0.04,0.13,0.3,0.36,0.51,0.72,0.83,1.2,1.42
03/25/2020,0,0,0,,0.07,0.19,0.34,0.41,0.56,0.77,0.88,1.23,1.45
03/24/2020,0.01,0.01,0.01,,0.09,0.25,0.38,0.44,0.52,0.75,0.84,1.19,1.39
03/23/2020,0.01,0.04,0.02,,0.08,0.17,0.28,0.31,0.38,0.63,0.76,1.12,1.33
03/20/2020,0.04,0.05,0.05,,0.05,0.15,0.37,0.41,0.52,0.82,0.92,1.35,1.55
03/19/2020,0.04,0.04,0.04,,0.06,0.2,0.44,0.53,0.66,1,1.12,1.56,1.78
03/18/2020,0.04,0.03,0.02,,0.08,0.21,0.54,0.66,0.79,1.08,1.18,1.6,1.77
03/17/2020,0.12,0.18,0.19,,0.24,0.3,0.47,0.54,0.66,0.91,1.02,1.45,1.63
03/16/2020,0.25,0.25,0.24,,0.29,0.29,0.36,0.43,0.49,0.67,0.73,1.1,1.34
03/13/2020,0.33,0.3,0.28,,0.38,0.38,0.49,0.58,0.7,0.89,0.94,1.31,1.56
03/12/2020,0.41,0.33,0.33,,0.37,0.39,0.5,0.58,0.66,0.82,0.88,1.27,1.49
03/11/2020,0.42,0.42,0.42,,0.4,0.4,0.5,0.58,0.66,0.78,0.82,1.13,1.3
03/10/2020,0.57,0.55,0.44,,0.43,0.43,0.5,0.58,0.63,0.73,0.76,1.16,1.28
03/09/2020,0.57,0.52,0.33,,0.27,0.31,0.38,0.4,0.46,0.56,0.54,0.87,0.99
03/06/2020,0.79,0.64,0.45,,0.41,0.39,0.49,0.53,0.58,0.69,0.74,1.09,1.25
03/05/2020,0.92,0.83,0.62,,0.53,0.48,0.59,0.61,0.67,0.81,0.92,1.34,1.56
03/04/2020,1,0.87,0.72,,0.68,0.59,0.67,0.68,0.75,0.9,1.02,1.45,1.67
03/03/2020,1.11,1.05,0.95,,0.83,0.73,0.71,0.72,0.77,0.91,1.02,1.44,1.64
03/02/2020,1.41,1.27,1.13,,0.95,0.89,0.84,0.85,0.88,1.01,1.1,1.46,1.66
02/28/2020,1.45,1.37,1.27,,1.11,0.97,0.86,0.85,0.89,1.03,1.13,1.46,1.65
02/27/2020,1.56,1.53,1.45,,1.33,1.18,1.11,1.08,1.11,1.22,1.3,1.61,1.79
02/26/2020,1.59,1.56,1.53,,1.42,1.26,1.16,1.14,1.14,1.25,1.33,1.64,1.81
02/25/2020,1.59,1.58,1.53,,1.47,1.3,1.2,1.16,1.16,1.25,1.33,1.63,1.8
02/24/2020,1.6,1.59,1.53,,1.49,1.35,1.26,1.21,1.21,1.3,1.38,1.68,1.84
02/21/2020,1.6,1.6,1.56,,1.53,1.43,1.34,1.3,1.3,1.39,1.46,1.75,1.9
02/20/2020,1.61,1.6,1.58,,1.55,1.46,1.39,1.35,1.37,1.45,1.52,1.81,1.97
02/19/2020,1.61,1.61,1.58,,1.56,1.47,1.42,1.39,1.41,1.5,1.56,1.86,2.01
02/18/2020,1.61,1.6,1.58,,1.56,1.47,1.41,1.37,1.39,1.48,1.55,1.85,2
02/14/2020,1.6,1.6,1.58,,1.56,1.49,1.42,1.4,1.42,1.51,1.59,1.89,2.04
02/13/2020,1.59,1.59,1.59,,1.56,1.48,1.44,1.42,1.43,1.53,1.61,1.91,2.07
02/12/2020,1.57,1.59,1.58,,1.56,1.49,1.44,1.42,1.45,1.55,1.62,1.93,2.09
02/11/2020,1.57,1.58,1.57,,1.55,1.48,1.41,1.39,1.4,1.5,1.59,1.89,2.05
02/10/2020,1.58,1.58,1.58,,1.58,1.45,1.37,1.36,1.38,1.47,1.56,1.87,2.03
02/07/2020,1.57,1.58,1.56,,1.57,1.49,1.41,1.39,1.41,1.51,1.59,1.89,2.05
02/06/2020,1.59,1.59,1.57,,1.58,1.51,1.44,1.43,1.45,1.56,1.65,1.94,2.11
02/05/2020,1.55,1.56,1.57,,1.57,1.49,1.44,1.43,1.46,1.57,1.66,1.97,2.14
02/04/2020,1.55,1.57,1.57,,1.57,1.48,1.41,1.4,1.42,1.52,1.61,1.91,2.08
02/03/2020,1.56,1.57,1.57,,1.56,1.46,1.36,1.34,1.35,1.45,1.54,1.84,2.01
01/31/2020,1.56,1.57,1.55,,1.54,1.45,1.33,1.3,1.32,1.42,1.51,1.83,1.99
01/30/2020,1.59,1.58,1.57,,1.57,1.48,1.41,1.37,1.39,1.49,1.57,1.88,2.04
01/29/2020,1.52,1.55,1.56,,1.57,1.51,1.42,1.39,1.41,1.51,1.6,1.89,2.05
01/28/2020,1.53,1.57,1.57,,1.58,1.53,1.45,1.45,1.47,1.56,1.65,1.95,2.1
01/27/2020,1.53,1.55,1.55,,1.57,1.53,1.44,1.41,1.44,1.52,1.61,1.91,2.05
01/24/2020,1.54,1.55,1.54,,1.55,1.55,1.49,1.48,1.51,1.61,1.7,2,2.14
01/23/2020,1.55,1.57,1.55,,1.56,1.55,1.51,1.51,1.55,1.65,1.74,2.03,2.18
01/22/2020,1.52,1.53,1.55,,1.56,1.55,1.53,1.52,1.57,1.68,1.77,2.07,2.22
01/21/2020,1.52,1.54,1.56,,1.57,1.54,1.53,1.53,1.57,1.69,1.78,2.1,2.23
01/17/2020,1.54,1.56,1.56,,1.57,1.56,1.58,1.56,1.63,1.74,1.84,2.16,2.29
01/16/2020,1.54,1.56,1.55,,1.56,1.54,1.58,1.58,1.63,1.73,1.81,2.11,2.26
01/15/2020,1.53,1.56,1.57,,1.58,1.54,1.56,1.56,1.6,1.71,1.79,2.09,2.23
01/14/2020,1.53,1.56,1.57,,1.57,1.53,1.58,1.59,1.63,1.74,1.82,2.12,2.27
01/13/2020,1.54,1.56,1.57,,1.57,1.53,1.58,1.6,1.65,1.76,1.85,2.16,2.3
01/10/2020,1.52,1.55,1.54,,1.55,1.53,1.56,1.59,1.63,1.74,1.83,2.14,2.28
01/09/2020,1.53,1.55,1.54,,1.56,1.54,1.58,1.59,1.65,1.77,1.85,2.17,2.38
01/08/2020,1.5,1.53,1.54,,1.56,1.55,1.58,1.61,1.67,1.78,1.87,2.21,2.35
01/07/2020,1.52,1.53,1.54,,1.56,1.53,1.54,1.55,1.62,1.74,1.83,2.16,2.31
01/06/2020,1.54,1.54,1.56,,1.56,1.54,1.54,1.56,1.61,1.72,1.81,2.13,2.28
01/03/2020,1.52,1.55,1.52,,1.55,1.55,1.53,1.54,1.59,1.71,1.8,2.11,2.26
01/02/2020,1.53,1.55,1.54,,1.57,1.56,1.58,1.59,1.67,1.79,1.88,2.19,2.33
12/31/2015,0.14,,0.16,,0.49,0.65,1.06,1.31,1.76,2.09,2.27,2.67,3.01
12/30/2015,0.08,,0.21,,0.47,0.64,1.08,1.36,1.8,2.14,2.31,2.69,3.04
12/29/2015,0.18,,0.23,,0.5,0.67,1.09,1.38,1.81,2.12,2.32,2.69,3.04
12/28/2015,0.13,,0.23,,0.51,0.66,1.05,1.33,1.73,2.05,2.24,2.59,2.95
12/24/2015,0.15,,0.2,,0.49,0.64,1.03,1.33,1.73,2.06,2.25,2.61,2.96
12/23/2015,0.19,,0.2,,0.47,0.65,1.01,1.32,1.74,2.07,2.27,2.64,3
12/22/2015,0.19,,0.21,,0.47,0.66,0.99,1.31,1.71,2.04,2.24,2.6,2.96
12/21/2015,0.14,,0.24,,0.51,0.64,0.96,1.28,1.67,2,2.2,2.55,2.92
12/18/2015,0.16,,0.19,,0.47,0.67,0.97,1.27,1.67,2,2.19,2.54,2.9
12/17/2015,0.18,,0.23,,0.48,0.69,1,1.33,1.73,2.05,2.24,2.57,2.94
12/16/2015,0.2,,0.27,,0.51,0.7,1.02,1.35,1.75,2.11,2.3,2.65,3.02
12/15/2015,0.21,,0.25,,0.54,0.69,0.98,1.29,1.71,2.06,2.28,2.62,3
12/14/2015,0.13,,0.26,,0.54,0.68,0.97,1.25,1.66,2.02,2.23,2.59,2.96
12/11/2015,0.15,,0.23,,0.52,0.68,0.88,1.16,1.56,1.91,2.13,2.49,2.87
12/10/2015,0.19,,0.24,,0.55,0.71,0.95,1.25,1.68,2.03,2.24,2.6,2.98
12/09/2015,0.19,,0.26,,0.53,0.72,0.93,1.22,1.64,1.99,2.22,2.59,2.97
12/08/2015,0.23,,0.27,,0.58,0.76,0.94,1.25,1.68,2.02,2.24,2.61,2.97
12/07/2015,0.21,,0.29,,0.57,0.67,0.94,1.24,1.67,2.02,2.23,2.59,2.95
12/04/2015,0.17,,0.23,,0.49,0.6,0.96,1.25,1.71,2.06,2.28,2.65,3.01
12/03/2015,0.18,,0.21,,0.45,0.57,0.96,1.27,1.74,2.1,2.33,2.72,3.07
12/02/2015,0.19,,0.21,,0.42,0.52,0.94,1.23,1.63,1.97,2.18,2.55,2.91
12/01/2015,0.19,,0.21,,0.42,0.51,0.91,1.19,1.59,1.93,2.15,2.55,2.91
11/30/2015,0.11,,0.22,,0.42,0.51,0.94,1.24,1.65,1.99,2.21,2.63,2.98
11/27/2015,0.13,,0.18,,0.38,0.5,0.92,1.23,1.64,1.99,2.22,2.64,3
11/25/2015,0.14,,0.19,,0.39,0.52,0.93,1.25,1.66,2.01,2.23,2.64,3
11/24/2015,0.13,,0.16,,0.36,0.52,0.93,1.23,1.66,2.01,2.24,2.65,3
11/23/2015,0.06,,0.14,,0.35,0.5,0.94,1.26,1.7,2.03,2.25,2.66,3
11/20/2015,0.05,,0.12,,0.31,0.49,0.93,1.23,1.7,2.04,2.26,2.68,3.02
11/19/2015,0.06,,0.11,,0.31,0.49,0.91,1.21,1.68,2.02,2.24,2.66,3
11/18/2015,0.07,,0.12,,0.31,0.49,0.9,1.21,1.69,2.04,2.27,2.7,3.04
11/17/2015,0.07,,0.14,,0.34,0.5,0.86,1.18,1.66,2.02,2.25,2.69,3.04
11/16/2015,0.05,,0.15,,0.33,0.5,0.88,1.18,1.66,2.02,2.27,2.72,3.07
11/13/2015,0.03,,0.14,,0.31,0.5,0.86,1.2,1.67,2.05,2.28,2.72,3.06
11/12/2015,0.08,,0.14,,0.35,0.51,0.89,1.24,1.73,2.09,2.32,2.75,3.09
11/10/2015,0.08,,0.13,,0.34,0.51,0.87,1.22,1.72,2.08,2.32,2.76,3.1
11/09/2015,0.06,,0.14,,0.34,0.47,0.89,1.27,1.75,2.11,2.36,2.79,3.12
11/06/2015,0.04,,0.08,,0.32,0.47,0.9,1.23,1.73,2.09,2.34,2.76,3.09
11/05/2015,0.04,,0.05,,0.27,0.42,0.85,1.16,1.65,2,2.26,2.68,3.01
11/04/2015,0.07,,0.05,,0.27,0.4,0.84,1.16,1.64,1.99,2.25,2.66,3
11/03/2015,0.07,,0.06,,0.26,0.39,0.8,1.1,1.59,1.96,2.23,2.65,3
11/02/2015,0.01,,0.08,,0.27,0.37,0.77,1.08,1.57,1.93,2.2,2.6,2.95
10/30/2015,0.01,,0.08,,0.23,0.34,0.75,1.05,1.52,1.88,2.16,2.57,2.93
10/29/2015,0.02,,0.07,,0.21,0.33,0.75,1.05,1.53,1.9,2.19,2.6,2.96
10/28/2015,0.03,,0.04,,0.21,0.33,0.73,1,1.47,1.83,2.1,2.5,2.87
10/27/2015,0.01,,0.03,,0.18,0.29,0.65,0.92,1.38,1.75,2.05,2.48,2.86
10/26/2015,0.01,,0.02,,0.16,0.25,0.66,0.94,1.41,1.78,2.07,2.5,2.87
10/23/2015,0.01,,0.01,,0.13,0.24,0.66,0.94,1.43,1.81,2.09,2.54,2.9
10/22/2015,0.02,,0,,0.11,0.23,0.61,0.89,1.36,1.74,2.04,2.48,2.87
10/21/2015,0.01,,0.01,,0.12,0.23,0.64,0.91,1.37,1.74,2.04,2.48,2.87
10/20/2015,0.08,,0.02,,0.12,0.23,0.66,0.93,1.4,1.78,2.08,2.53,2.92
10/19/2015,0.06,,0.02,,0.12,0.23,0.61,0.89,1.35,1.73,2.04,2.48,2.89
10/16/2015,0.03,,0.01,,0.07,0.23,0.61,0.91,1.36,1.73,2.04,2.46,2.87
10/15/2015,0,,0.01,,0.08,0.22,0.61,0.9,1.34,1.72,2.04,2.46,2.87
10/14/2015,0,,0,,0.08,0.21,0.57,0.84,1.29,1.66,1.99,2.42,2.84
10/13/2015,0,,0.01,,0.08,0.27,0.64,0.92,1.36,1.74,2.06,2.49,2.89
10/09/2015,0.01,,0.01,,0.07,0.28,0.65,0.96,1.41,1.8,2.12,2.55,2.94
10/08/2015,0,,0,,0.07,0.27,0.65,0.93,1.4,1.79,2.12,2.56,2.96
10/07/2015,0,,0,,0.08,0.27,0.65,0.92,1.37,1.75,2.08,2.51,2.89
10/06/2015,0,,0,,0.07,0.26,0.61,0.9,1.34,1.72,2.05,2.5,2.88
10/05/2015,0,,0.01,,0.06,0.26,0.61,0.89,1.35,1.74,2.07,2.52,2.9
10/02/2015,0,,0,,0.06,0.25,0.58,0.85,1.29,1.67,1.99,2.44,2.82
10/01/2015,0,,0,,0.08,0.31,0.64,0.92,1.37,1.75,2.05,2.49,2.85
09/30/2015,0,,0,,0.08,0.33,0.64,0.92,1.37,1.75,2.06,2.51,2.87
09/29/2015,0,,0.01,,0.09,0.33,0.64,0.92,1.37,1.74,2.05,2.48,2.85
09/28/2015,0,,0.01,,0.1,0.34,0.67,0.97,1.42,1.8,2.1,2.51,2.87
09/25/2015,0,,0,,0.07,0.35,0.7,1,1.48,1.87,2.17,2.6,2.96
09/24/2015,0,,0.01,,0.09,0.32,0.67,0.97,1.44,1.84,2.13,2.55,2.91
09/23/2015,0,,0.01,,0.09,0.34,0.7,1,1.47,1.85,2.16,2.6,2.95
09/22/2015,0,,0,,0.1,0.35,0.69,0.97,1.44,1.83,2.14,2.6,2.94
09/21/2015,0,,0.01,,0.11,0.36,0.72,1.01,1.51,1.9,2.2,2.67,3.02
09/18/2015,0,,0,,0.1,0.35,0.69,0.97,1.45,1.83,2.13,2.58,2.93
09/17/2015,0,,0.01,,0.16,0.39,0.7,1,1.5,1.9,2.21,2.69,3.02
09/16/2015,0,,0.06,,0.24,0.46,0.82,1.13,1.62,2.01,2.3,2.75,3.08
09/15/2015,0,,0.07,,0.27,0.47,0.82,1.12,1.61,1.99,2.28,2.73,3.06
09/14/2015,0.02,,0.07,,0.26,0.4,0.73,1.03,1.51,1.88,2.18,2.62,2.95
09/11/2015,0.04,,0.04,,0.25,0.4,0.71,1.03,1.52,1.89,2.2,2.63,2.95
09/10/2015,0.02,,0.02,,0.25,0.39,0.75,1.06,1.55,1.93,2.23,2.66,2.98
09/09/2015,0.02,,0.03,,0.26,0.39,0.75,1.06,1.53,1.91,2.21,2.64,2.96
09/08/2015,0.02,,0.06,,0.27,0.39,0.74,1.05,1.53,1.92,2.2,2.66,2.97
09/04/2015,0.02,,0.02,,0.23,0.36,0.71,1,1.47,1.85,2.13,2.58,2.89
09/03/2015,0.02,,0.02,,0.24,0.36,0.71,1,1.49,1.9,2.18,2.64,2.95
09/02/2015,0.01,,0.03,,0.25,0.37,0.72,1.04,1.52,1.92,2.2,2.66,2.97
09/01/2015,0.01,,0.03,,0.26,0.39,0.7,1.03,1.49,1.89,2.17,2.62,2.93
08/31/2015,0,,0.08,,0.27,0.39,0.74,1.07,1.54,1.94,2.21,2.64,2.95
08/28/2015,0.02,,0.06,,0.25,0.38,0.72,1.04,1.52,1.92,2.19,2.61,2.92
08/27/2015,0.02,,0.06,,0.22,0.36,0.68,0.99,1.49,1.91,2.18,2.61,2.93
08/26/2015,0.03,,0.06,,0.2,0.35,0.67,0.98,1.49,1.9,2.18,2.64,2.94
08/25/2015,0.04,,0.07,,0.19,0.36,0.67,0.98,1.48,1.86,2.12,2.54,2.84
08/24/2015,0.02,,0.06,,0.2,0.33,0.59,0.9,1.39,1.75,2.01,2.42,2.73
08/21/2015,0.02,,0.03,,0.21,0.36,0.64,0.95,1.44,1.79,2.05,2.44,2.74
08/20/2015,0.01,,0.02,,0.22,0.39,0.69,1,1.5,1.84,2.09,2.45,2.76
08/19/2015,0.05,,0.05,,0.22,0.39,0.67,0.98,1.5,1.85,2.12,2.49,2.81
08/18/2015,0.05,,0.07,,0.25,0.42,0.74,1.07,1.6,1.95,2.2,2.56,2.87
08/17/2015,0.03,,0.1,,0.24,0.4,0.72,1.07,1.58,1.92,2.16,2.51,2.81
08/14/2015,0.04,,0.09,,0.25,0.41,0.73,1.08,1.61,1.96,2.2,2.54,2.84
08/13/2015,0.06,,0.1,,0.24,0.4,0.72,1.06,1.58,1.94,2.19,2.54,2.86
08/12/2015,0.06,,0.1,,0.22,0.37,0.67,1.01,1.52,1.88,2.14,2.52,2.84
08/11/2015,0.06,,0.1,,0.23,0.37,0.68,1.03,1.53,1.89,2.15,2.5,2.81
08/10/2015,0.03,,0.12,,0.24,0.4,0.73,1.09,1.62,1.98,2.24,2.58,2.89
08/07/2015,0.03,,0.06,,0.23,0.38,0.73,1.08,1.59,1.93,2.18,2.52,2.83
08/06/2015,0.04,,0.04,,0.2,0.35,0.71,1.08,1.62,1.98,2.23,2.59,2.9
08/05/2015,0.05,,0.08,,0.19,0.38,0.73,1.1,1.65,2.02,2.28,2.64,2.94
08/04/2015,0.05,,0.08,,0.18,0.37,0.74,1.08,1.6,1.97,2.23,2.59,2.9
08/03/2015,0.03,,0.08,,0.17,0.33,0.68,0.99,1.52,1.89,2.16,2.55,2.86
07/31/2015,0.04,,0.08,,0.14,0.33,0.67,1,1.54,1.93,2.2,2.61,2.92
07/30/2015,0.05,,0.07,,0.15,0.36,0.72,1.07,1.62,2.02,2.28,2.66,2.96
07/29/2015,0.05,,0.06,,0.14,0.33,0.7,1.05,1.62,2.02,2.29,2.69,2.99
07/28/2015,0.05,,0.05,,0.14,0.32,0.69,1.03,1.61,1.99,2.26,2.66,2.96
07/27/2015,0.04,,0.05,,0.15,0.32,0.68,1,1.58,1.96,2.23,2.64,2.93
07/24/2015,0.04,,0.04,,0.14,0.32,0.7,1.04,1.64,2.02,2.27,2.67,2.96
07/23/2015,0.04,,0.03,,0.13,0.33,0.71,1.06,1.65,2.03,2.28,2.67,2.98
07/22/2015,0.04,,0.04,,0.13,0.34,0.75,1.08,1.69,2.07,2.33,2.73,3.04
07/21/2015,0.04,,0.03,,0.13,0.34,0.71,1.07,1.69,2.08,2.35,2.77,3.08
07/20/2015,0.03,,0.04,,0.14,0.31,0.71,1.09,1.72,2.11,2.38,2.79,3.1
07/17/2015,0.03,,0.03,,0.11,0.29,0.68,1.05,1.67,2.07,2.34,2.77,3.08
07/16/2015,0.03,,0.02,,0.1,0.29,0.67,1.05,1.66,2.07,2.36,2.81,3.11
07/15/2015,0.03,,0.02,,0.11,0.28,0.64,1,1.63,2.05,2.36,2.83,3.13
07/14/2015,0.03,,0.01,,0.1,0.27,0.66,1.03,1.67,2.1,2.41,2.9,3.2
07/13/2015,0.02,,0.02,,0.1,0.28,0.69,1.06,1.71,2.14,2.44,2.92,3.21
07/10/2015,0.01,,0.01,,0.09,0.28,0.65,1.04,1.68,2.12,2.42,2.91,3.2
07/09/2015,0.02,,0.03,,0.08,0.25,0.6,0.95,1.58,2.01,2.32,2.8,3.11
07/08/2015,0.02,,0.02,,0.08,0.24,0.55,0.91,1.5,1.92,2.22,2.69,2.99
07/07/2015,0.02,,0.02,,0.08,0.25,0.58,0.96,1.55,1.98,2.27,2.74,3.04
07/06/2015,0.01,,0.02,,0.09,0.26,0.6,0.95,1.56,2,2.3,2.78,3.08
07/02/2015,0.01,,0.01,,0.1,0.26,0.64,1.01,1.64,2.09,2.4,2.9,3.19
07/01/2015,0.01,,0.01,,0.13,0.28,0.69,1.08,1.7,2.14,2.43,2.92,3.2
06/30/2015,0.02,,0.01,,0.11,0.28,0.64,1.01,1.63,2.07,2.35,2.83,3.11
06/29/2015,0,,0.02,,0.11,0.27,0.64,1,1.62,2.05,2.33,2.82,3.09
06/26/2015,0,,0.01,,0.08,0.29,0.72,1.09,1.75,2.2,2.49,2.98,3.25
06/25/2015,0,,0.01,,0.07,0.29,0.68,1.06,1.7,2.14,2.4,2.88,3.16
06/24/2015,0,,0.01,,0.08,0.3,0.68,1.06,1.69,2.12,2.38,2.87,3.16
06/23/2015,0,,0.01,,0.09,0.3,0.7,1.07,1.71,2.14,2.42,2.92,3.2
06/22/2015,0,,0.01,,0.08,0.27,0.68,1.06,1.68,2.1,2.37,2.87,3.16
06/19/2015,0,,0.01,,0.05,0.25,0.65,0.99,1.59,1.99,2.26,2.76,3.05
06/18/2015,0,,0.01,,0.08,0.26,0.66,1.03,1.65,2.08,2.35,2.86,3.14
06/17/2015,0,,0.01,,0.1,0.27,0.67,1.03,1.63,2.05,2.32,2.82,3.09
06/16/2015,0,,0.01,,0.11,0.28,0.71,1.08,1.68,2.07,2.32,2.79,3.06
06/15/2015,0,,0.02,,0.11,0.28,0.72,1.1,1.71,2.11,2.36,2.83,3.09
06/12/2015,0.01,,0.02,,0.1,0.28,0.74,1.12,1.75,2.15,2.39,2.84,3.1
06/11/2015,0.01,,0.01,,0.1,0.28,0.73,1.12,1.74,2.14,2.39,2.84,3.11
06/10/2015,0.01,,0.02,,0.1,0.28,0.75,1.15,1.8,2.22,2.5,2.96,3.22
06/09/2015,0.01,,0.02,,0.08,0.27,0.72,1.12,1.74,2.16,2.42,2.89,3.15
06/08/2015,0.01,,0.02,,0.09,0.27,0.7,1.09,1.72,2.13,2.39,2.86,3.11
06/05/2015,0.02,,0.03,,0.08,0.29,0.73,1.13,1.75,2.16,2.41,2.87,3.11
06/04/2015,0.02,,0.02,,0.08,0.27,0.66,1.04,1.65,2.05,2.31,2.78,3.03
06/03/2015,0.02,,0.02,,0.07,0.26,0.69,1.07,1.69,2.12,2.38,2.87,3.11
06/02/2015,0.02,,0.01,,0.07,0.26,0.64,1.02,1.61,2.01,2.27,2.77,3.02
06/01/2015,0.02,,0.02,,0.07,0.26,0.64,0.99,1.55,1.93,2.19,2.69,2.94
05/29/2015,0.01,,0.01,,0.06,0.26,0.61,0.94,1.49,1.86,2.12,2.63,2.88
05/28/2015,0.01,,0.01,,0.08,0.26,0.62,0.97,1.51,1.89,2.13,2.64,2.89
05/27/2015,0.02,,0.01,,0.09,0.27,0.64,1,1.53,1.9,2.14,2.63,2.88
05/26/2015,0.01,,0.02,,0.09,0.24,0.64,0.99,1.54,1.9,2.14,2.64,2.89
05/22/2015,0.01,,0.02,,0.08,0.23,0.64,1.01,1.57,1.96,2.21,2.73,2.99
05/21/2015,0.02,,0.02,,0.07,0.22,0.6,0.95,1.53,1.92,2.19,2.71,2.98
05/20/2015,0.02,,0.02,,0.08,0.23,0.6,0.98,1.57,1.98,2.26,2.79,3.06
05/19/2015,0.02,,0.02,,0.07,0.23,0.63,1.01,1.6,2.01,2.27,2.79,3.05
05/18/2015,0.01,,0.02,,0.08,0.22,0.58,0.95,1.54,1.95,2.23,2.75,3.02
05/15/2015,0.02,,0.02,,0.09,0.23,0.55,0.9,1.46,1.87,2.14,2.66,2.93
05/14/2015,0,,0.01,,0.08,0.23,0.56,0.91,1.51,1.94,2.23,2.76,3.03
05/13/2015,0.02,,0.02,,0.09,0.24,0.59,0.97,1.57,2,2.27,2.79,3.07
05/12/2015,0.01,,0.03,,0.09,0.25,0.61,1,1.58,2,2.28,2.75,3.02
05/11/2015,0.02,,0.02,,0.09,0.25,0.62,1.02,1.59,2,2.28,2.76,3.03
05/08/2015,0.01,,0.01,,0.08,0.23,0.59,0.96,1.5,1.89,2.16,2.63,2.9
05/07/2015,0.01,,0.01,,0.08,0.24,0.63,1.02,1.55,1.93,2.18,2.63,2.9
05/06/2015,0.02,,0.02,,0.08,0.25,0.65,1.03,1.58,1.97,2.25,2.72,2.98
05/05/2015,0.01,,0.01,,0.08,0.24,0.62,1,1.54,1.92,2.19,2.64,2.9
05/04/2015,0.01,,0.02,,0.08,0.25,0.6,0.96,1.51,1.9,2.16,2.62,2.88
05/01/2015,0,,0.01,,0.05,0.25,0.6,0.97,1.5,1.87,2.12,2.57,2.82
04/30/2015,0,,0.01,,0.06,0.24,0.58,0.91,1.43,1.79,2.05,2.49,2.75
04/29/2015,0,,0.01,,0.07,0.25,0.56,0.91,1.43,1.8,2.06,2.49,2.76
04/28/2015,0,,0.02,,0.09,0.24,0.56,0.9,1.39,1.75,2,2.42,2.68
04/27/2015,0.01,,0.02,,0.1,0.25,0.54,0.87,1.36,1.69,1.94,2.36,2.61
04/24/2015,0.03,,0.03,,0.1,0.24,0.54,0.84,1.34,1.68,1.93,2.36,2.62
04/23/2015,0.01,,0.03,,0.09,0.24,0.55,0.87,1.37,1.7,1.96,2.38,2.63
04/22/2015,0.01,,0.03,,0.1,0.23,0.57,0.91,1.41,1.75,1.99,2.42,2.66
04/21/2015,0.02,,0.03,,0.09,0.23,0.55,0.86,1.35,1.67,1.92,2.33,2.58
04/20/2015,0.03,,0.03,,0.1,0.24,0.55,0.86,1.33,1.65,1.9,2.31,2.56
04/17/2015,0.03,,0.01,,0.08,0.23,0.51,0.84,1.31,1.63,1.87,2.26,2.51
04/16/2015,0.03,,0.02,,0.08,0.22,0.5,0.81,1.31,1.64,1.9,2.31,2.56
04/15/2015,0.02,,0.02,,0.08,0.23,0.51,0.85,1.33,1.66,1.91,2.3,2.55
04/14/2015,0.02,,0.02,,0.1,0.23,0.53,0.85,1.34,1.67,1.9,2.29,2.54
04/13/2015,0.02,,0.03,,0.11,0.23,0.54,0.89,1.38,1.71,1.94,2.33,2.58
04/10/2015,0.01,,0.02,,0.09,0.24,0.57,0.91,1.41,1.73,1.96,2.33,2.58
04/09/2015,0.02,,0.03,,0.1,0.22,0.56,0.89,1.4,1.73,1.97,2.35,2.61
04/08/2015,0.02,,0.03,,0.1,0.22,0.54,0.86,1.35,1.68,1.92,2.28,2.53
04/07/2015,0.02,,0.02,,0.1,0.22,0.52,0.85,1.32,1.66,1.89,2.27,2.52
04/06/2015,0.02,,0.03,,0.1,0.21,0.51,0.83,1.31,1.67,1.92,2.31,2.57
04/03/2015,0.04,,0.02,,0.1,0.21,0.49,0.8,1.26,1.6,1.85,2.24,2.49
04/02/2015,0.02,,0.02,,0.1,0.25,0.55,0.87,1.35,1.69,1.92,2.29,2.53
04/01/2015,0.02,,0.03,,0.12,0.27,0.55,0.86,1.32,1.65,1.87,2.23,2.47
03/31/2015,0.05,,0.03,,0.14,0.26,0.56,0.89,1.37,1.71,1.94,2.31,2.54
03/30/2015,0.02,,0.04,,0.14,0.27,0.58,0.93,1.41,1.74,1.96,2.32,2.55
03/27/2015,0.02,,0.04,,0.12,0.27,0.58,0.92,1.42,1.74,1.95,2.29,2.53
03/26/2015,0.02,,0.03,,0.13,0.28,0.61,0.98,1.47,1.81,2.01,2.37,2.6
03/25/2015,0.02,,0.04,,0.11,0.25,0.59,0.94,1.41,1.73,1.93,2.28,2.5
03/24/2015,0.03,,0.02,,0.11,0.24,0.58,0.91,1.37,1.68,1.88,2.24,2.46
03/23/2015,0.02,,0.03,,0.11,0.24,0.6,0.93,1.41,1.71,1.92,2.29,2.51
03/20/2015,0,,0.01,,0.11,0.24,0.6,0.95,1.42,1.73,1.93,2.29,2.5
03/19/2015,0.02,,0.03,,0.12,0.26,0.63,0.99,1.48,1.79,1.98,2.33,2.54
03/18/2015,0.02,,0.03,,0.12,0.23,0.57,0.92,1.41,1.73,1.93,2.31,2.51
03/17/2015,0.05,,0.05,,0.15,0.27,0.7,1.07,1.56,1.87,2.06,2.4,2.61
03/16/2015,0.02,,0.05,,0.15,0.26,0.66,1.06,1.57,1.9,2.1,2.45,2.67
03/13/2015,0.03,,0.03,,0.11,0.24,0.68,1.07,1.6,1.93,2.13,2.48,2.7
03/12/2015,0.03,,0.03,,0.1,0.24,0.67,1.06,1.59,1.91,2.1,2.47,2.69
03/11/2015,0.03,,0.03,,0.1,0.25,0.7,1.09,1.6,1.92,2.11,2.47,2.69
03/10/2015,0.03,,0.02,,0.1,0.25,0.7,1.1,1.62,1.94,2.14,2.51,2.73
03/09/2015,0.01,,0.02,,0.1,0.27,0.7,1.13,1.66,1.99,2.2,2.58,2.8
03/06/2015,0.02,,0.01,,0.08,0.27,0.73,1.16,1.7,2.04,2.24,2.63,2.83
03/05/2015,0.02,,0.02,,0.08,0.25,0.65,1.05,1.57,1.9,2.11,2.49,2.71
03/04/2015,0.01,,0.01,,0.08,0.26,0.66,1.07,1.6,1.93,2.12,2.49,2.72
03/03/2015,0.01,,0.02,,0.08,0.26,0.68,1.09,1.61,1.94,2.12,2.49,2.71
03/02/2015,0.02,,0.02,,0.08,0.22,0.66,1.06,1.57,1.89,2.08,2.46,2.68
02/27/2015,0.02,,0.02,,0.07,0.22,0.63,1.01,1.5,1.82,2,2.38,2.6
02/26/2015,0.02,,0.03,,0.07,0.22,0.66,1.04,1.54,1.86,2.03,2.39,2.63
02/25/2015,0.02,,0.02,,0.07,0.21,0.61,0.98,1.47,1.78,1.96,2.35,2.56
02/24/2015,0.02,,0.02,,0.08,0.22,0.6,0.97,1.47,1.79,1.99,2.38,2.6
02/23/2015,0.01,,0.02,,0.08,0.22,0.64,1.03,1.56,1.88,2.06,2.44,2.66
02/20/2015,0.02,,0.02,,0.07,0.23,0.67,1.07,1.61,1.94,2.13,2.5,2.73
02/19/2015,0.02,,0.02,,0.07,0.23,0.67,1.05,1.58,1.92,2.11,2.5,2.73
02/18/2015,0.02,,0.02,,0.07,0.23,0.62,1,1.52,1.86,2.07,2.46,2.7
02/17/2015,0.02,,0.02,,0.07,0.25,0.7,1.1,1.62,1.95,2.14,2.49,2.73
02/13/2015,0.02,,0.01,,0.07,0.23,0.66,1.03,1.53,1.84,2.02,2.39,2.63
02/12/2015,0.02,,0.02,,0.07,0.23,0.61,1.02,1.5,1.81,1.99,2.33,2.58
02/11/2015,0.02,,0.01,,0.07,0.24,0.67,1.06,1.53,1.83,2,2.33,2.57
02/10/2015,0.02,,0.01,,0.08,0.25,0.67,1.05,1.52,1.82,2.01,2.33,2.58
02/09/2015,0.02,,0.01,,0.08,0.24,0.65,1.04,1.49,1.78,1.96,2.28,2.52
02/06/2015,0.01,,0.02,,0.07,0.26,0.65,1.03,1.48,1.77,1.95,2.28,2.51
02/05/2015,0.02,,0.02,,0.06,0.2,0.52,0.87,1.3,1.62,1.83,2.2,2.42
02/04/2015,0.01,,0.01,,0.06,0.2,0.52,0.86,1.29,1.61,1.81,2.17,2.39
02/03/2015,0.02,,0.02,,0.07,0.21,0.52,0.85,1.28,1.6,1.79,2.16,2.37
02/02/2015,0.01,,0.02,,0.07,0.17,0.49,0.78,1.19,1.49,1.68,2.07,2.25
01/30/2015,0.01,,0.02,,0.07,0.18,0.47,0.77,1.18,1.49,1.68,2.04,2.25
01/29/2015,0.01,,0.03,,0.07,0.17,0.51,0.84,1.28,1.59,1.77,2.11,2.33
01/28/2015,0.02,,0.02,,0.08,0.17,0.5,0.81,1.25,1.53,1.73,2.05,2.29
01/27/2015,0.02,,0.02,,0.08,0.17,0.54,0.87,1.34,1.62,1.83,2.15,2.4
01/26/2015,0.02,,0.03,,0.08,0.18,0.54,0.89,1.36,1.64,1.83,2.14,2.4
01/23/2015,0.02,,0.02,,0.07,0.17,0.52,0.86,1.33,1.62,1.81,2.12,2.38
01/22/2015,0.02,,0.03,,0.08,0.17,0.53,0.9,1.39,1.69,1.9,2.21,2.46
01/21/2015,0.01,,0.03,,0.08,0.17,0.53,0.87,1.35,1.66,1.87,2.2,2.44
01/20/2015,0.01,,0.03,,0.08,0.17,0.53,0.85,1.31,1.61,1.82,2.15,2.39
01/16/2015,0.02,,0.03,,0.07,0.17,0.49,0.8,1.29,1.6,1.83,2.17,2.44
01/15/2015,0.03,,0.03,,0.08,0.16,0.44,0.75,1.22,1.53,1.77,2.12,2.4
01/14/2015,0.02,,0.04,,0.09,0.18,0.51,0.83,1.33,1.62,1.86,2.2,2.47
01/13/2015,0.02,,0.03,,0.08,0.2,0.54,0.88,1.37,1.67,1.91,2.24,2.49
01/12/2015,0.02,,0.03,,0.09,0.19,0.56,0.91,1.39,1.69,1.92,2.23,2.49
01/09/2015,0.02,,0.02,,0.08,0.22,0.59,0.96,1.45,1.75,1.98,2.29,2.55
01/08/2015,0.01,,0.03,,0.08,0.23,0.62,1,1.5,1.81,2.03,2.33,2.59
01/07/2015,0.02,,0.03,,0.09,0.25,0.62,1,1.47,1.76,1.96,2.25,2.52
01/06/2015,0.02,,0.03,,0.1,0.25,0.65,1.02,1.5,1.78,1.97,2.25,2.52
01/05/2015,0.02,,0.03,,0.1,0.26,0.68,1.06,1.57,1.85,2.04,2.32,2.6
01/02/2015,0.02,,0.02,,0.11,0.25,0.66,1.07,1.61,1.92,2.12,2.41,2.69
12/31/2014,0.03,,0.04,,0.12,0.25,0.67,1.1,1.65,1.97,2.17,2.47,2.75
12/30/2014,0.03,,0.03,,0.12,0.23,0.69,1.11,1.68,2,2.2,2.49,2.76
12/29/2014,0.01,,0.03,,0.12,0.25,0.72,1.14,1.72,2.02,2.22,2.51,2.78
12/26/2014,0.01,,0.01,,0.1,0.26,0.73,1.19,1.75,2.07,2.25,2.54,2.81
12/24/2014,0.01,,0.01,,0.14,0.26,0.73,1.18,1.76,2.09,2.27,2.56,2.83
12/23/2014,0.02,,0.03,,0.14,0.26,0.73,1.17,1.76,2.06,2.26,2.57,2.85
12/22/2014,0.01,,0.05,,0.16,0.28,0.71,1.13,1.67,1.98,2.17,2.47,2.75
12/19/2014,0.01,,0.04,,0.11,0.26,0.67,1.1,1.66,1.98,2.17,2.48,2.77
12/18/2014,0.04,,0.04,,0.12,0.25,0.67,1.1,1.68,2.01,2.22,2.54,2.82
12/17/2014,0.03,,0.03,,0.11,0.23,0.62,1.06,1.61,1.93,2.14,2.46,2.74
12/16/2014,0.03,,0.03,,0.11,0.21,0.58,0.99,1.53,1.85,2.07,2.4,2.69
12/15/2014,0.02,,0.04,,0.11,0.22,0.6,1.03,1.58,1.9,2.12,2.45,2.74
12/12/2014,0.02,,0.02,,0.09,0.19,0.56,0.98,1.53,1.86,2.1,2.45,2.75
12/11/2014,0.02,,0.03,,0.09,0.21,0.62,1.05,1.62,1.96,2.19,2.54,2.84
12/10/2014,0.05,,0.03,,0.1,0.21,0.59,1.01,1.58,1.92,2.18,2.54,2.83
12/09/2014,0.05,,0.04,,0.11,0.23,0.64,1.07,1.63,1.97,2.22,2.58,2.87
12/08/2014,0.03,,0.03,,0.1,0.18,0.64,1.1,1.67,2.02,2.26,2.62,2.9
12/05/2014,0.02,,0.02,,0.08,0.18,0.65,1.09,1.69,2.06,2.31,2.69,2.97
12/04/2014,0.03,,0.02,,0.08,0.14,0.55,0.97,1.59,1.98,2.25,2.66,2.94
12/03/2014,0.03,,0.01,,0.07,0.15,0.57,0.98,1.61,2.01,2.29,2.71,2.99
12/02/2014,0.04,,0.03,,0.08,0.14,0.55,0.96,1.59,2,2.28,2.72,3
12/01/2014,0.01,,0.03,,0.08,0.13,0.49,0.9,1.52,1.93,2.22,2.66,2.95
11/28/2014,0.04,,0.02,,0.07,0.13,0.47,0.88,1.49,1.89,2.18,2.62,2.89
11/26/2014,0.06,,0.02,,0.07,0.14,0.53,0.93,1.56,1.96,2.24,2.67,2.95
11/25/2014,0.06,,0.02,,0.07,0.14,0.51,0.94,1.58,1.98,2.27,2.69,2.97
11/24/2014,0.04,,0.02,,0.08,0.14,0.53,0.95,1.62,2.02,2.3,2.74,3.01
11/21/2014,0.04,,0.01,,0.07,0.14,0.53,0.96,1.63,2.03,2.31,2.75,3.02
11/20/2014,0.04,,0.02,,0.07,0.14,0.53,0.97,1.64,2.05,2.34,2.78,3.05
11/19/2014,0.04,,0.01,,0.07,0.15,0.54,0.99,1.66,2.07,2.36,2.8,3.08
11/18/2014,0.04,,0.02,,0.07,0.14,0.53,0.96,1.63,2.03,2.32,2.77,3.05
11/17/2014,0.02,,0.03,,0.07,0.15,0.54,0.96,1.64,2.04,2.34,2.79,3.06
11/14/2014,0.04,,0.02,,0.07,0.15,0.54,0.96,1.62,2.02,2.32,2.77,3.04
11/13/2014,0.05,,0.02,,0.08,0.15,0.53,0.97,1.64,2.05,2.35,2.8,3.08
11/12/2014,0.05,,0.02,,0.07,0.14,0.55,1,1.65,2.06,2.37,2.81,3.09
11/10/2014,0.04,,0.02,,0.07,0.13,0.55,1,1.65,2.07,2.38,2.81,3.09
11/07/2014,0.04,,0.03,,0.06,0.12,0.51,0.95,1.6,2.01,2.32,2.76,3.04
11/06/2014,0.04,,0.03,,0.06,0.12,0.54,1.01,1.67,2.09,2.39,2.83,3.09
11/05/2014,0.04,,0.03,,0.07,0.11,0.52,0.97,1.63,2.05,2.36,2.79,3.06
11/04/2014,0.04,,0.03,,0.06,0.11,0.52,0.97,1.63,2.05,2.35,2.78,3.05
11/03/2014,0.03,,0.02,,0.07,0.12,0.52,0.96,1.63,2.05,2.36,2.8,3.07
10/31/2014,0.01,,0.01,,0.05,0.11,0.5,0.95,1.62,2.05,2.35,2.81,3.07
10/30/2014,0.01,,0.01,,0.06,0.11,0.48,0.91,1.58,2.02,2.32,2.77,3.04
10/29/2014,0.01,,0.03,,0.07,0.11,0.48,0.93,1.61,2.03,2.34,2.79,3.06
10/28/2014,0.02,,0.02,,0.05,0.11,0.42,0.84,1.53,1.97,2.3,2.79,3.06
10/27/2014,0.03,,0.02,,0.06,0.11,0.41,0.81,1.51,1.94,2.27,2.75,3.04
10/24/2014,0.02,,0.01,,0.06,0.11,0.41,0.82,1.52,1.96,2.29,2.77,3.05
10/23/2014,0.02,,0.01,,0.06,0.11,0.41,0.83,1.52,1.95,2.29,2.77,3.05
10/22/2014,0.04,,0.02,,0.06,0.11,0.41,0.8,1.46,1.9,2.25,2.73,3.01
10/21/2014,0.04,,0.02,,0.06,0.1,0.38,0.77,1.44,1.88,2.23,2.72,3
10/20/2014,0.03,,0.02,,0.06,0.1,0.37,0.76,1.41,1.85,2.2,2.68,2.96
10/17/2014,0.03,,0.02,,0.05,0.11,0.39,0.79,1.44,1.88,2.22,2.7,2.98
10/16/2014,0.04,,0.03,,0.05,0.1,0.35,0.75,1.39,1.82,2.17,2.66,2.94
10/15/2014,0.02,,0.02,,0.05,0.1,0.34,0.73,1.37,1.8,2.15,2.64,2.92
10/14/2014,0.03,,0.02,,0.04,0.09,0.39,0.8,1.45,1.88,2.21,2.68,2.95
10/10/2014,0.02,,0.01,,0.04,0.1,0.45,0.89,1.55,1.99,2.31,2.77,3.03
10/09/2014,0.02,,0.01,,0.05,0.1,0.46,0.91,1.58,2.02,2.34,2.81,3.07
10/08/2014,0.01,,0.01,,0.05,0.1,0.46,0.9,1.57,2.02,2.35,2.82,3.07
10/07/2014,0.02,,0.02,,0.04,0.1,0.52,0.98,1.64,2.06,2.36,2.81,3.06
10/06/2014,0.01,,0.02,,0.05,0.11,0.54,1.02,1.7,2.13,2.43,2.88,3.12
10/03/2014,0.01,,0.01,,0.03,0.11,0.57,1.05,1.73,2.16,2.45,2.89,3.13
10/02/2014,0.01,,0.01,,0.03,0.1,0.53,1.01,1.7,2.14,2.44,2.9,3.15
10/01/2014,0.01,,0.02,,0.04,0.1,0.53,1,1.69,2.12,2.42,2.87,3.12
09/30/2014,0.02,,0.02,,0.03,0.13,0.58,1.07,1.78,2.22,2.52,2.98,3.21
09/29/2014,0.01,,0.02,,0.05,0.11,0.58,1.06,1.77,2.21,2.5,2.95,3.18
09/26/2014,0.01,,0.01,,0.03,0.11,0.59,1.08,1.8,2.24,2.54,2.99,3.22
09/25/2014,0,,0.01,,0.03,0.1,0.56,1.03,1.75,2.21,2.52,2.98,3.22
09/24/2014,0.01,,0.02,,0.03,0.11,0.59,1.08,1.82,2.26,2.57,3.04,3.28
09/23/2014,0.01,,0.01,,0.04,0.1,0.57,1.05,1.78,2.23,2.54,3.01,3.25
09/22/2014,0,,0.01,,0.04,0.1,0.58,1.06,1.8,2.26,2.57,3.04,3.28
09/19/2014,0.01,,0.02,,0.04,0.11,0.59,1.09,1.83,2.29,2.59,3.05,3.29
09/18/2014,0.01,,0.02,,0.04,0.12,0.59,1.1,1.85,2.32,2.63,3.12,3.36
09/17/2014,0.01,,0.02,,0.05,0.12,0.59,1.08,1.82,2.29,2.62,3.12,3.37
09/16/2014,0.01,,0.02,,0.04,0.13,0.55,1.04,1.78,2.26,2.6,3.11,3.36
09/15/2014,0.01,,0.02,,0.05,0.11,0.58,1.06,1.8,2.26,2.6,3.09,3.34
09/12/2014,0.01,,0.02,,0.05,0.11,0.58,1.07,1.83,2.29,2.62,3.1,3.35
09/11/2014,0.01,,0.02,,0.05,0.11,0.58,1.07,1.79,2.22,2.54,3.02,3.27
09/10/2014,0.01,,0.02,,0.05,0.11,0.58,1.07,1.79,2.22,2.54,3.01,3.26
09/09/2014,0.01,,0.02,,0.05,0.11,0.56,1.06,1.76,2.19,2.5,2.97,3.23
09/08/2014,0.01,,0.02,,0.05,0.1,0.54,1.02,1.72,2.16,2.48,2.97,3.23
09/05/2014,0.02,,0.03,,0.05,0.1,0.52,0.99,1.69,2.14,2.46,2.97,3.23
09/04/2014,0.02,,0.03,,0.05,0.1,0.54,1.01,1.71,2.14,2.45,2.95,3.21
09/03/2014,0.02,,0.03,,0.05,0.11,0.52,0.99,1.69,2.11,2.41,2.9,3.15
09/02/2014,0.02,,0.03,,0.05,0.1,0.53,0.99,1.69,2.11,2.42,2.91,3.17
08/29/2014,0.02,,0.03,,0.05,0.09,0.48,0.94,1.63,2.05,2.35,2.83,3.09
08/28/2014,0.02,,0.03,,0.05,0.11,0.5,0.95,1.63,2.04,2.34,2.82,3.08
08/27/2014,0.02,,0.04,,0.05,0.11,0.51,0.97,1.65,2.05,2.37,2.85,3.11
08/26/2014,0.04,,0.03,,0.05,0.12,0.52,0.98,1.68,2.08,2.39,2.89,3.15
08/25/2014,0.02,,0.04,,0.05,0.11,0.53,0.99,1.69,2.09,2.39,2.88,3.13
08/22/2014,0.04,,0.03,,0.06,0.1,0.53,0.98,1.68,2.1,2.4,2.9,3.16
08/21/2014,0.03,,0.02,,0.06,0.1,0.49,0.95,1.64,2.08,2.41,2.92,3.19
08/20/2014,0.04,,0.04,,0.06,0.12,0.49,0.94,1.65,2.09,2.43,2.95,3.22
08/19/2014,0.04,,0.03,,0.05,0.11,0.46,0.9,1.59,2.05,2.4,2.94,3.21
08/18/2014,0.02,,0.03,,0.05,0.1,0.44,0.89,1.58,2.04,2.39,2.92,3.2
08/15/2014,0.03,,0.03,,0.05,0.09,0.42,0.86,1.55,1.99,2.34,2.86,3.13
08/14/2014,0.04,,0.04,,0.06,0.1,0.42,0.87,1.58,2.04,2.4,2.93,3.2
08/13/2014,0.04,,0.04,,0.06,0.1,0.43,0.88,1.59,2.06,2.43,2.97,3.24
08/12/2014,0.05,,0.03,,0.05,0.1,0.45,0.92,1.63,2.1,2.46,3,3.27
08/11/2014,0.03,,0.04,,0.05,0.1,0.47,0.93,1.62,2.09,2.44,2.97,3.24
08/08/2014,0.03,,0.03,,0.05,0.1,0.45,0.91,1.62,2.09,2.44,2.97,3.23
08/07/2014,0.03,,0.03,,0.04,0.11,0.44,0.89,1.6,2.07,2.43,2.97,3.23
08/06/2014,0.03,,0.03,,0.05,0.11,0.48,0.93,1.66,2.13,2.49,3.01,3.27
08/05/2014,0.03,,0.03,,0.05,0.12,0.47,0.93,1.66,2.14,2.49,3.02,3.28
08/04/2014,0.02,,0.04,,0.06,0.12,0.47,0.93,1.66,2.15,2.51,3.04,3.3
08/01/2014,0.01,,0.03,,0.05,0.13,0.47,0.94,1.67,2.16,2.52,3.03,3.29
07/31/2014,0.01,,0.03,,0.05,0.12,0.53,1.02,1.76,2.24,2.58,3.07,3.32
07/30/2014,0.03,,0.04,,0.06,0.13,0.56,1.04,1.77,2.24,2.57,3.06,3.31
07/29/2014,0.03,,0.02,,0.06,0.12,0.54,1,1.7,2.14,2.47,2.97,3.22
07/28/2014,0.03,,0.04,,0.06,0.11,0.54,1.01,1.73,2.17,2.5,3.01,3.26
07/25/2014,0.03,,0.03,,0.06,0.11,0.53,0.98,1.69,2.14,2.48,2.99,3.24
07/24/2014,0.04,,0.03,,0.06,0.11,0.53,1,1.72,2.18,2.52,3.04,3.3
07/23/2014,0.03,,0.03,,0.05,0.11,0.5,0.96,1.67,2.12,2.48,3,3.26
07/22/2014,0.03,,0.03,,0.07,0.11,0.49,0.97,1.68,2.13,2.48,3,3.25
07/21/2014,0.02,,0.03,,0.06,0.11,0.51,0.99,1.7,2.14,2.49,3.01,3.26
07/18/2014,0.03,,0.02,,0.05,0.1,0.51,0.97,1.69,2.14,2.5,3.03,3.29
07/17/2014,0.02,,0.02,,0.06,0.1,0.47,0.94,1.65,2.11,2.47,3.01,3.27
07/16/2014,0.02,,0.02,,0.06,0.11,0.5,0.98,1.71,2.18,2.55,3.08,3.35
07/15/2014,0.02,,0.02,,0.06,0.11,0.49,0.97,1.7,2.18,2.56,3.1,3.37
07/14/2014,0.02,,0.03,,0.06,0.11,0.48,0.95,1.68,2.17,2.55,3.1,3.36
07/11/2014,0.02,,0.02,,0.07,0.11,0.48,0.92,1.65,2.13,2.53,3.07,3.34
07/10/2014,0.02,,0.02,,0.06,0.1,0.46,0.93,1.66,2.15,2.55,3.1,3.38
07/09/2014,0.03,,0.03,,0.06,0.11,0.51,0.97,1.68,2.17,2.57,3.1,3.37
07/08/2014,0.02,,0.03,,0.06,0.11,0.51,0.99,1.7,2.19,2.58,3.12,3.38
07/07/2014,0.02,,0.04,,0.06,0.12,0.52,1,1.74,2.24,2.63,3.17,3.44
07/03/2014,0.01,,0.01,,0.06,0.11,0.52,0.98,1.74,2.25,2.65,3.21,3.47
07/02/2014,0.02,,0.02,,0.06,0.12,0.49,0.95,1.71,2.22,2.64,3.2,3.46
07/01/2014,0.03,,0.02,,0.06,0.11,0.47,0.9,1.66,2.17,2.58,3.13,3.4
06/30/2014,0.02,,0.04,,0.07,0.11,0.47,0.88,1.62,2.13,2.53,3.08,3.34
06/27/2014,0.02,,0.03,,0.06,0.1,0.45,0.88,1.64,2.14,2.54,3.1,3.36
06/26/2014,0.01,,0.04,,0.06,0.11,0.46,0.9,1.64,2.14,2.53,3.08,3.35
06/25/2014,0.01,,0.03,,0.05,0.11,0.48,0.92,1.68,2.17,2.57,3.12,3.38
06/24/2014,0.01,,0.03,,0.06,0.12,0.49,0.95,1.7,2.19,2.59,3.14,3.41
06/23/2014,0.02,,0.03,,0.06,0.1,0.48,0.96,1.72,2.23,2.63,3.18,3.45
06/20/2014,0.01,,0.02,,0.04,0.09,0.5,0.94,1.71,2.22,2.63,3.18,3.44
06/19/2014,0.01,,0.02,,0.05,0.09,0.48,0.94,1.71,2.22,2.64,3.2,3.47
06/18/2014,0.03,,0.03,,0.06,0.1,0.48,0.95,1.71,2.21,2.61,3.16,3.43
06/17/2014,0.03,,0.04,,0.07,0.11,0.51,0.99,1.77,2.27,2.66,3.19,3.44
06/16/2014,0.03,,0.04,,0.07,0.11,0.49,0.95,1.71,2.21,2.61,3.14,3.4
06/13/2014,0.02,,0.04,,0.07,0.11,0.45,0.93,1.7,2.21,2.6,3.14,3.41
06/12/2014,0.02,,0.04,,0.07,0.1,0.42,0.88,1.66,2.17,2.58,3.14,3.41
06/11/2014,0.03,,0.04,,0.06,0.11,0.44,0.91,1.7,2.23,2.65,3.2,3.47
06/10/2014,0.04,,0.04,,0.06,0.11,0.45,0.93,1.71,2.24,2.64,3.2,3.47
06/09/2014,0.03,,0.04,,0.06,0.11,0.43,0.88,1.69,2.22,2.62,3.18,3.45
06/06/2014,0.02,,0.04,,0.06,0.11,0.41,0.86,1.66,2.19,2.6,3.17,3.44
06/05/2014,0.03,,0.04,,0.06,0.1,0.4,0.82,1.63,2.17,2.59,3.17,3.44
06/04/2014,0.04,,0.04,,0.06,0.1,0.41,0.85,1.65,2.2,2.61,3.18,3.45
06/03/2014,0.04,,0.04,,0.06,0.1,0.41,0.85,1.65,2.18,2.6,3.17,3.43
06/02/2014,0.04,,0.04,,0.06,0.1,0.39,0.83,1.6,2.12,2.54,3.1,3.38
05/30/2014,0.05,,0.04,,0.06,0.1,0.37,0.79,1.54,2.06,2.48,3.05,3.33
05/29/2014,0.05,,0.04,,0.05,0.1,0.37,0.77,1.52,2.03,2.45,3.03,3.31
05/28/2014,0.04,,0.04,,0.05,0.1,0.37,0.76,1.5,2.01,2.44,3.01,3.29
05/27/2014,0.03,,0.04,,0.06,0.09,0.39,0.79,1.56,2.08,2.52,3.09,3.37
05/23/2014,0.04,,0.04,,0.05,0.1,0.37,0.79,1.55,2.09,2.54,3.12,3.4
05/22/2014,0.03,,0.03,,0.05,0.09,0.37,0.8,1.57,2.1,2.56,3.15,3.43
05/21/2014,0.04,,0.04,,0.06,0.09,0.37,0.79,1.55,2.08,2.54,3.13,3.42
05/20/2014,0.04,,0.03,,0.06,0.09,0.35,0.77,1.53,2.06,2.52,3.1,3.38
05/19/2014,0.01,,0.03,,0.05,0.09,0.36,0.79,1.56,2.09,2.54,3.11,3.39
05/16/2014,0.01,,0.03,,0.05,0.09,0.38,0.8,1.56,2.08,2.52,3.07,3.34
05/15/2014,0.01,,0.03,,0.05,0.09,0.38,0.8,1.55,2.05,2.5,3.05,3.33
05/14/2014,0.02,,0.03,,0.05,0.1,0.39,0.81,1.57,2.1,2.54,3.09,3.37
05/13/2014,0.03,,0.03,,0.05,0.1,0.39,0.84,1.62,2.16,2.61,3.17,3.45
05/12/2014,0.02,,0.03,,0.05,0.09,0.41,0.87,1.67,2.21,2.66,3.21,3.49
05/09/2014,0.02,,0.03,,0.05,0.1,0.4,0.86,1.63,2.17,2.62,3.18,3.47
05/08/2014,0.02,,0.03,,0.05,0.1,0.4,0.86,1.63,2.16,2.61,3.17,3.45
05/07/2014,0.03,,0.03,,0.05,0.1,0.41,0.89,1.65,2.18,2.62,3.12,3.4
05/06/2014,0.03,,0.03,,0.05,0.1,0.43,0.92,1.68,2.2,2.61,3.13,3.38
05/05/2014,0.01,,0.03,,0.05,0.11,0.43,0.9,1.68,2.22,2.63,3.16,3.41
05/02/2014,0.01,,0.02,,0.05,0.1,0.42,0.89,1.67,2.2,2.6,3.12,3.37
05/01/2014,0.02,,0.03,,0.05,0.1,0.41,0.86,1.66,2.21,2.63,3.16,3.41
04/30/2014,0.02,,0.03,,0.05,0.11,0.42,0.87,1.69,2.25,2.67,3.22,3.47
04/29/2014,0.02,,0.02,,0.05,0.11,0.44,0.91,1.74,2.29,2.71,3.25,3.49
04/28/2014,0,,0.03,,0.05,0.1,0.44,0.9,1.73,2.29,2.7,3.23,3.47
04/25/2014,0.01,,0.03,,0.04,0.11,0.43,0.9,1.72,2.28,2.68,3.2,3.45
04/24/2014,0,,0.01,,0.04,0.1,0.43,0.91,1.74,2.3,2.7,3.22,3.46
04/23/2014,0.02,,0.02,,0.05,0.11,0.43,0.91,1.73,2.28,2.7,3.22,3.47
04/22/2014,0.02,,0.03,,0.06,0.11,0.45,0.93,1.76,2.31,2.73,3.25,3.5
04/21/2014,0.02,,0.04,,0.06,0.11,0.42,0.91,1.74,2.31,2.73,3.27,3.52
04/17/2014,0.02,,0.03,,0.05,0.11,0.43,0.91,1.75,2.31,2.73,3.27,3.52
04/16/2014,0.03,,0.04,,0.05,0.11,0.39,0.87,1.67,2.21,2.65,3.2,3.45
04/15/2014,0.03,,0.04,,0.05,0.11,0.39,0.84,1.63,2.18,2.64,3.2,3.46
04/14/2014,0.03,,0.04,,0.06,0.1,0.37,0.82,1.61,2.18,2.65,3.23,3.48
04/11/2014,0.04,,0.04,,0.06,0.09,0.37,0.8,1.58,2.16,2.63,3.22,3.48
04/10/2014,0.03,,0.04,,0.06,0.09,0.37,0.81,1.59,2.17,2.65,3.24,3.52
04/09/2014,0.03,,0.04,,0.05,0.1,0.37,0.85,1.65,2.24,2.71,3.31,3.57
04/08/2014,0.04,,0.03,,0.06,0.11,0.4,0.88,1.67,2.24,2.69,3.28,3.54
04/07/2014,0.03,,0.03,,0.06,0.11,0.41,0.87,1.68,2.27,2.71,3.3,3.56
04/04/2014,0.03,,0.03,,0.05,0.11,0.43,0.89,1.71,2.3,2.74,3.33,3.59
04/03/2014,0.03,,0.02,,0.05,0.11,0.46,0.95,1.79,2.38,2.8,3.38,3.62
04/02/2014,0.02,,0.02,,0.06,0.12,0.47,0.94,1.8,2.39,2.82,3.4,3.65
04/01/2014,0.02,,0.04,,0.06,0.13,0.44,0.91,1.74,2.32,2.77,3.35,3.6
03/31/2014,0.03,,0.05,,0.07,0.13,0.44,0.9,1.73,2.3,2.73,3.31,3.56
03/28/2014,0.03,,0.04,,0.06,0.13,0.45,0.93,1.74,2.31,2.73,3.29,3.55
03/27/2014,0.02,,0.04,,0.06,0.12,0.45,0.9,1.7,2.26,2.69,3.25,3.52
03/26/2014,0.05,,0.05,,0.07,0.12,0.45,0.89,1.7,2.27,2.71,3.29,3.55
03/25/2014,0.05,,0.05,,0.08,0.13,0.47,0.92,1.76,2.32,2.75,3.32,3.59
03/24/2014,0.05,,0.06,,0.08,0.14,0.47,0.93,1.76,2.31,2.74,3.31,3.57
03/21/2014,0.05,,0.06,,0.08,0.14,0.45,0.91,1.73,2.3,2.75,3.34,3.61
03/20/2014,0.06,,0.06,,0.09,0.14,0.45,0.9,1.73,2.31,2.79,3.4,3.67
03/19/2014,0.07,,0.06,,0.09,0.15,0.47,0.91,1.75,2.31,2.78,3.39,3.66
03/18/2014,0.07,,0.05,,0.07,0.13,0.36,0.75,1.56,2.16,2.68,3.33,3.62
03/17/2014,0.05,,0.06,,0.08,0.13,0.38,0.77,1.58,2.19,2.7,3.34,3.63
03/14/2014,0.05,,0.05,,0.08,0.12,0.36,0.74,1.55,2.14,2.65,3.3,3.59
03/13/2014,0.06,,0.05,,0.08,0.12,0.34,0.74,1.53,2.14,2.66,3.31,3.6
03/12/2014,0.05,,0.05,,0.08,0.12,0.37,0.78,1.59,2.2,2.73,3.38,3.66
03/11/2014,0.06,,0.05,,0.08,0.13,0.37,0.79,1.62,2.25,2.77,3.43,3.7
03/10/2014,0.05,,0.05,,0.08,0.12,0.37,0.79,1.64,2.26,2.79,3.45,3.73
03/07/2014,0.06,,0.06,,0.09,0.13,0.38,0.79,1.65,2.27,2.8,3.45,3.72
03/06/2014,0.06,,0.05,,0.08,0.12,0.37,0.73,1.57,2.2,2.74,3.4,3.68
03/05/2014,0.06,,0.06,,0.09,0.13,0.33,0.71,1.54,2.16,2.7,3.36,3.64
03/04/2014,0.06,,0.05,,0.08,0.12,0.33,0.71,1.54,2.17,2.7,3.36,3.64
03/03/2014,0.04,,0.05,,0.08,0.12,0.32,0.66,1.46,2.07,2.6,3.27,3.55
02/28/2014,0.04,,0.05,,0.08,0.12,0.33,0.69,1.51,2.13,2.66,3.31,3.59
02/27/2014,0.04,,0.04,,0.07,0.11,0.33,0.68,1.49,2.11,2.65,3.31,3.6
02/26/2014,0.04,,0.05,,0.08,0.11,0.33,0.68,1.5,2.12,2.67,3.34,3.63
02/25/2014,0.04,,0.05,,0.08,0.11,0.34,0.7,1.53,2.16,2.7,3.37,3.66
02/24/2014,0.02,,0.05,,0.08,0.11,0.35,0.72,1.57,2.2,2.75,3.42,3.7
02/21/2014,0.02,,0.05,,0.08,0.12,0.33,0.71,1.56,2.19,2.73,3.41,3.69
02/20/2014,0.02,,0.05,,0.08,0.12,0.34,0.72,1.57,2.2,2.76,3.44,3.73
02/19/2014,0.04,,0.06,,0.09,0.11,0.33,0.69,1.53,2.17,2.73,3.42,3.71
02/18/2014,0.02,,0.05,,0.08,0.12,0.31,0.67,1.5,2.14,2.71,3.4,3.68
02/14/2014,0.01,,0.02,,0.07,0.11,0.32,0.71,1.53,2.17,2.75,3.41,3.69
02/13/2014,0.01,,0.03,,0.08,0.12,0.32,0.7,1.51,2.16,2.73,3.4,3.7
02/12/2014,0.01,,0.05,,0.09,0.12,0.35,0.74,1.59,2.23,2.8,3.45,3.72
02/11/2014,0.05,,0.05,,0.1,0.12,0.35,0.71,1.54,2.19,2.75,3.42,3.69
02/10/2014,0.07,,0.07,,0.1,0.12,0.32,0.66,1.48,2.13,2.7,3.38,3.66
02/07/2014,0.1,,0.08,,0.09,0.12,0.3,0.66,1.47,2.13,2.71,3.39,3.67
02/06/2014,0.07,,0.07,,0.08,0.13,0.33,0.69,1.52,2.17,2.73,3.42,3.67
02/05/2014,0.13,,0.07,,0.07,0.12,0.32,0.66,1.5,2.14,2.7,3.4,3.66
02/04/2014,0.12,,0.06,,0.07,0.12,0.31,0.65,1.46,2.09,2.64,3.33,3.59
02/03/2014,0.04,,0.05,,0.07,0.11,0.3,0.64,1.44,2.07,2.61,3.29,3.55
01/31/2014,0.03,,0.02,,0.06,0.1,0.34,0.69,1.49,2.13,2.67,3.35,3.61
01/30/2014,0.04,,0.02,,0.06,0.1,0.36,0.72,1.55,2.19,2.72,3.4,3.65
01/29/2014,0.04,,0.04,,0.07,0.11,0.36,0.71,1.52,2.15,2.69,3.36,3.62
01/28/2014,0.05,,0.05,,0.07,0.11,0.38,0.75,1.59,2.22,2.77,3.43,3.68
01/27/2014,0.04,,0.05,,0.07,0.11,0.37,0.76,1.61,2.24,2.78,3.43,3.67
01/24/2014,0.04,,0.04,,0.06,0.11,0.37,0.75,1.58,2.2,2.75,3.4,3.64
01/23/2014,0.01,,0.04,,0.05,0.11,0.39,0.77,1.62,2.24,2.79,3.44,3.68
01/22/2014,0,,0.04,,0.07,0.11,0.44,0.85,1.72,2.34,2.87,3.52,3.75
01/21/2014,0.01,,0.04,,0.07,0.12,0.4,0.81,1.67,2.29,2.85,3.5,3.74
01/17/2014,0.01,,0.05,,0.07,0.11,0.4,0.79,1.64,2.27,2.84,3.5,3.75
01/16/2014,0.01,,0.04,,0.07,0.11,0.41,0.8,1.66,2.3,2.86,3.52,3.77
01/15/2014,0.01,,0.04,,0.06,0.13,0.41,0.81,1.68,2.33,2.9,3.55,3.81
01/14/2014,0,,0.04,,0.06,0.11,0.39,0.78,1.65,2.3,2.88,3.54,3.8
01/13/2014,0,,0.03,,0.06,0.11,0.39,0.74,1.6,2.25,2.84,3.52,3.77
01/10/2014,0.01,,0.05,,0.06,0.12,0.39,0.77,1.64,2.29,2.88,3.54,3.8
01/09/2014,0.01,,0.04,,0.06,0.13,0.44,0.86,1.75,2.41,2.97,3.62,3.88
01/08/2014,0,,0.05,,0.08,0.13,0.43,0.87,1.77,2.44,3.01,3.67,3.9
01/07/2014,0.01,,0.04,,0.08,0.13,0.4,0.8,1.69,2.37,2.96,3.64,3.88
01/06/2014,0.01,,0.05,,0.08,0.12,0.4,0.78,1.7,2.38,2.98,3.66,3.9
01/03/2014,0.02,,0.07,,0.1,0.13,0.41,0.8,1.73,2.42,3.01,3.69,3.93
01/02/2014,0.01,,0.07,,0.09,0.13,0.39,0.76,1.72,2.41,3,3.68,3.92
