Country,Country Code,1973-Q1,1973-Q2,1973-Q3,1973-Q4,1974-Q1,1974-Q2,1974-Q3,1974-Q4,1975-Q1,1975-Q2,1975-Q3,1975-Q4,1976-Q1,1976-Q2,1976-Q3,1976-Q4,1977-Q1,1977-Q2,1977-Q3,1977-Q4,1978-Q1,1978-Q2,1978-Q3,1978-Q4,1979-Q1,1979-Q2,1979-Q3,1979-Q4,1980-Q1,1980-Q2,1980-Q3,1980-Q4,1981-Q1,1981-Q2,1981-Q3,1981-Q4,1982-Q1,1982-Q2,1982-Q3,1982-Q4,1983-Q1,1983-Q2,1983-Q3,1983-Q4,1984-Q1,1984-Q2,1984-Q3,1984-Q4,1985-Q1,1985-Q2,1985-Q3,1985-Q4,1986-Q1,1986-Q2,1986-Q3,1986-Q4,1987-Q1,1987-Q2,1987-Q3,1987-Q4,1988-Q1,1988-Q2,1988-Q3,1988-Q4,1989-Q1,1989-Q2,1989-Q3,1989-Q4,1990-Q1,1990-Q2,1990-Q3,1990-Q4,1991-Q1,1991-Q2,1991-Q3,1991-Q4,1992-Q1,1992-Q2,1992-Q3,1992-Q4,1993-Q1,1993-Q2,1993-Q3,1993-Q4,1994-Q1,1994-Q2,1994-Q3,1994-Q4,1995-Q1,1995-Q2,1995-Q3,1995-Q4,1996-Q1,1996-Q2,1996-Q3,1996-Q4,1997-Q1,1997-Q2,1997-Q3,1997-Q4,1998-Q1,1998-Q2,1998-Q3,1998-Q4,1999-Q1,1999-Q2,1999-Q3,1999-Q4,2000-Q1,2000-Q2,2000-Q3,2000-Q4,2001-Q1,2001-Q2,2001-Q3,2001-Q4,2002-Q1,2002-Q2,2002-Q3,2002-Q4,2003-Q1,2003-Q2,2003-Q3,2003-Q4,2004-Q1,2004-Q2,2004-Q3,2004-Q4,2005-Q1,2005-Q2,2005-Q3,2005-Q4,2006-Q1,2006-Q2,2006-Q3,2006-Q4,2007-Q1,2007-Q2,2007-Q3,2007-Q4,2008-Q1,2008-Q2,2008-Q3,2008-Q4,2009-Q1,2009-Q2,2009-Q3,2009-Q4,2010-Q1,2010-Q2,2010-Q3,2010-Q4,2011-Q1,2011-Q2,2011-Q3,2011-Q4,2012-Q1,2012-Q2,2012-Q3,2012-Q4,2013-Q1,2013-Q2,2013-Q3,2013-Q4,2014-Q1,2014-Q2,2014-Q3,2014-Q4,2015-Q1,2015-Q2,2015-Q3,2015-Q4,2016-Q1,2016-Q2,2016-Q3,2016-Q4,2017-Q1,2017-Q2,2017-Q3,2017-Q4,2018-Q1,2018-Q2,2018-Q3,2018-Q4,2019-Q1,2019-Q2,2019-Q3,2019-Q4,2020-Q1,2020-Q2,2020-Q3,2020-Q4,2021-Q1,2021-Q2,2021-Q3,2021-Q4,2022-Q1,2022-Q2,2022-Q3,2022-Q4,2023-Q1
Australia,AUS,350.197536,318.735649,92.7528005,101.9130508,-420.995803,-795.788453,-759.673054,-561.602636,-81.6134448,58.301769,-251.1452941,-454.538194,-475.258229,-278.79624,-328.469984,-482.212038,-788.043605,-780.479256,-855.052733,-319.199954,-869.382077,-930.082386,-1185.760317,-1181.089446,-675.21146,-659.614275,-609.57594,-235.6351901,-361.335705,-675.537618,-1590.697585,-1424.720925,-1272.750317,-1910.85454,-1955.659573,-2635.67353,-2597.180327,-2278.203132,-1542.100694,-1485.200451,-1580.203562,-1241.852049,-1635.525756,-1322.803257,-1969.960097,-1727.139105,-2091.732125,-2456.808719,-1806.248216,-1839.915647,-2430.928372,-2477.600431,-2739.442987,-2638.8727,-1993.876028,-1956.472892,-1964.122988,-1705.069205,-1772.578497,-1806.095521,-1755.350071,-2374.9587,-2721.937121,-3660.218635,-4336.445367,-4442.031776,-4809.496631,-4870.790388,-4781.523974,-3505.937616,-3448.466096,-3946.03691,-3115.182019,-2613.013531,-2498.169621,-2420.563487,-2364.916927,-2616.261838,-2948.444827,-2431.046448,-2222.225089,-2444.433765,-2450.965329,-2235.002335,-2350.781998,-3784.958487,-4969.441916,-4952.25005,-5334.072697,-4621.267756,-4194.835998,-4758.189281,-3989.064876,-2897.929604,-4096.259469,-3715.264685,-3253.096891,-2103.072046,-3258.992876,-3722.442721,-4984.921956,-3948.61546,-5011.605354,-4741.000227,-5605.912488,-6108.082598,-5911.822674,-4948.490191,-5143.813866,-4917.542187,-3291.089971,-3131.517803,-2251.65558,-1937.263783,-1615.743374,-2634.280188,-2627.364861,-3811.8624,-4191.391041,-5564.169313,-5966.804092,-7322.250041,-7326.961688,-8231.506641,-9512.778392,-8759.579444,-10528.31201,-12554.02638,-11934.82774,-10431.61281,-10926.31304,-10691.07813,-10069.53234,-11931.57161,-11520.25609,-12737.91293,-13242.93748,-15436.63991,-16681.7103,-18727.1316,-18227.21426,-16811.89942,-11173.09832,-5972.962539,-2885.866486,-11817.05346,-13727.95934,-18680.96516,-16051.51998,-8771.487409,-9542.440343,-11433.49563,-12086.05949,-11938.81272,-9979.460033,-11119.52355,-18330.02489,-14153.84448,-17070.86192,-18706.20744,-14133.16456,-13409.55004,-13170.47984,-10204.23235,-9712.26648,-11418.20612,-12400.0086,-10578.69239,-10795.05433,-15974.12888,-14326.47704,-15645.28371,-12709.34342,-13085.41979,-10636.64824,-4678.731596,-6480.575918,-8175.898706,-9363.754459,-11452.44141,-9406.981781,-9931.333468,-7500.137024,-4475.085062,-2935.189749,1946.454119,4537.729355,1376.077286,3808.207965,8994.144826,7192.43814,10169.37176,15791.99978,13311.36864,16024.95081,4548.101575,3274.741237,8363.473505,-560.2860479,7682.663676,8411.737593
Austria,AUT,,,,,,,,,,,,,,,,,,,,,,,,,,,,,,,,,,,,,,,,,,,,,,,,,,,,,,,,,,,,,,,,,,,,,,,,,,,,,,,,,,,,,,,,,-1639.400813,-2106.610257,-1290.166702,-1980.90127,-1923.009736,-2041.542694,-2024.946977,-1373.32831,-1520.698661,-1609.078454,-1680.42556,-919.601876,-1333.882121,-765.959602,-1202.394578,-984.479869,-1223.948843,-1314.741315,-1608.758395,-990.503103,-366.2423041,-235.6689119,-458.64185,-104.1490105,-1038.389103,-635.677866,17.15989395,104.8957842,1294.992236,457.5164605,1184.671447,1242.104324,982.736824,809.601761,931.455562,1360.984971,1938.156006,1922.755018,1377.765405,654.0734572,2933.113202,725.4790699,1371.264935,2620.288239,2372.67782,2199.004533,2593.118946,4236.102945,3642.859672,4234.467576,3294.231669,3040.052414,7470.642793,4456.264651,5282.021081,2480.837922,2695.71692,2409.93223,3022.814337,2883.282092,3613.277064,2128.602062,2893.518296,2534.764948,1593.709282,1875.423902,339.5341037,3286.263518,1244.412941,2036.864216,2147.410072,1377.801794,3541.935587,1927.167989,1566.359768,1664.810638,117.8344248,2358.738917,1892.883569,5766.271862,2555.302034,2329.497643,1017.788816,1349.092215,3941.776448,3204.215741,2700.956665,1507.339114,440.7379879,1785.21478,1139.221992,3251.917707,2566.575775,1966.706245,1236.4209,-1259.692363,3067.885315,2362.98893,2555.469944,2089.773196,4382.197904,2555.820115,4096.131083,1507.180541,-1683.516161,757.947309,2431.399459,480.4841559,-930.4503063,1002.652587,1516.951789,2721.508046,1891.554767
Belgium,BEL,,,,,,,,,,,,,,,,,,,,,,,,,,,,,,,,,,,,,,,,,,,,,,,,,,,,,,,,,,,,,,,,,,,,,,,,,,,,,,,,,,,,,,,,,,,,,,,,,,,,,,,,,,,,,,,,,,,,,,,,,1780.548845,3658.69805,2203.061837,3932.913329,3202.724954,2577.032463,2676.903992,3422.11565,3910.397628,3207.900374,352.2028671,672.9062587,749.3865017,671.0091831,2679.82967,4166.664799,3817.395083,2903.845629,2513.367451,-201.7748792,9907.708916,-3875.13606,-7097.528098,-4629.906666,-753.1170952,-5307.461488,9151.46297,7048.037589,2245.880553,3740.248343,2787.628657,-2049.292881,-5440.798312,-5559.871193,585.8924712,566.067164,-515.1187416,3700.011274,-327.9461771,-3905.185931,900.5413046,-3156.05497,5463.409683,3414.097815,1464.606213,3311.447083,-5449.557649,5070.066916,-502.221709,4738.19192,940.0623265,1037.7342,3301.54705,-359.9604955,-370.9960572,223.8250138,-538.7861046,374.1859222,3032.003697,780.736036,1356.875842,-1735.372611,-50.01320932,-3933.534749,-1398.168513,-1994.24735,3108.60738,983.8690883,-217.817585,2654.771033,2529.941056,674.3990983,1546.32948,3303.952239,5733.396226,-7257.537683,-4280.163269,-5681.599503,-9552.755386,-685.8012958,-6128.960741
Canada,CAN,,,,,,,,,,,,,,,,,,,,,,,,,,,,,,,,,-3091.580543,-3555.078187,-3596.60235,-2608.581622,-353.6184483,302.5472172,1280.868826,274.0690414,-381.8171443,74.82283323,-1056.501167,-1498.641001,-1124.371378,-622.977212,-304.7838529,381.8138475,-360.9509668,-1447.830671,-2212.317114,-2045.547416,-2952.294825,-2779.256225,-3107.528691,-2770.535,-2626.948974,-3021.383404,-3483.456627,-4861.73389,-3793.523276,-3372.086165,-4733.975148,-3702.935483,-4377.326493,-6165.169019,-5690.454349,-6231.523434,-6260.853058,-4620.433426,-4418.626947,-5145.390401,-5578.119078,-5282.538089,-6242.141966,-5750.555138,-6173.263912,-5535.746107,-5748.30007,-4077.121869,-4807.530758,-5381.752416,-5953.122225,-6053.061689,-3990.826185,-4629.839171,-2605.936752,-2558.777222,-1213.618184,-3174.110279,-1353.724698,771.7386923,16.07565397,1880.686949,739.0129237,-20.74236091,-535.1369011,-1670.040117,-4033.859609,-2488.260916,-2727.89957,-2588.24092,-1783.783891,-1456.883797,-237.0467357,-425.9097702,1245.329169,636.7636426,3843.862362,4172.040127,5212.543797,5728.338175,6992.793028,4759.800934,2655.181107,2035.571757,4448.912662,3557.245576,2705.351819,2470.975497,2416.601318,678.0268466,3785.056069,4285.722096,5182.19413,6643.583769,6051.073841,6201.690769,2542.452976,3121.032882,6577.762657,10645.86049,5915.460135,4036.364255,4401.787418,4684.5758,3389.58932,5377.227403,1169.333928,1926.679422,3673.797731,5512.726208,3909.004693,-8990.428938,-8565.940476,-9377.824241,-11869.16133,-10506.29239,-12799.54033,-14111.49875,-19287.21214,-11348.90248,-13596.79524,-14173.76731,-10130.21271,-10823.92232,-13177.67603,-17157.77048,-17380.22749,-16932.48892,-14992.92222,-15244.21734,-13541.60118,-14272.51944,-10702.29495,-9373.349115,-8771.39672,-12945.65143,-15580.21437,-13552.00611,-11988.73525,-13420.28757,-13574.48135,-13823.36757,-12584.22508,-7262.513535,-9505.940424,-11126.71898,-13430.95283,-12303.68543,-11905.82872,-9736.330845,-7034.900646,-12355.07996,-13145.36094,-4878.181215,-9579.492369,-6468.357825,-13889.06012,-5545.90573,-9958.919021,-6117.731629,-165.0459023,-1931.114091,-3058.810897,-251.6407568,3104.564094,3786.373377,-7515.892075,-5931.43863,-4561.363573
Switzerland,CHE,,,,,,,,,,,,,,,,,,,,,,,,,,,,,,,,,,,,,,,,,,,,,,,,,1357.96135,1392.733533,1436.554871,2003.720854,1326.665577,1843.99514,1110.466572,738.40453,884.938311,1136.846876,2224.26306,2574.022447,2813.037802,2006.632238,2049.731214,2216.760192,2139.194589,1999.925124,1845.657226,1826.833288,1592.01257,1981.731998,2237.073048,2061.761175,2607.304888,2520.110415,2934.261059,3160.675618,3090.457051,2906.284337,3756.241804,3342.10074,4341.990033,4067.014717,3975.136476,5154.936659,4484.546647,3075.320121,3994.395239,4830.141751,3424.329651,3826.659335,4676.280409,4516.510233,4959.156164,3703.491415,4708.550646,4282.562671,6092.031177,5606.175149,6293.131523,7065.015572,4217.874208,8292.54587,6003.611766,5030.228962,1579.733829,7420.10454,8617.35757,7491.65129,6121.977378,7520.17513,6795.351145,8774.90409,4245.427527,4292.428378,3027.748026,7281.133709,2317.003004,4778.53778,6872.830582,7822.952772,8122.779831,9022.770394,9102.67515,13312.95843,13069.47534,12633.17763,12536.41445,11524.81395,14229.89415,12647.61555,10358.18475,10674.45662,13899.26499,11658.38467,13860.68759,16674.95261,8086.708101,12356.89231,14649.00654,3881.897336,2226.060026,9591.194436,-4331.643498,-1370.797191,-3931.789115,12266.91663,9919.553015,14038.04664,20762.85317,16923.44982,19247.8085,22386.37076,12932.78006,14080.39743,7859.714858,10201.9618,9717.098455,15356.53426,15411.52886,17515.67785,14437.56451,19839.88179,22453.60195,12357.4708,12374.84922,5098.227234,9051.790047,21796.15545,14680.04882,13182.34298,18641.61616,13598.21995,6157.458228,12454.0306,12759.6107,18024.10385,6734.674577,8643.912334,7817.472884,11749.23462,12666.4283,15447.17921,8183.058927,4261.662127,-56.12974805,10028.48401,14029.42429,4249.729454,8682.246813,4873.809798,13080.86313,-23365.75195,22753.25039,17887.20143,23168.13373,7758.918648,27836.25556,12559.51273,28535.51131,15960.30139,21157.29844
Chile,CHL,,,,,,,,,,,,,,,,,,,,,,,,,,,,,,,,,,,,,,,,,,,,,,,,,,,,,,,,,,,,,,,,,,,,,,,,,,,,,,,,,,,,,,,,,,,,,,,,,,,,,,,,,,,,,,,,,,,,,,,,,-33.1112399,-510.418438,358.26086,915.432809,210.9774663,590.028303,647.308914,612.876171,707.05247,154.4544214,322.75718,1276.775262,1459.426916,2759.24698,1982.127459,3056.899371,2584.891442,3104.809182,2577.318631,584.821304,878.902258,-1957.291707,-3693.653602,-3247.276962,-276.3788157,517.864206,1041.649661,1187.055656,216.4512822,-261.4761145,505.607065,1628.360289,-2464.58196,-2293.917455,-3963.277359,-3612.100634,-2469.47261,-3607.676076,-4312.201265,-4058.540345,-3388.996258,-3617.652876,-3102.746397,-2938.277202,-3340.723672,-1955.729749,-1450.148581,-1910.325453,-1251.096478,-1086.68846,-1890.695981,-2568.322724,-1888.736864,-1903.16236,-2123.354862,-1672.997694,-2406.393231,-2538.172972,-1248.878253,-482.4012226,-2849.922677,-3428.771668,-2763.89565,-4183.048445,-2652.827004,-4195.192442,-3732.221967,-3683.020453,-4335.916073,451.3840625,-747.923142,-962.373222,-4042.060188,-4452.254732,-6591.455408,-7651.647781,-7024.182082,-9486.04108,-6233.509232,-4460.941825,-362.7663379
Colombia,COL,,,,,,,,,,,,,,,,,,,,,,,,,,,,,,,,,,,,,,,,,,,,,,,,,,,,,,,,,,,,,,,,,,,,,,,,,,,,,,,,,,,,,,,,,,,,,,,,,,,,,,,,,,,,,350.1071,15.51952,251.9564,227.815,-222.6582,-348.3801,-126.5289,-344.6862,-141.663,-347.7961,-341.6331,-451.9196,-499.2808,-79.55277,10.43172,-365.7357,-445.8257,-225.3698,67.54923,-192.6415,-387.513133,-296.3967859,-929.277368,-352.0731468,-492.143936,-705.746113,-823.250601,-942.227423,-1994.807209,-1420.63149,-1524.346367,-1228.630338,-1205.582637,-1104.12119,-1748.869561,-2352.886468,-884.411052,-982.609803,-1275.839261,-1296.285706,-1132.220362,-1711.507097,-3148.507014,-2448.426761,-1860.34956,-2260.823565,-2965.872646,-2603.814919,-1633.951934,-3840.877987,-3463.486396,-2605.432053,-3369.054595,-2762.819251,-3420.152559,-2831.96514,-4029.770216,-4792.641567,-4781.206467,-6192.855285,-5335.796273,-4841.473811,-4787.947192,-3793.951717,-3563.900644,-3077.736794,-3399.028036,-2627.409105,-3325.256568,-2765.909489,-2423.900387,-1460.920451,-2778.128984,-3838.134122,-3319.710036,-4107.228274,-3541.28003,-3661.807164,-4214.236205,-3409.245081,-2130.091173,-2247.301776,-1968.939638,-2884.000154,-2925.630248,-4396.099251,-4742.356612,-5772.018169,-5084.98741,-5437.949811,-6008.749473,-4894.478173,-2985.328611
Costa Rica,CRI,,,,,,,,,,,,,,,,,,,,,,,,,,,,,,,,,,,,,,,,,,,,,,,,,,,,,,,,,,,,,,,,,,,,,,,,,,,,,,,,,,,,,,,,,,,,,,,,,,,,,,,,,-161.766627,-129.969844,-288.174394,-247.016586,-145.912107,-239.152376,-160.6258,-158.150441,-79.521338,-180.880409,-133.70723,-133.906293,-175.929819,-283.309352,-187.927278,-223.803806,-313.522138,-224.249434,-189.393216,-177.202773,-131.981971,-217.860049,-202.68273,-125.164509,-180.529943,-142.006487,-252.44219,-278.534457,-191.253378,-214.397301,-294.248191,-233.824054,-336.73453,-316.153578,-361.680435,-470.811216,-527.278298,-981.89229,-669.160353,-423.893595,-109.081089,-42.8380924,-130.131299,-258.092188,-155.011135,-336.61891,-276.329634,-458.688733,-424.016588,-393.111071,-790.433984,-695.719589,-704.319447,-485.859454,-510.831026,-747.63839,-712.151728,-703.757125,-513.246911,-537.480635,-826.325744,-673.652502,-606.950912,-381.522504,-452.211663,-524.068154,-635.444712,-318.669242,-171.331316,-401.142401,-368.519336,-303.22557,-680.853392,-433.842374,-595.354194,-466.089192,-294.748381,-760.631257,-212.044054,-586.901278,-245.42741,-156.8797866,-131.6895781,-278.26177,114.2724714,-494.66147,-327.437996,-25.3935102,-144.4786081,-433.118544,-324.699894,-692.210812,-1024.504512,-309.134051,-563.735683,-801.327103,
Czech Republic,CZE,,,,,,,,,,,,,,,,,,,,,,,,,,,,,,,,,,,,,,,,,,,,,,,,,,,,,,,,,,,,,,,,,,,,,,,,,,,,,,,,,310.16,345.9643,56.52448,-229.8135,127.7122,-114.2967,-448.8302,-445.595,-224.227842,-385.804459,-279.274707,-541.863694,-715.941007,-905.036865,-1246.106941,-1106.471157,-1301.032365,-1151.911099,-677.163649,-491.52217,-457.099384,-60.49059,-114.9049935,-700.084205,-484.504702,-297.29832,-96.4494942,-517.331828,-604.071468,-569.485132,-747.249537,-868.611538,-1073.628276,-871.22435,-798.832364,-454.164043,-1008.528178,-940.927787,-1175.601385,-1049.846037,-879.541649,-1396.992055,-1380.158478,-1852.057794,-1045.257608,-1110.298945,-1529.763772,-289.1360312,-824.602258,-1184.70802,-519.986412,-703.666047,-129.3554867,-1098.822305,-1257.948502,-1586.95517,-1542.261204,-2050.817375,-2816.940413,-2100.07127,60.7600988,-2518.011112,407.5224523,-1303.111295,-1655.98354,-1772.547854,-703.615149,-512.2497811,-160.9868121,-1238.56695,-3781.560415,-1620.235481,49.22377336,-3987.870923,202.0974276,-1105.156487,-652.864739,-189.0804838,-1053.988421,-1257.776239,-1649.787843,-242.7722669,215.2305318,208.6665581,1127.292847,-162.5751224,1.603006538,770.980318,756.56216,-750.576686,43.300991,1364.080366,2928.801673,413.0218107,1247.952709,-900.661379,1778.330241,914.598719,-14.36339953,293.9052254,-267.8514236,44.75879934,-539.822695,1387.122589,-1153.155196,1314.572908,908.349101,-131.4704747,1495.647412,-874.930767,5448.49518,-913.278457,-545.8706185,-1838.550991,-2504.952068,-3051.802443,-3838.080211,-4579.104773,-5125.92375,-4225.665306,-663.2494591
Germany,DEU,,,,,,,,,,,,,,,,,,,,,,,,,,,,,,,,,,,,,,,,,,,,,,,,,,,,,,,,,,,,,,,,,,,,,,,,,-10266.50716,-7475.591915,-4080.137756,-5604.430451,-7225.710166,-6430.712697,-2222.678528,-9753.415794,-4052.774986,-5025.751756,-6754.339645,-6315.879872,-8025.291299,-5045.783908,-9268.316191,-11953.92391,-9400.997307,-7379.816426,-7912.092151,-9222.429607,-5609.312647,-6230.061954,-3205.873845,-3991.024116,-9238.796165,-2444.259551,215.6840951,-1550.495338,-4839.95357,-2122.764874,-2382.892523,-6781.637814,-11391.6204,-4269.768994,-7345.321368,-9363.004647,-6162.26754,-6151.19566,-11019.43429,-12101.11702,-6220.200525,-3898.752876,-263.9279063,1644.11776,5500.401099,9364.642131,14564.58067,8494.035453,3748.989842,7182.094042,13044.29963,10067.39455,30061.78275,37327.23981,29606.47535,28138.75066,35845.41805,36550.19629,35367.77452,25529.14762,34876.18222,41289.69641,44281.11838,50173.52112,54958.93407,60132.9862,60721.20492,57824.03338,63597.40593,68393.92082,50345.5955,33688.07787,37613.38871,45236.26231,55832.17177,62153.73128,48573.60557,45635.56007,48282.10533,53198.09516,55482.41982,57561.1628,62813.20222,55968.19451,62847.84012,64421.15626,66288.93157,57693.91616,56863.22289,63209.1844,60210.32089,66258.31025,66607.52851,68962.91549,76757.62712,70924.02891,66902.78308,73078.27257,80203.1869,73185.98621,70805.14236,87042.4639,76379.12101,67101.87995,67265.91381,62600.31122,83728.33349,78287.87372,86848.69156,90172.47504,75663.8777,66465.23002,81822.09638,79249.51299,87494.5732,72179.2271,63358.13565,45850.53731,83293.74048,82402.03649,85287.8462,87316.26369,93872.86948,66678.13689,53242.58146,40909.5428,38377.70079,42846.31256,57831.49108
Denmark,DNK,,,,,,,,,,,,,,,,,,,,,,,,,,,,,,,,,,,,,,,,,,,,,,,,,,,,,,,,,,,,,,,,,,,,,,,,,,,,,,,,,,,,,,,,,,,,,,,,,,,,,,,,,,,,,,,,,,,,,,,,,,,,,,,,,2764.610616,2599.398484,2896.848578,2544.667827,2338.377094,2102.545013,2792.176917,1845.665625,-419.756405,1143.220076,1191.409578,2539.026947,1985.527225,2702.146613,3496.362573,1765.906521,2227.780618,3042.427435,2729.794023,3201.141595,4711.191134,4495.195536,5928.139388,5824.887677,6215.622798,5671.086651,5542.346714,5121.22377,3828.464967,6198.555359,5611.648366,4744.474371,6107.252299,6562.595171,7008.003339,6906.343055,7052.98211,7525.012809,8903.00281,7968.800753,7686.30696,5675.145776,6627.497368,5041.908125,6028.253177,6053.216099,5224.31509,7222.996013,6540.142824,7385.781274,6705.094929,6007.07932,6506.463383,4362.26873,7674.094285,7378.124123,5426.749397,8461.351329,7911.590871,7577.879191,7272.13916,8099.83872,8004.351843,5396.247154,9371.090168,8332.919076,9343.459017,9814.353766,12230.57369,13402.88162,15991.01919,12555.00606,13910.33121
Spain,ESP,,,,,,,,,,,,,,,,,,,,,,,,,,,,,,,,,,,,,,,,,,,,,,,,,,,,,,,,,,,,,,,,,,,,,,,,,,,,,,,,,-2562.385,-3335.184,-1830.438,-3096.202,-1214.064,-2677.36,-3025.046,-4802.347,-2379.456563,-2498.744391,-2712.44724,-1541.344853,-1851.449626,-2509.099753,-744.2517175,-1318.247608,-2043.311315,-829.3219126,-678.4453375,-1531.030362,-2472.700699,-1780.530053,-2224.069317,-4328.448061,-3759.216017,-5048.644606,-5957.561512,-5839.490714,-6321.016082,-6480.790094,-6852.239264,-6243.054741,-6733.173544,-7335.796372,-6847.935106,-6598.683525,-5967.757714,-6349.21739,-5975.230367,-8140.724446,-7683.701607,-8477.557354,-9776.210264,-10092.82415,-12013.0118,-14865.86574,-15449.09336,-16865.81979,-20948.27811,-20680.6598,-20744.88008,-20732.87487,-24291.73622,-26205.76002,-28942.91841,-31152.80663,-29303.6308,-32963.02405,-36999.8484,-39992.48049,-42018.46846,-41287.95216,-34336.23097,-26988.0081,-16756.18278,-13059.56847,-14676.65599,-16460.07551,-11603.70774,-14236.69943,-13936.06317,-11942.97567,-11468.50916,-9647.863554,-9993.435612,-9580.322647,-5623.946623,-2416.627844,2806.236651,6315.886747,6130.317666,8847.153218,5615.887735,5957.746844,4569.841093,2959.27411,6746.995773,8808.396178,6623.012472,5577.772697,6591.107051,6521.292795,8345.639809,11023.48344,11003.46673,9773.866898,8613.437145,9264.502178,9122.552243,9781.622937,8335.18393,7269.313331,5802.871812,6239.089642,6731.113317,8391.613224,6982.918904,8540.9539,5783.395434,-842.3015393,1971.754466,5170.35616,3972.325346,-206.1134872,4291.362277,4926.02963,4253.210355,-1510.069614,-67.09855517,5698.135039,21322.33613
Estonia,EST,,,,,,,,,,,,,,,,,,,,,,,,,,,,,,,,,,,,,,,,,,,,,,,,,,,,,,,,,,,,,,,,,,,,,,,,,,,,,,,,,25.34608,6.554866,10.43805,-16.0741,-36.20504,-25.9164,-59.34833,-40.03178,-51.722694,-64.873367,-1.8122092,-51.189387,-91.484059,-74.766952,-117.356054,-138.48985,-145.2051,-100.921199,-177.09665,-173.35043,-153.41534,-139.070373,-163.30957,-62.840446,-79.132679,-92.830512,-26.136712,-68.58363,-4.7340891,-60.704017,-131.306015,-111.312881,-90.845508,-93.84211,-146.679376,-140.630953,-210.96737,-202.62905,-218.30765,-244.21804,-313.35646,-273.88769,-350.30357,-394.00016,-427.93902,-481.72697,-158.979559,-460.00754,-196.654806,-279.898354,-398.7813,-364.978396,-525.73353,-556.34792,-672.57631,-892.13577,-908.06232,-780.15076,-921.54345,-852.94991,-747.5836,-569.908686,-595.280847,-282.3412,105.995637,82.00009,162.156233,168.533402,101.428535,67.125745,183.233668,-33.1724651,-40.8457303,49.2127269,189.754459,98.889972,72.771123,-177.01677,-238.553532,-81.463735,84.967558,54.3253436,-78.005147,32.2502805,-72.71943,83.05815,-1.27382547,177.709947,30.611603,225.793587,91.720313,49.4592402,-47.8932275,128.540465,162.481506,37.7016178,248.942642,131.235095,105.7603,141.184808,193.870399,192.645872,-99.872915,4.60357144,264.334352,249.246204,71.978659,162.025365,393.762271,368.949407,-216.660422,-864.40254,-358.310002,-678.319966,-71.0947413,344.812311,-56.5872214,-381.309131,-278.291483,-344.212143,188.433748
Finland,FIN,,,,,,,,,,,,,,,,,,,,,,,,,,,,,,,,,,,,,,,,,,,,,,,,,,,,,,,,,,,,,,,,,,,,,,,,,,,,,,,,,,,,,,,,,1528.598688,1336.78218,1276.599656,1439.186708,1376.395452,1316.571777,1426.594881,992.855918,1278.889579,1553.202182,1688.705169,2011.120411,1475.544739,1877.211858,1534.497618,2009.689921,688.677341,2133.755679,1780.13518,1987.91334,2145.952232,2228.049305,2847.768078,1885.930601,2750.575561,2510.806673,2631.045276,2677.569916,2671.634471,2666.084157,3160.660391,2880.737175,1848.67947,2430.496481,2087.620019,1636.7983,2722.57511,2277.703976,2649.654017,3690.787366,1769.157597,1035.197606,2063.944056,2116.800762,1689.315918,2579.706244,2306.582619,1843.275806,1667.695297,2525.266067,3775.261155,2710.429702,3133.843803,1299.618962,976.556897,21.15969137,2374.084361,705.8972,915.839317,851.171886,1637.965704,1347.011926,237.948163,939.040285,-103.4634412,-276.4087846,-341.0083316,-2167.283279,-3120.9877,210.7747632,-1281.222551,-1292.438809,-1566.93995,-745.836189,-2046.214663,-1519.361624,-943.683042,-918.913008,-1482.556678,-881.22921,-780.247818,96.8152668,-175.3014473,-1355.670418,-699.062226,-704.994386,-1325.826822,-1512.069279,-605.686573,-336.2017158,-761.051393,-544.0185219,-1402.714429,-882.876274,-1760.909695,-1336.089899,109.0923125,60.35053174,-248.5429836,-105.078719,-1412.820454,888.339867,-56.88155479,1511.88759,325.1784847,2043.413143,1114.936914,-3536.760295,-2094.618609,-3755.881156,-2359.050718,-1863.348686,-681.3096554
France,FRA,,,,,,,,,,,,,,,,,,,,,,,,,,,,,,,,,,,,,,,,,,,,,,,,,,,,,,,,,,,,,,,,,,,,,,,,,,,,,,,,,,,,,,,,,,,,,,,,,,,,,,,,,14529.44733,13014.1892,8346.612737,13781.47058,3780.608932,5365.23976,348.5871573,5555.216023,6184.122988,2818.7816,4815.777878,7330.985656,4803.169363,3669.224158,3969.66801,3960.640337,3453.045039,1794.303169,3753.915462,5437.990947,4604.256726,3000.662309,2936.87113,-841.7768079,366.6057273,490.9555334,1741.53746,-1727.483014,-666.6728967,131.5392188,2263.264053,3130.428103,2606.984719,15.30354875,-2880.867166,-5325.919163,-6941.27472,-7828.865661,-5504.550547,-2631.29929,-6073.448631,-5172.196519,1280.572486,-3650.442371,-5817.266519,-5865.868671,-3565.713135,-2212.42017,-14037.48819,-4594.026071,-6616.668985,2205.282721,-7355.552379,-8303.244749,-7627.447851,-2847.94197,-4377.480195,-3291.447249,-7890.678903,-1265.65715,-7346.882363,-14456.48661,-4209.34097,-1699.36033,-136.2480422,446.4588126,-3815.923505,-7078.111388,-5579.426763,-475.1542509,-6372.564532,-696.9015779,-11208.99592,-1386.36415,-389.8469134,-3666.701653,-8988.937342,-8082.095994,-1477.936095,-1772.952751,2596.322176,2112.081868,4985.156456,9930.466752,-10211.42854,-22940.50135,-12876.03828,4943.318566,-655.269529,-2573.997386,4758.850418,6904.002114,-4706.597764,-8934.362672,-21403.34824,-16427.94217,-8531.440653
United Kingdom,GBR,-615.258559,-339.7409799,-936.150358,-1100.518284,-1773.085808,-2224.121759,-2055.985025,-2119.211581,-1191.542371,-886.591778,-1606.659303,-495.1585997,184.1400044,-661.903541,-917.847627,-636.282018,-748.251711,-783.334836,288.4444512,368.5642735,-353.4046054,724.007626,44.4390323,651.1618372,-1476.67128,-426.8516703,165.2313253,-931.0401876,-798.0868465,-1151.33096,1827.88147,3569.068465,6129.88483,2941.103042,-317.8882166,1007.819532,1588.167878,-331.2531073,182.9518605,1652.134857,1523.765727,-933.3069123,912.5498236,-336.7213499,1028.031608,-1763.757761,-1429.380135,-253.149467,-1400.657612,309.2565409,99.04606814,-326.2439761,304.0514503,-1668.760447,-2982.999412,-1961.666217,-348.6212596,-3006.698824,-3552.7933,-6358.775156,-7435.632254,-7852.562288,-7447.094695,-12341.1654,-10193.52272,-10559.79838,-11343.73309,-8909.556567,-10697.35306,-10779.30903,-7157.300553,-7664.379477,-5760.928641,-3020.62299,-4363.726278,-3413.573428,-3867.889426,-5270.123744,-6115.738815,-4410.458895,-3456.352556,-4878.621091,-3710.860626,-3256.399422,-1532.188541,-2714.920215,-634.5967927,-1067.666582,1163.449939,-4635.637551,-3877.508277,-1667.074538,-2270.174117,-1742.695113,-2218.877176,-1868.220947,-1178.081551,-707.2754712,2627.300821,-3994.926182,-3827.958569,-5376.010588,3319.106284,-1037.515519,-11593.64756,-9142.515467,-9260.492767,-5693.892134,-6952.197838,-7149.465473,-8357.782101,-8554.821309,-4401.008875,-9103.63246,-8395.546174,-7949.864338,-8198.875736,-12318.40528,-7199.006421,-8633.307973,-4447.268305,-10788.166,-14206.47507,-9191.011978,-15025.06361,-15052.92129,-19593.61954,-7686.30404,-13675.77967,-4696.37923,-16648.43526,-16711.46539,-21085.28906,-19729.3309,-23706.18212,-21333.80828,-30917.08087,-22200.50154,-33688.75376,-30302.47125,-29053.75695,-33997.06083,-27886.46733,-25735.51114,-23970.20698,-22979.08721,-14718.79083,-13717.18415,-15858.13807,-14063.553,-21513.27572,-20558.97338,-6336.400909,-9543.054975,-18890.87473,-13331.90537,-13999.93256,-26583.18445,-21640.12237,-27210.71355,-31094.57019,-27738.85152,-33070.84286,-41562.87614,-31759.86104,-32149.51023,-41442.54411,-51954.48385,-42522.88891,-23906.36242,-33195.10586,-48965.09306,-40290.77721,-38728.9254,-44315.39794,-25794.04536,-20499.88346,-31250.64347,-22878.73613,-22295.74094,-29929.61368,-26054.15887,-26491.00234,-34520.55552,-44751.94416,-19905.49434,-17861.68305,1309.193133,-15713.18483,-6745.058746,-18078.89864,-47283.99373,-13939.57951,-3458.844842,-26303.46611,-3280.87347,-67718.23224,-35417.04204,-14984.20207,-2912.342202,-13068.00231
Greece,GRC,,,,,,,,,,,,,,,,,,,,,,,,,,,,,,,,,,,,,,,,,,,,,,,,,,,,,,,,,,,,,,,,,,,,,,,,,,,,,,,,,,,,,,,,,,,,,,,,,,,,,,,,,,,,,,,,,,,,,-2244.085223,-2429.120504,-2389.079741,-3443.19219,-3946.126259,-3918.803744,-4023.008387,-4855.381636,-3751.523799,-5249.960218,-3975.756722,-4785.739442,-5342.541768,-4516.22346,-5370.548446,-6410.9245,-6645.14776,-8318.08028,-7710.45849,-8630.45868,-11252.72196,-10412.43838,-11053.34882,-14175.92955,-11806.08579,-14553.67177,-14262.58294,-11393.38965,-8382.75341,-9805.10448,-10433.79433,-11650.10464,-10328.20939,-4329.823451,-6828.111829,-7043.054788,-6440.168867,-7160.786109,-6512.573597,-5103.689794,-4618.861531,-1896.050882,-648.369386,-1699.466914,-3183.696224,-1433.888103,1372.015363,-332.7545506,-177.9049748,-499.2378715,-13.71703657,-1746.701607,-2120.685637,-1232.385457,1417.114468,-346.5412699,-939.515366,-802.591077,-528.380444,-1762.195806,-642.084634,-940.88764,-1101.848998,-2141.745827,-817.622888,-1875.164635,-2543.004154,-1662.986221,-1455.13182,15.82793422,-1459.259908,-454.3637978,-1096.305284,-3448.536917,-3430.704063,-1583.997809,-1314.42316,-5882.50986,-3251.491762,-4142.758209,-4277.426436,-5678.68284,-4054.528852,-7208.54322,586.538386
Hungary,HUN,,,,,,,,,,,,,,,,,,,,,,,,,,,,,,,,,,,,,,,,,,,,,,,,,,,,,,,,,,,,,,,,,,,,,,,,,,,,,,,,,,,,,,,,,-882.042071,-600.766273,-225.236695,-99.9817168,-306.526825,-347.380371,-551.29862,-680.943989,-616.877582,-540.019543,-542.30496,-507.011712,-750.858055,-988.536296,-1015.912099,-1024.189352,-965.612561,-1131.088364,-1035.11393,-1030.807924,-992.341452,-794.169444,-1095.758213,-1290.60063,-1017.122394,-993.583654,-521.132892,-791.944829,-908.589368,-868.516264,-982.354853,-1657.194182,-1555.679119,-1898.159722,-1709.788482,-1874.578092,-1927.80132,-2849.10338,-2487.079898,-2171.49208,-2041.940894,-2059.922702,-2300.967228,-1815.621873,-2392.167442,-1862.301169,-2288.534921,-2021.392122,-2278.68323,-2608.756656,-2633.419306,-2711.242889,-2710.499888,-2309.358129,-3519.047466,-2611.971604,-916.778764,-204.7606516,-1.884272688,249.1147508,-177.2650621,312.1493762,233.5134729,61.8644394,-66.3633681,101.1803638,107.8739716,583.858544,15.25003308,791.580663,1029.985987,255.0434326,1154.151972,822.587258,1372.818243,1311.94758,53.2007609,-375.298144,818.326279,1032.904276,1352.288173,298.6965253,384.49909,1026.293205,1519.999348,1630.602297,1504.862191,1291.565364,498.146604,1036.102495,491.457811,776.072066,651.98469,93.8773792,-532.062685,106.46797,-392.3391259,-119.8341872,-800.413658,68.3737434,-388.3050244,-1698.864892,710.253046,49.2668737,308.3580662,-1561.221254,-2388.141718,-3036.048576,-3066.620717,-3337.296983,-4431.78847,-3499.291001,-1812.025407
Ireland,IRL,,,,,,,,,,,,,,,,,,,,,,,,,,,,,,,,,,,,,,,,,,,,,,,,,,,,,,,,,,,,,,,,,,,,,,,,,,,,,,,,,,,,,,,,,,,,,,,,,,,,,,,,,,,,,,,,,,,,,658.029969,-938.592158,164.5547608,326.6301838,-186.9657376,768.463863,14.11973059,199.5551957,330.902642,391.4536509,-482.694008,-480.0745396,-1052.257265,-1838.847265,-3142.315966,-2281.622239,-3185.950269,-3245.157744,-3506.808033,-3391.234361,-3836.736142,-4253.295054,-5321.196255,-4318.334615,-5232.281615,-4804.744541,-4704.261653,-2427.073284,-3156.874409,-2489.653606,-2631.202412,-2579.372373,-1582.967789,-1112.23124,-4.343166726,-97.9216625,-1402.103113,-1116.649818,-869.368369,-1424.448729,-2696.772112,-2327.178004,-2234.53584,-899.973884,181.6712911,521.4816225,975.651467,2166.811464,-1856.459636,2767.382781,549.9435521,1524.559826,3455.411914,9011.33376,801.223598,458.6762303,-552.9857024,-3853.902861,-6024.752785,-2261.273971,4268.681728,-31323.86182,11521.32682,18672.54675,12222.09754,14103.19288,4911.739673,-6968.36744,6903.990884,-32516.53842,5598.721263,-45518.5116,-62423.38703,16462.68328,6564.997522,10193.84899,17018.91539,22414.68745,19845.24365,14865.72597,14516.90327,15968.30684,4196.711984,20429.21195,12788.88493
Iceland,ISL,,,,,,,,,,,,,,,,,,,,,,,,,,,,,,,,,,,,,,,,,,,,,,,,,,,,,,,,,,,,,,,,,,,,,,,,,,,,,,,,,,,,,,,,,4.7251852,21.350968,-1.56839967,-11.2331209,-25.406253,-40.860664,-75.659449,-54.353579,-27.692285,-30.286496,-73.229332,-53.220493,-275.67924,-93.005317,-141.608423,-124.741877,-143.723086,-176.105403,-203.567483,-133.360471,-216.614096,-237.043776,-205.566925,-292.85859,-269.72712,-90.119326,-131.958417,82.180763,2.7792382,34.46046,53.811181,38.97827,14.4040786,-132.671107,-193.058519,-262.847287,-224.968994,-352.61341,-267.810229,-601.66192,-521.39328,-445.63067,-683.34347,-1089.25377,-941.01716,-790.13362,-1053.44352,-1281.09289,-1002.61386,-1052.2889,4.2827199,-855.815,-944.12029,-1595.24956,-1401.17203,-231.122719,-554.07434,-176.890597,-497.16733,25.6742729,-57.730589,-254.928749,-269.496528,-275.992898,-347.433589,-52.741717,-122.00543,-225.975277,-304.921161,-246.860515,-25.7324821,26.4384658,252.573321,159.064992,262.025024,352.378401,54.959857,224.799608,116.147559,372.201864,157.714602,368.029353,167.13451,265.023268,186.124346,381.43722,491.003776,590.75745,254.903112,277.424917,228.382091,311.662267,354.408148,239.820607,250.600896,260.362156,628.50573,327.940012,228.240007,430.74957,250.694189,18.9003728,-47.1875313,81.393249,-159.328443,-170.874664,-44.8990741,-335.141672,-161.265061,-113.203254,-215.608671,-56.9112392,82.912273
Israel,ISR,,,,,,,,,,,,,,,,,,,,,,,,,,,,,,,,,,,,,,,,,,,,,,,,,,,,,,,,,,,,,,,,,,,,,,,,,,,,,,,,,,,,,,,,,-1340.826664,-1141.933599,-1011.257535,-1488.585165,-1473.420594,-1540.222355,-1285.36154,-1071.428878,-964.221566,-1222.119593,-705.394324,-763.728775,-649.421032,-101.4333409,-281.1158862,-142.5995344,-610.444303,-391.285576,-213.5084051,-328.255821,-570.557038,-287.6549363,161.9620187,-1299.296178,-973.226538,-746.671384,-183.4485198,-32.39817627,-202.4434595,-692.283873,-147.5628904,-43.0352348,294.4251933,413.749678,-283.9448032,343.115534,333.8685186,491.93758,519.080345,693.402181,710.129755,730.768929,1093.976246,1837.345132,1202.892845,1356.44438,1922.369368,1825.339731,1162.774073,3394.977121,770.681421,302.6076561,952.970258,100.8754303,211.7714287,949.397713,1823.412899,1271.777776,1052.409944,2615.74346,2947.975574,3189.349664,1876.450015,102.4624317,1882.785051,827.002132,150.5217655,1283.749061,-1634.614355,884.841881,1536.384819,200.5977799,2465.884642,1871.330993,1182.358118,3380.542803,3408.193885,3951.220141,2479.500376,3466.886626,3175.869455,4293.153503,4791.452331,3594.241416,3146.278582,3754.242775,1442.555133,3763.478554,3310.603999,3412.618024,2972.058116,3391.118784,2567.577533,2778.4705,3298.315429,2695.774011,3944.739407,4541.289422,2964.985856,2335.131109,4784.051993,5426.546222,5995.707317,6089.010817,5517.645721,4204.34701,3829.989828,6967.666203,4411.607091,4204.423135,4800.08954,4604.258493,5911.840505
Italy,ITA,,,,,,,,,,,,,,,,,,,,,,,,,,,,,,,,,,,,,,,,,,,,,,,,,,,,,,,,,,,,,,,,,,,,,,,,,,,,,,,,,,,,,,,,,7155.838498,7419.700399,6035.19813,7737.197462,10270.64642,10758.81886,11885.3855,10639.33497,10106.96276,8620.665958,8692.227054,9351.870981,6402.409394,7519.978121,6289.004947,5357.839767,2925.93291,3788.473603,2100.932739,818.9711439,1753.90055,-1857.532102,-1561.259278,-1447.516762,1476.249886,-811.7187762,-1239.420135,2105.489651,706.1270894,-1836.14786,-1404.043284,-3824.215235,-4624.669223,-5550.910938,-1967.615799,367.0473178,-210.5613899,-2286.767286,-242.8999303,-5921.477068,-3933.798375,-2965.148858,-5415.974107,-4013.676443,-7804.808214,-6351.421286,-8608.902464,-6131.200977,-5062.833153,-6586.316361,-6271.584357,-13036.61776,-14377.88995,-11770.54725,-18910.53803,-21793.74213,-11272.08016,-11072.22373,-8449.723438,-11705.63006,-15995.02164,-16168.74222,-15803.93809,-22585.35008,-20716.34602,-17291.71978,-14822.61116,-11740.94725,-6743.240363,-623.6528533,207.9144743,1983.400112,2588.632701,6314.480217,6209.379578,9198.831716,8736.017577,8052.763793,10215.77411,13800.33718,4714.240513,5587.406681,8926.902593,7859.890836,9924.406649,13588.88536,13476.31824,12214.06418,13064.70556,11022.26363,13278.26148,14475.45145,15629.03436,13994.52957,12927.60947,11842.17497,15364.73733,16478.46631,13797.2351,20965.41466,17385.10335,6944.137207,24843.11782,25610.01751,23642.77078,21151.84068,15813.18517,4418.802568,1279.787541,-8304.38114,-21493.12924,1573.333208,4278.028178
Japan,JPN,,,,,,,,,,,,,,,,,,,,,,,,,,,,,,,,,,,,,,,,,,,,,,,,,,,,,,,,,,,,,,,,,,,,,,,,,,,,,,,,,,,,,,,,,,,,,19825.41543,14802.53907,16492.11084,18282.505,16856.65767,24319.28746,23213.53317,30502.03344,29536.78139,26958.16695,27931.16842,31048.88954,26435.95865,26920.36081,29968.69599,31865.71387,32719.28955,35711.25663,34265.05163,28056.78142,24387.33148,18022.77477,20549.8583,24373.62921,27121.53536,27598.05966,26958.22341,27003.3819,26694.74626,34294.23973,37572.04519,40745.799,45816.75917,46602.40613,44810.94385,45112.4919,42550.75781,42783.02282,40577.24667,44287.52369,43509.71581,40717.52116,42081.22562,50137.86614,52176.21757,51692.55568,52780.07217,56626.09441,53613.6677,37648.77064,27452.31775,22894.42317,19693.94838,36011.42521,38306.65257,52460.87656,53713.52326,49830.67357,56182.0014,61909.79672,45941.25111,24166.49571,33364.77946,24683.88665,20267.26657,16202.61723,10403.74743,16348.35909,9194.656762,22602.28856,10659.5824,3796.847682,-10007.91647,10756.83831,9744.89091,26076.79745,30410.51918,35118.82555,32638.75436,38565.68272,45063.10425,48181.05908,50820.47057,48559.19156,51372.93666,46999.95069,56993.47312,50157.49945,46706.44596,52158.89087,42941.69738,35392.32529,43993.37296,45650.35671,41742.2506,41309.15479,42676.06532,15763.96187,35822.49647,54353.69144,51926.2225,59109.70432,45165.59003,39679.12003,35551.98048,24728.23286,7462.812306,17461.2012,19202.25741
Korea,KOR,,,,,,,,,,,,,,,,,,,,,,,,,,,,,-2097.16725,-1563.604448,-1701.26412,-1576.109481,-1660.514396,-1585.525616,-1696.944073,-1579.010593,-939.489373,-1097.331372,-1652.601427,-1969.774634,-1593.041558,-878.955114,-451.324092,-687.460617,-452.523734,-741.959759,-730.008232,69.7797901,-705.35021,-488.65652,-574.433343,-418.703942,-461.18423,725.664072,1057.105093,1293.506332,2401.585102,2587.336926,1560.561123,2104.217981,3420.193661,2879.782779,2846.54207,3636.923298,2164.329968,1210.496361,323.4121986,74.412058,89.232161,-350.7095963,-12.9178258,-2533.289194,-2815.37889,-1677.352397,-2291.113908,-1259.562547,-1418.329429,-301.1414021,-293.0285495,-892.2728113,144.5541064,133.9372645,336.6390918,1074.348808,-164.351244,-1127.099655,-1643.294916,-1862.696406,-2115.11283,-3098.88764,-2728.958057,-2294.955985,-3760.792054,-5896.127951,-6987.08059,-7833.617117,-5166.378548,-2269.914022,-2949.323802,-433.2488238,13508.59693,9543.36786,9257.385623,7845.936785,7047.892693,5271.353927,4814.08934,4669.005318,2245.587814,1804.853339,3904.429712,2232.462026,2402.872834,1628.603786,-902.3499258,-962.0939919,2012.896429,872.6658932,869.2270631,313.9894985,-452.9660507,704.1108853,4576.465292,6487.631893,7078.526505,7950.881668,7471.466081,6804.119245,5861.068622,2201.63573,2022.861115,2127.098276,-1209.078199,1144.637919,-730.1745724,2889.754993,2764.785267,425.6466714,7784.330665,-498.7628417,-86.72927936,-3071.777149,-4380.290006,9292.807815,13528.30334,10673.1822,3817.734008,5083.915017,2176.676379,12509.22349,10871.14746,2403.201856,-262.9862365,-1785.761874,10377.9248,8314.376844,4240.43911,9599.086312,13603.57786,21361.98706,18419.92498,20679.42157,19666.17354,18515.45293,18350.26487,21638.93183,19726.18422,23336.19418,28184.88527,25816.27945,25939.67809,25206.23342,28086.95812,27316.50414,20140.99129,22404.36492,20406.71837,15639.19019,22481.44295,16722.99669,16364.9489,19840.93045,24234.16863,17044.81759,13396.47156,13513.27831,16329.94399,16451.07315,16471.19527,6306.019041,18939.5923,34202.81541,24051.68836,25189.76066,19165.33812,16840.44195,20032.70736,11825.93844,-2782.08972,760.6909351,2820.356955
Lithuania,LTU,,,,,,,,,,,,,,,,,,,,,,,,,,,,,,,,,,,,,,,,,,,,,,,,,,,,,,,,,,,,,,,,,,,,,,,,,,,,,,,,,,,,,,,,,,,,,,,,,,,,,,,,,,,,,,,,,,,,,,,,,,,,,-502.59316,-469.240769,-472.958029,-315.749378,-443.163547,-537.792255,-673.5605,-285.540224,-632.431204,-634.580333,-1019.13917,-961.48037,-1113.46788,-1388.34722,-1502.92127,-2106.74865,-1907.90144,-1515.27324,-1274.92336,-1562.69457,-168.34411,528.066695,127.923939,262.870328,108.388025,96.159182,-135.009866,-44.8634811,-373.538185,-492.957749,-410.934068,-440.468428,-508.594483,150.927991,-425.565,118.481862,256.648908,233.827374,-8.30774077,266.316618,368.819798,131.095547,826.142846,323.260004,-263.495792,-570.799234,-159.951672,-78.5652382,55.4410622,-312.289302,-83.7813461,-35.7487061,-70.3694464,-37.8174545,93.914776,221.701889,-115.3983935,-54.0876868,50.0115345,186.934129,469.544441,176.583163,457.564595,792.139167,1339.173426,954.025924,1065.382033,946.250169,960.281985,129.2082848,73.6336956,-249.495014,-764.168563,-829.503686,-1121.284005,-910.208939,349.026383
Luxembourg,LUX,,,,,,,,,,,,,,,,,,,,,,,,,,,,,,,,,,,,,,,,,,,,,,,,,,,,,,,,,,,,,,,,,,,,,,,,,,,,,,,,,,,,,,,,,830.69576,838.00779,355.020117,602.9745,708.65114,464.082333,752.66401,448.557061,450.930523,555.14494,477.087154,639.80717,557.21203,625.60861,290.926773,338.36069,326.675015,443.977028,627.66735,483.471667,889.4509,995.84885,690.53154,174.02156,825.938,245.515953,245.653661,561.452577,982.69326,811.0573,-377.932181,150.871974,250.500968,215.069925,846.3987,902.85605,1047.8545,209.939454,570.695852,964.55454,599.036005,539.271081,1168.83007,595.36845,626.434961,638.505,1025.477748,573.08492,756.158416,810.917174,775.913922,1013.970032,2157.85486,248.523106,575.795289,411.739848,1800.88853,476.556859,337.684073,-245.384752,2437.32184,-689.389995,-110.7862003,123.4258156,5991.38426,-632.720631,-1869.49458,-805.238071,7571.93362,-1507.57352,426.647745,-1438.99566,1341.858613,274.18245,-113.557794,2228.39289,1110.947996,2119.26434,714.929163,859.704933,501.248837,777.629112,1763.73215,-409.358293,381.386093,801.051002,528.786903,1846.2597,1038.481064,1182.584665,-7.31797862,1649.391581,243.160661,-1438.993414,1442.524407,2182.66875,1937.51036,1676.975475,570.097871,-2143.39948,100.6212107,820.875833,-265.356725,1519.446758,1699.687919,1028.696456,437.756494,1204.456726,605.630634,1757.568882,198.1083317,560.431433,-689.704504
Latvia,LVA,,,,,,,,,,,,,,,,,,,,,,,,,,,,,,,,,,,,,,,,,,,,,,,,,,,,,,,,,,,,,,,,,,,,,,,,,,,,,,,,,,,,,,,,,,,,,,,,,,,,,,,,,,,,,-134.931703,-69.820479,-61.579382,-80.783714,-122.720403,-83.706915,-141.51529,-248.8714,-145.753135,-166.146226,-150.184256,-147.900348,-195.623631,-252.499001,-228.924575,-252.534704,-370.83866,-641.57041,-446.62806,-344.115581,-484.62091,-466.20001,-466.02403,-614.09428,-704.03492,-978.37921,-1281.72692,-1577.1273,-1504.27266,-1663.25636,-1816.15907,-1563.92986,-1445.86056,-1457.88069,-1054.59351,-587.369239,62.3873118,807.82562,652.97364,700.627,481.351372,241.363999,23.5627512,-70.402028,-33.2649715,-175.136812,-404.519372,-160.973226,-326.998572,-324.616839,-115.371003,-174.836708,-239.650748,-141.605647,-322.140435,-184.562935,-231.722372,-180.471644,-151.576101,54.4085056,-139.358181,-107.741624,-42.8575567,151.018376,146.468182,3.4355084,220.67943,121.319187,33.5051528,-56.85239,-82.055551,482.774864,0,231.37316,-328.363104,91.184255,36.7527464,-64.8077355,-128.200015,-7.84054586,40.1141713,382.432834,44.9403119,447.057253,-246.016691,-743.894541,-582.164311,-107.394958,-729.837668,-773.05661,-488.143625,-621.083616,-646.23703
Mexico,MEX,,,,,,,,,,,,,,,,,,,,,,,,,,,,,,,,,,,,,,,,,,,,,,,,,,,,,,,,,,,,,,,,,,,,,,,,,,,,,,,,,,,,,,,,,,,,,,,,,,,,,,,,,,,,,,,,,,,,,,,,,,,,,,,,,,,,,-557.2762809,-1594.949947,-28.13442907,-844.6263767,-4170.019385,-2713.029288,-1041.420361,-1753.243585,-5161.769343,-2411.458336,-2772.528771,-6157.238579,-2713.589197,-484.0674989,-4567.708282,-582.5610168,-1341.452354,-243.357906,883.7525608,-3952.040652,-2776.12475,-2588.338939,-4265.810088,-1913.289187,-4560.040944,-2375.447781,-4043.283008,-8621.703263,-7648.188237,-9404.009953,-7726.211386,-10128.98845,-6300.414417,-8793.497,-3801.813104,-6762.095361,-6947.370837,-8882.518765,-8537.847035,-8092.480928,-7141.137066,-8365.921582,-5947.914617,-5708.478147,-8010.818735,-4770.24281,-5425.658445,-3785.705513,-7167.950627,-6294.013024,-6222.339279,-7352.881713,-4735.623277,-44.90512525,-643.9795073,-1449.299405,690.8252219,-4711.938913,15862.2978,12178.31462,-3052.067023,348.9607828,-3484.347466,-3037.769905,-4238.055781,-7322.702205,-5113.408139,-2538.39477,-4444.004372
Netherlands,NLD,,,,,,,,,,,,,,,,,,,,,,,,,,,,,,,,,,,,,,,,,,,,,,,,,,,,,,,,,,,,,,,,,,,,,,,,,,,,,,,,,,,,,,,,,,,,,,,,,,,,,,,,,,,,,,,,,,,,,,,,,,5667.416579,11152.60066,10860.4167,14235.84507,10923.48774,14651.09003,15080.18934,13347.54936,13169.89703,12948.30221,7701.625781,18875.80008,17110.9525,15324.61711,14548.79367,16116.2351,16038.59722,10921.75847,11602.88548,16431.21806,16071.93063,14998.68685,6260.903673,4214.689151,13845.1119,12657.77488,18801.58713,9066.017098,14250.5124,16723.52901,18663.30872,11600.30917,22017.84494,20291.69304,21719.83142,16767.00549,22607.54608,20075.61641,24599.41757,22153.22571,23290.63819,16974.85933,22510.03399,14581.98306,24362.05259,18046.85136,17226.92475,24435.08816,-13952.59489,13083.97486,18229.6337,15133.9072,12901.93627,10578.61899,17192.62457,20335.41577,14443.42161,15603.9027,23049.29113,20595.03693,19464.32994,18868.81757,22013.45815,19639.95977,12984.00898,12189.95368,16763.94828,16505.31477,10765.37518,11050.47232,12978.07484,31379.29604,35375.57271,33072.53148,25893.92185,30777.4776,16034.51725,25130.16803,19272.69854,29545.07564
Norway,NOR,,,,,,,,,,,,,,,,,,,,,,,,,,,,,,,,,427.941636,1128.062751,518.666286,118.5036189,290.850962,-35.8181671,339.843338,-41.9193674,83.183302,535.914273,812.845961,1004.877173,897.229409,840.389288,752.65441,810.806488,748.035392,884.802107,775.861941,650.03133,-398.515563,-2204.19965,-1657.408188,-443.617064,-849.067511,-861.351167,-1603.554361,-1047.025762,-776.629972,-1273.950705,-1153.72082,-828.310913,180.7768198,118.9094251,0.884317881,-394.813596,-82.4574427,-136.0469857,1031.21727,2265.816116,1184.618859,1264.39809,1224.056455,696.992953,644.53806,983.442069,1702.388398,1121.085705,634.099911,1796.938279,866.972346,263.3223851,784.810266,876.81224,867.546098,1304.067452,1319.716711,1167.865821,1541.536056,1366.213324,2790.24314,2622.908209,2690.1723,2925.93862,3545.992228,2216.990183,2284.618518,2033.493774,862.90535,404.857138,-665.057831,-1059.492137,305.2611578,1568.457878,2782.125675,4186.401751,5020.35677,5078.08615,7058.67598,8015.66776,6817.70021,6784.4817,7569.66718,6531.0735,5406.00009,6466.01663,5961.81464,6466.70918,6847.56601,6956.4477,6609.22083,7248.79109,7286.72205,7831.86915,8795.05644,9028.39695,12051.379,10877.08051,13072.91452,15032.29273,12018.53954,16136.64586,15105.65284,13754.79888,10166.42568,10330.87801,14555.11834,15708.15637,18506.63421,22477.99904,18151.71781,15308.46436,6238.614129,12102.56535,10628.88585,14124.7304,13146.79493,11184.29018,9812.497133,12930.50436,11945.10252,17337.01352,16908.01833,16917.23861,19601.19641,14474.71868,15156.62612,15538.35327,12877.22973,13405.59355,12947.81671,14730.97614,17789.16747,13731.15869,10804.71026,13451.24866,8572.645844,8955.320968,7874.361287,5872.884591,2918.041669,2928.211733,2892.779772,6161.550752,5941.067667,6695.99931,4939.508259,4167.663905,7838.90128,9103.248651,11326.94962,6613.219625,3896.064483,3176.197816,1673.288182,2585.214392,3116.665348,-2358.732482,1890.586065,1630.705711,7954.495925,11827.70832,19259.75978,27290.33937,38606.98717,38913.27185,63187.78814,34836.19162,22372.18694
New Zealand,NZL,123.1718,88.50363,-62.88054,-35.34138,-173.6932,-417.4185,-482.5609,-510.6707,-516.1437,-380.3327,-245.973,-239.8833,-327.2043,-213.7184,-209.4934,-174.9218,-190.3585,-179.0341,-243.9304,-201.4474,-56.52998,-119.4473,-190.603,-73.29936,-77.15118,-244.2602,-167.2149,-120.3111,-280.5695,-171.628,-227.0373,-216.7674,-149.371,-250.4352,-299.4165,-346.4449,-415.0999,-557.0552,-394.5484,-331.4033,-106.5346,-204.8099,-262.3597,-356.1399,-399.8329,-525.7611,-392.5457,-488.2466,-243.4846,-367.208,-449.884,-444.7247,-669.506,-367.4793,-219.6239,-267.3985,-424.5669,-333.039782,-333.478977,-389.913629,-79.3353139,-121.860693,5.18525032,72.0722785,11.853886,-317.909996,-472.584085,-512.645771,-172.735095,-407.452183,-441.681463,-265.094661,-242.7664,-348.894896,-232.63525,-215.364513,-415.750061,-173.731049,-413.684096,-524.061355,-196.787351,-310.848075,-429.801652,-580.98817,-181.314948,-476.137672,-356.443955,-649.736453,-611.547016,-540.17331,-558.487466,-735.183227,-868.648854,-822.067261,-694.709686,-915.005759,-1101.737677,-1374.995439,-629.275621,-540.414976,-284.687027,-703.671481,-341.893599,-183.75961,-487.565453,-590.869718,-699.7573,-1096.024425,-670.287045,-447.987192,-420.190522,-256.473634,-135.782742,18.3464457,-41.7781066,-275.76117,-466.814569,-142.5180499,-341.38689,-393.113228,-400.121294,-607.590457,-456.914594,-559.569721,-913.969068,-758.949367,-1499.48568,-1503.486869,-1659.764183,-2061.207961,-2152.3796,-2152.236425,-2446.307321,-1702.09126,-1700.006925,-2037.667288,-2251.685328,-2439.469635,-2425.298008,-2058.338296,-2525.231972,-3315.461681,-2792.249725,-1840.084214,-1034.810256,-189.8617754,229.1094014,-1778.590294,-347.6375956,-623.880345,-708.314159,-1640.298717,-1244.637356,-1000.606727,-1436.808975,-1014.571431,-2040.537224,-1765.803641,-1444.751754,-1634.176057,-1635.833691,-1761.12102,-1664.318158,-716.975554,-640.5956,-1868.933016,-1937.82025,-1794.328451,-1251.041014,-1552.997004,-862.208907,-1142.809269,-646.353535,-909.086439,-1293.13558,-1011.780373,-1723.966481,-1070.741392,-1323.562367,-1592.758328,-2411.111275,-2268.285191,-2044.685725,-2022.111628,-1685.043782,-1616.091129,-1571.129367,-1189.389266,-554.503857,30.33287122,-769.018703,-1591.805554,-3787.520201,-2176.310486,-3757.598143,-4781.916256,-5908.916581,-5339.097287,-4434.730714,-5568.797038,-5238.637757
Poland,POL,,,,,,,,,,,,,,,,,,,,,,,,,,,,,,,,,,,,,,,,,,,,,,,,,,,,,,,,,,,,,,,,,,,,,,,,,,,,,,,,,,,,,,,,,,,,,,,,,,,,,,,,,,,,,,,,,,,,,,,,,,,,,-3720.360018,-4216.340228,-3619.084819,-3734.469733,-1853.124725,-2337.071533,-2657.917672,-2341.950325,-3176.275955,-3762.074538,-3946.178845,-4780.070622,-6005.420312,-7802.594185,-6549.835266,-7819.069472,-7369.182565,-10527.12196,-10137.47295,-7862.669636,-1849.561329,-4697.850671,-5127.009482,-5398.253016,-6268.870145,-4545.02978,-6880.213236,-7039.327783,-5557.62762,-8351.883166,-7423.665462,-5646.064111,-7334.019313,-5358.53828,-4398.887436,-2990.927111,-2490.784952,-4060.289652,-1761.643536,-1032.481433,-4971.977808,-6395.546085,-3695.325291,-1050.713936,-1893.761664,-2385.169062,-1379.440086,334.9379181,-1603.740389,-150.8860964,-2971.377012,-550.0172049,-1305.301995,-2794.044059,641.4418696,-2664.990412,-3345.630159,-3155.8204,-2439.15353,-2536.570049,-2394.199487,-1888.723629,324.3553789,2005.840556,223.8835445,4185.153543,4364.693089,5872.894819,-640.5002185,-57.27268616,-3184.93815,-5667.154112,-8305.935567,-6048.552068,-3321.784724,-3753.134643,4496.657029
Portugal,PRT,,,,,,,,,,,,,,,,,,,,,,,,,,,,,,,,,,,,,,,,,,,,,,,,,,,,,,,,,,,,,,,,,,,,,,,,,,,,,,,,,,,,,,,,,,,,,-1128.002531,-1495.758036,-1366.112958,-1634.323388,-1811.821319,-1623.79161,-1788.728066,-2014.919977,-2182.222689,-2243.337746,-2122.599638,-2894.524527,-2515.883132,-2637.664001,-3002.758998,-3242.82261,-3657.54705,-3289.29189,-2966.17,-2978.60502,-3109.18879,-3395.50279,-3298.91162,-2879.900986,-2736.058255,-3006.555235,-3100.174131,-2541.963247,-2245.294448,-2531.821984,-3028.209196,-3375.606165,-3435.701017,-3209.625553,-3960.830159,-4525.271394,-4900.489849,-4778.951036,-4886.31731,-4679.884991,-5610.05343,-5465.90415,-4755.491668,-5329.14846,-4572.949747,-5290.623739,-6094.53829,-7335.84007,-7334.57488,-8376.55869,-8646.33094,-6588.93197,-6209.78718,-5907.461053,-6061.282672,-7387.27331,-6667.38218,-6256.74204,-5694.895174,-5814.026491,-4748.630479,-4694.201893,-3057.91297,-2039.663029,-2397.161184,-449.2252391,-629.843811,-247.1138841,644.247617,1301.896114,226.8063205,1312.103831,125.9184912,497.8945872,-112.9772626,-43.63634446,177.3710257,-310.9991976,701.52124,66.386105,417.1299517,456.9762517,732.580624,680.622822,798.329095,299.0756141,1038.395744,1012.107116,1178.163443,128.0732296,883.408045,-105.7983682,-204.6590848,403.405906,340.3790773,684.517062,-198.0115842,-994.473556,-397.9763958,-253.9963973,423.2148876,-832.166776,-833.958067,-877.945473,-1299.717331,-1296.007826,-1354.061146,88.9597534,1645.211897
Slovakia,SVK,,,,,,,,,,,,,,,,,,,,,,,,,,,,,,,,,,,,,,,,,,,,,,,,,,,,,,,,,,,,,,,,,,,,,,,,,,,,,,,,,,,,,,,,,,,,,,,,,,,,,,,,,,,,,,,,,,,,,,,,,,,,,-691.848654,-724.367801,-1000.65044,-812.257954,-941.354939,-1049.077438,-553.609572,-1378.11662,-1209.37375,-804.169787,-1468.52726,-805.521161,-738.859089,-892.597282,-947.34935,-1206.581515,-1617.171149,-2610.06441,-876.164409,-1053.154237,-2001.550699,-809.735654,-138.1490052,-454.955488,-1176.696135,-733.191365,-1372.202139,-964.245291,-1092.700312,-1965.791839,-1114.246466,-517.46441,-221.2889418,143.4330771,242.730453,692.007028,531.486451,764.423472,397.314897,-35.8888109,353.767874,175.9316338,412.165385,153.9453441,-371.596561,-757.457794,-681.209358,101.9119424,-728.30301,-413.874159,-532.131175,-706.419941,-548.301132,-470.071436,-603.197252,-299.380392,-490.168335,-386.300504,-458.813232,-1079.093293,-417.127027,-1040.475228,-1489.093393,-457.301751,-770.380538,-286.840799,978.040431,484.986161,564.932306,-1143.378529,-1418.356571,-1138.089206,-2118.507412,-2069.236537,-2406.773671,-2739.978759,-561.338939
Slovenia,SVN,,,,,,,,,,,,,,,,,,,,,,,,,,,,,,,,,,,,,,,,,,,,,,,,,,,,,,,,,,,,,,,,,,,,,,,,,,,,,,,,,,,,,,,,,194.338888,-122.620674,-43.0728956,-141.596665,-9.4861252,-14.7340651,33.9116528,14.7883504,-77.203479,10.284447,-21.4286256,132.295762,-162.206696,11.5443123,43.4577389,-55.5899864,-142.77151,-577.75609,-23.4308269,-137.935652,-246.236874,-110.020844,-232.44437,-77.749436,43.6838933,-56.924975,9.9477479,17.239785,16.9255983,101.18818,114.222348,16.79885,-63.4710959,-55.2618619,-32.9813944,-57.265614,-142.085884,-310.124769,-214.914714,-222.121053,-221.392052,-10.8019069,-80.4382031,-335.668851,-152.706529,33.118796,-235.841075,-358.174063,-238.408585,-480.443053,-549.498898,-701.390371,-696.104935,-912.809623,-928.292911,-429.547562,-383.289033,-12.595681,-402.466726,187.298098,-83.0432453,-167.549437,-111.9250542,-61.8785786,-29.8811074,-155.177081,-191.894915,-67.7556394,-147.270979,8.01729232,231.982326,501.946211,416.279584,397.594313,428.49282,382.260541,522.93577,600.486381,657.67176,681.570639,390.602632,328.381722,457.031547,527.967736,599.425405,510.602636,496.28441,485.154974,580.8932,606.819711,960.657424,877.473457,768.83319,790.049516,858.581655,792.099207,809.334007,798.197779,718.390402,955.308094,1086.14111,706.07557,1070.369355,1233.072446,1115.436166,497.244204,510.436304,307.938307,-272.10261,-251.538284,83.5807583,6.94412267,836.18309
Sweden,SWE,,,,,,,,,,,,,,,,,,,,,,,,,,,,,,,,,,,,,-744.6852,-539.931,-891.0215,-1148.085,-357.0039,-29.7902,-234.0237,-218.2328,462.2212,-45.14894,39.37764,133.7948,-896.6545,-436.1632,29.27013,176.8116,154.4261,148.9557,495.7638,117.4797,185.0449,38.01195,5.695783,63.0122,-430.0366,-43.73223,-22.61719,-72.50215,-320.5424,-913.5121,-636.0507,-1243.196,-1434.056,-1225.701,-2193.357,-1613.128,-1384.981,-987.0184,-1920.951,-768.1093,-1739.083,-2432.768,-2217.778,-1235.443,-1299.950038,-851.409346,-63.5073814,-370.3197862,590.081675,131.7948176,584.717032,1029.147696,1655.055879,2138.995945,2283.710759,2346.31828,2352.695185,2399.80727,2341.907432,2222.099825,2114.499545,2452.908916,2977.937737,2609.853909,1890.422356,2146.758193,2893.74844,2639.319474,2088.868075,2603.497833,2721.17708,3007.810542,2147.223561,2264.93612,2329.419087,3426.761658,2303.173583,2207.946123,3174.395324,3571.921718,3000.827595,3265.435439,2874.122036,2482.931791,3404.344655,4693.760071,5616.601703,5876.161556,4955.765808,5966.997584,5737.480436,6180.536316,5600.782719,5861.674993,6462.027559,5671.840569,8247.279443,7653.706638,8646.486734,10262.53094,9608.817948,10004.50332,8662.952982,12498.74504,11397.113,9930.145877,11242.21341,8712.628612,4496.278563,8179.309047,6342.963781,6705.256136,6532.983059,7037.399202,6690.381618,8879.203271,8087.677752,7888.723166,9508.222801,6131.528969,7512.692538,7600.382851,7472.663081,7739.612061,8527.346086,7730.940484,7793.971207,6980.032932,7220.747964,6272.942731,6617.822147,5728.421237,4588.623572,4336.150138,4290.082348,4173.713383,3422.336332,2668.148194,2786.917309,3717.336101,2969.120368,4434.389146,3678.151292,4501.39185,3228.083879,3301.13358,4409.482867,4403.228235,6633.896759,8819.819387,8532.47912,6206.83817,6630.198267,7097.934533,8384.580346,9581.050186,11127.44467,11220.89332,10541.51453,10766.19822,7287.902589,5074.201455,5611.535062,9390.065813,7224.521194
Turkey,TUR,,,,,,,,,,,,,,,,,,,,,,,,,,,,,,,,,,,,,,,,,,,,,,,,,,,,,,,,,,,,,,,,,,,,,,,,,,,,,6.691322,-143.2258,-461.655,-209.8547,-771.0906,-1932.169,-1964.978,-1359.889,-1101.974,1683.586,1564.232,607.5118,506.1556,-58.06099,-745.2703,-1778.118,-362.7689,-822.3016,-200.2927,-719.7015,-989.0228,-445.8026,-466.3389,-805.4422,-424.9344559,339.4791106,93.2493558,2329.502914,2132.40673,-782.148194,-565.4660627,-858.175144,-1878.028978,-2815.884767,-2686.879412,-2423.001258,174.4236796,1827.373905,811.058261,1014.154142,173.1027475,-216.6363473,-277.4268867,-620.4873873,-2334.264772,-1965.347789,-1375.301702,-3085.249145,-4426.605073,-3487.621397,-3290.731992,-4133.148817,-4502.469338,-5422.885658,-5838.332063,-6441.783634,-7593.518146,-9298.908784,-8018.14297,-7392.276496,-7966.888713,-8259.127886,-10257.86956,-11459.5024,-10531.56504,-12796.74202,-11553.7595,-5549.29009,624.3984016,-3215.028076,-5219.622819,-4339.739843,-7380.013493,-8267.622989,-12791.00683,-16498.16392,-19672.36397,-20701.63303,-18262.34996,-15681.52276,-15007.40529,-12049.66382,-11020.9736,-9774.542634,-12840.93011,-14872.87051,-13926.77108,-13029.67325,-8437.199699,-8742.788552,-9156.83412,-11825.59686,-6899.590294,-7337.909928,-5437.148641,-6801.601167,-5564.293884,-7523.490605,-6706.58215,-6399.069908,-5732.306536,-8567.472181,-12643.93775,-14151.80878,-13800.8305,-10897.02583,-1613.588575,4461.773613,3278.074162,4238.779921,3562.46832,-357.253487,-3253.386765,-9321.455394,-9544.453616,-7919.268236,-3663.728771,-1995.751264,493.2192204,-3148.676842,-12497.52397,-7467.549168,-15885.81401,-12216.03273,
United States,USA,145.0421056,873.2469787,2737.763545,3383.916623,1612.432401,110.0287571,-295.0756398,531.1327766,4208.041262,5015.214152,4080.954486,4814.092727,2566.563805,1648.355876,-84.01781021,163.0337078,-2687.540468,-3031.589715,-2757.520564,-5863.083414,-7021.274764,-3777.647958,-3667.612429,-679.109651,-424.0671255,-691.1066668,923.1384034,-98.01439122,-3459.495942,-941.1345558,4333.60676,2383.31927,963.1232953,1228.155319,2081.25529,759.0925379,-285.0348166,3789.454866,-4040.480049,-4997.58744,-2517.289859,-7833.875477,-12902.39879,-15445.62795,-20932.14224,-23441.33829,-23386.29016,-26591.56369,-23521.22393,-28691.67192,-31305.85431,-34651.11857,-34212.03548,-35695.14098,-38052.3031,-39229.36875,-39268.32602,-39988.32781,-40132.2862,-41285.29729,-32954.59804,-28898.22704,-27926.11432,-31389.32517,-28494.06791,-25169.79372,-22051.54863,-23776.65471,-23647.61057,-19525.31033,-21538.43219,-14258.94978,9957.659931,2525.164848,-4186.269806,-5401.344862,-6234.391884,-11890.735,-14703.89562,-18788.12484,-14777.87835,-20680.21482,-21303.23811,-28059.60017,-24982.40428,-28579.57739,-31609.7246,-36446.95539,-31435.67151,-32014.68912,-26978.40448,-23148.19121,-27441.39494,-29841.4859,-36059.77376,-31436.52232,-36080.72572,-28799.35221,-32718.51069,-43127.9679,-44005.98519,-51351.28989,-58891.58254,-60826.61778,-60840.58564,-67959.85348,-76132.14368,-81688.30035,-94775.79005,-96395.76248,-104478.0501,-106283.0737,-107140.093,-95254.59472,-103438.9039,-88266.31179,-102611.8061,-114673.2129,-114858.1826,-123979.4831,-135366.8456,-129340.5731,-130109.4993,-127494.3319,-136993.5956,-156114.1552,-161507.2498,-181296.7887,-170829.3519,-180647.5915,-188198.7277,-209579.2915,-199511.8682,-204958.9608,-218448.2996,-193751.52,-200320.6365,-193339.3696,-175760.8271,-167148.5435,-182288.9579,-179820.8384,-178198.7841,-156233.2778,-99404.75525,-87091.4223,-91386.52986,-101856.7808,-103036.7914,-111738.9836,-116622.0808,-100623.629,-119239.1068,-119438.0708,-106862.7317,-109773.7716,-113914.8356,-110006.715,-98868.42325,-95402.32394,-90925.18709,-89163.13565,-85394.01979,-74042.72861,-90916.12115,-87170.99669,-89191.01066,-102786.303,-99397.20984,-99477.18702,-109929.4019,-99659.17448,-104017.2581,-100483.1595,-99564.12111,-92159.94344,-85464.7853,-103942.1537,-85767.75374,-92447.8587,-96924.92351,-94155.83983,-119451.3096,-129325.4847,-115481.1982,-116486.1903,-109791.0396,-99999.84273,-100448.8655,-149230.0398,-167265.1319,-180206.321,-175553.1469,-200222.475,-226728.8509,-228954.7611,-283903.59,-248787.9414,-222760.4638,-216157.3079,-219303.3065
