Country,Country Code,Jan-73,Feb-73,Mar-73,Apr-73,May-73,Jun-73,Jul-73,Aug-73,Sep-73,Oct-73,Nov-73,Dec-73,Jan-74,Feb-74,Mar-74,Apr-74,May-74,Jun-74,Jul-74,Aug-74,Sep-74,Oct-74,Nov-74,Dec-74,Jan-75,Feb-75,Mar-75,Apr-75,May-75,Jun-75,Jul-75,Aug-75,Sep-75,Oct-75,Nov-75,Dec-75,Jan-76,Feb-76,Mar-76,Apr-76,May-76,Jun-76,Jul-76,Aug-76,Sep-76,Oct-76,Nov-76,Dec-76,Jan-77,Feb-77,Mar-77,Apr-77,May-77,Jun-77,Jul-77,Aug-77,Sep-77,Oct-77,Nov-77,Dec-77,Jan-78,Feb-78,Mar-78,Apr-78,May-78,Jun-78,Jul-78,Aug-78,Sep-78,Oct-78,Nov-78,Dec-78,Jan-79,Feb-79,Mar-79,Apr-79,May-79,Jun-79,Jul-79,Aug-79,Sep-79,Oct-79,Nov-79,Dec-79,Jan-80,Feb-80,Mar-80,Apr-80,May-80,Jun-80,Jul-80,Aug-80,Sep-80,Oct-80,Nov-80,Dec-80,Jan-81,Feb-81,Mar-81,Apr-81,May-81,Jun-81,Jul-81,Aug-81,Sep-81,Oct-81,Nov-81,Dec-81,Jan-82,Feb-82,Mar-82,Apr-82,May-82,Jun-82,Jul-82,Aug-82,Sep-82,Oct-82,Nov-82,Dec-82,Jan-83,Feb-83,Mar-83,Apr-83,May-83,Jun-83,Jul-83,Aug-83,Sep-83,Oct-83,Nov-83,Dec-83,Jan-84,Feb-84,Mar-84,Apr-84,May-84,Jun-84,Jul-84,Aug-84,Sep-84,Oct-84,Nov-84,Dec-84,Jan-85,Feb-85,Mar-85,Apr-85,May-85,Jun-85,Jul-85,Aug-85,Sep-85,Oct-85,Nov-85,Dec-85,Jan-86,Feb-86,Mar-86,Apr-86,May-86,Jun-86,Jul-86,Aug-86,Sep-86,Oct-86,Nov-86,Dec-86,Jan-87,Feb-87,Mar-87,Apr-87,May-87,Jun-87,Jul-87,Aug-87,Sep-87,Oct-87,Nov-87,Dec-87,Jan-88,Feb-88,Mar-88,Apr-88,May-88,Jun-88,Jul-88,Aug-88,Sep-88,Oct-88,Nov-88,Dec-88,Jan-89,Feb-89,Mar-89,Apr-89,May-89,Jun-89,Jul-89,Aug-89,Sep-89,Oct-89,Nov-89,Dec-89,Jan-90,Feb-90,Mar-90,Apr-90,May-90,Jun-90,Jul-90,Aug-90,Sep-90,Oct-90,Nov-90,Dec-90,Jan-91,Feb-91,Mar-91,Apr-91,May-91,Jun-91,Jul-91,Aug-91,Sep-91,Oct-91,Nov-91,Dec-91,Jan-92,Feb-92,Mar-92,Apr-92,May-92,Jun-92,Jul-92,Aug-92,Sep-92,Oct-92,Nov-92,Dec-92,Jan-93,Feb-93,Mar-93,Apr-93,May-93,Jun-93,Jul-93,Aug-93,Sep-93,Oct-93,Nov-93,Dec-93,Jan-94,Feb-94,Mar-94,Apr-94,May-94,Jun-94,Jul-94,Aug-94,Sep-94,Oct-94,Nov-94,Dec-94,Jan-95,Feb-95,Mar-95,Apr-95,May-95,Jun-95,Jul-95,Aug-95,Sep-95,Oct-95,Nov-95,Dec-95,Jan-96,Feb-96,Mar-96,Apr-96,May-96,Jun-96,Jul-96,Aug-96,Sep-96,Oct-96,Nov-96,Dec-96,Jan-97,Feb-97,Mar-97,Apr-97,May-97,Jun-97,Jul-97,Aug-97,Sep-97,Oct-97,Nov-97,Dec-97,Jan-98,Feb-98,Mar-98,Apr-98,May-98,Jun-98,Jul-98,Aug-98,Sep-98,Oct-98,Nov-98,Dec-98,Jan-99,Feb-99,Mar-99,Apr-99,May-99,Jun-99,Jul-99,Aug-99,Sep-99,Oct-99,Nov-99,Dec-99,Jan-00,Feb-00,Mar-00,Apr-00,May-00,Jun-00,Jul-00,Aug-00,Sep-00,Oct-00,Nov-00,Dec-00,Jan-01,Feb-01,Mar-01,Apr-01,May-01,Jun-01,Jul-01,Aug-01,Sep-01,Oct-01,Nov-01,Dec-01,Jan-02,Feb-02,Mar-02,Apr-02,May-02,Jun-02,Jul-02,Aug-02,Sep-02,Oct-02,Nov-02,Dec-02,Jan-03,Feb-03,Mar-03,Apr-03,May-03,Jun-03,Jul-03,Aug-03,Sep-03,Oct-03,Nov-03,Dec-03,Jan-04,Feb-04,Mar-04,Apr-04,May-04,Jun-04,Jul-04,Aug-04,Sep-04,Oct-04,Nov-04,Dec-04,Jan-05,Feb-05,Mar-05,Apr-05,May-05,Jun-05,Jul-05,Aug-05,Sep-05,Oct-05,Nov-05,Dec-05,Jan-06,Feb-06,Mar-06,Apr-06,May-06,Jun-06,Jul-06,Aug-06,Sep-06,Oct-06,Nov-06,Dec-06,Jan-07,Feb-07,Mar-07,Apr-07,May-07,Jun-07,Jul-07,Aug-07,Sep-07,Oct-07,Nov-07,Dec-07,Jan-08,Feb-08,Mar-08,Apr-08,May-08,Jun-08,Jul-08,Aug-08,Sep-08,Oct-08,Nov-08,Dec-08,Jan-09,Feb-09,Mar-09,Apr-09,May-09,Jun-09,Jul-09,Aug-09,Sep-09,Oct-09,Nov-09,Dec-09,Jan-10,Feb-10,Mar-10,Apr-10,May-10,Jun-10,Jul-10,Aug-10,Sep-10,Oct-10,Nov-10,Dec-10,Jan-11,Feb-11,Mar-11,Apr-11,May-11,Jun-11,Jul-11,Aug-11,Sep-11,Oct-11,Nov-11,Dec-11,Jan-12,Feb-12,Mar-12,Apr-12,May-12,Jun-12,Jul-12,Aug-12,Sep-12,Oct-12,Nov-12,Dec-12,Jan-13,Feb-13,Mar-13,Apr-13,May-13,Jun-13,Jul-13,Aug-13,Sep-13,Oct-13,Nov-13,Dec-13,Jan-14,Feb-14,Mar-14,Apr-14,May-14,Jun-14,Jul-14,Aug-14,Sep-14,Oct-14,Nov-14,Dec-14,Jan-15,Feb-15,Mar-15,Apr-15,May-15,Jun-15,Jul-15,Aug-15,Sep-15,Oct-15,Nov-15,Dec-15,Jan-16,Feb-16,Mar-16,Apr-16,May-16,Jun-16,Jul-16,Aug-16,Sep-16,Oct-16,Nov-16,Dec-16,Jan-17,Feb-17,Mar-17,Apr-17,May-17,Jun-17,Jul-17,Aug-17,Sep-17,Oct-17,Nov-17,Dec-17,Jan-18,Feb-18,Mar-18,Apr-18,May-18,Jun-18,Jul-18,Aug-18,Sep-18,Oct-18,Nov-18,Dec-18,Jan-19,Feb-19,Mar-19,Apr-19,May-19,Jun-19,Jul-19,Aug-19,Sep-19,Oct-19,Nov-19,Dec-19,Jan-20,Feb-20,Mar-20,Apr-20,May-20,Jun-20,Jul-20,Aug-20,Sep-20,Oct-20,Nov-20,Dec-20,Jan-21,Feb-21,Mar-21,Apr-21,May-21,Jun-21,Jul-21,Aug-21,Sep-21,Oct-21,Nov-21,Dec-21,Jan-22,Feb-22,Mar-22,Apr-22,May-22,Jun-22,Jul-22,Aug-22,Sep-22,Oct-22,Nov-22,Dec-22,Jan-23,Feb-23,Mar-23,Apr-23,May-23,Jun-23
Australia,AUS,,,,,,,,,,,,,,,,,,,,,,,,,,,,,,,,,,,,,,,,,,,,,,,,,,,,,,,,,,,,,,6.645,6.304,6.269,6.211,6.304,6.224,6.491,6.251,6.164,6.333,6.407,6.372,6.258,6.304,6.499,6.205,6.252,6.275,6.119,6.235,6.385,6.046,6.121,6.148,5.999,5.937,6.115,6.247,6.323,6.079,6.178,6.143,6.056,5.851,6.052,5.917,5.617,5.747,5.556,5.59,5.374,5.83,5.847,5.814,5.873,5.996,6.028,5.983,6.309,6.324,6.334,6.594,6.767,6.886,7.012,7.431,8.296,8.68,9.403,9.299,9.659,9.952,10.153,10.324,10.203,10.503,10.22,10.339,10.009,9.655,9.458,9.497,9.386,9.209,9.372,8.937,9.096,8.904,8.829,8.735,8.696,8.679,8.52,8.552,8.39,8.667,8.403,8.376,8.572,8.295,8.156,8.058,7.849,7.95,7.785,7.806,8.003,7.929,7.902,7.846,7.655,8.116,8.24,8.338,8.31,8.319,8.363,8.187,8.211,8.438,8.302,8.201,8.01,8.083,8.105,7.755,8.086,7.931,7.728,7.631,7.417,7.506,7.914,7.451,7.564,6.763,7.068,6.934,6.818,6.612,6.832,6.806,6.637,6.34,6.201,6.279,6.013,6.05,5.944,6.031,5.924,5.786,5.847,6.111,6.391,6.184,6.28,6.504,6.61,7.086,7.211,7.374,7.637,7.945,8.018,8.398,8.616,9.182,9.863,9.502,9.532,9.69,9.79,10.033,9.987,10.197,10.473,10.348,10.404,10.496,10.473,10.618,10.813,11.124,10.722,10.617,11.091,11.136,11.216,10.833,11.014,10.857,10.767,10.786,10.995,10.934,10.982,10.742,10.957,10.948,10.755,10.568,10.398,10.353,10.063,9.766,9.821,9.627,9.444,9.353,9.092,9.142,8.934,8.855,8.823,8.616,8.267,8.474,8.354,8.424,8.319,8.361,8.574,8.451,8.143,8.452,8.326,8.42,8.578,8.414,8.255,8.566,8.721,8.575,8.759,8.47,8.63,8.566,8.702,8.592,8.568,8.547,8.331,8.588,8.464,8.067,8.032,7.986,7.91,7.865,7.772,7.883,7.603,7.764,7.832,7.974,7.754,7.633,7.313,7.626,7.183,7.118,7.115,7.012,6.979,7.024,6.653,6.675,6.905,7.04,6.776,6.439,6.684,6.767,6.619,6.564,6.376,6.414,6.115,5.954,6.051,5.962,6.009,6.261,6.243,6.138,6.501,6.458,6.782,6.892,6.933,6.879,6.88,6.841,7.193,6.883,6.861,6.914,6.536,6.43,6.345,6.372,6.496,6.179,6.349,6.312,6.128,6.162,6.182,6.081,5.954,6.131,6.029,6.068,6.054,6.127,5.818,5.775,5.783,5.661,5.681,5.531,5.642,5.437,5.506,5.336,5.463,5.55,5.517,5.37,5.122,5.161,5.068,5.073,5.084,5.162,5.121,5.099,4.95,4.971,4.901,5.002,5.016,4.937,5.069,5.162,5.103,4.867,4.965,4.798,4.808,4.656,4.712,4.666,4.463,4.515,4.568,4.553,4.634,4.459,4.385,4.264,4.324,4.253,4.299,4.213,4.326,4.427,4.308,4.221,3.979,4.057,4.265,4.265,4.243,4.25,4.016,4.289,4.29,4.463,4.57,4.907,5.303,5.711,5.512,5.811,5.861,5.671,5.716,5.662,5.624,5.558,5.491,5.265,5.299,5.422,5.497,5.228,5.144,5.285,5.034,5.055,5.286,5.109,4.876,5.002,4.973,4.925,4.957,5.011,4.917,5.089,5.272,5.223,5.189,5.231,5.197,5.045,5.196,5.181,4.992,5.197,5.164,5.177,5.158,5.49,5.413,5.258,5.433,5.385,5.401,5.638,5.584,5.605,5.698,5.63,5.845,5.708,5.828,5.8,5.902,5.937,5.887,5.871,5.799,5.924,6.051,6.184,6.103,6.229,6.366,6.303,6.107,6.337,6.149,6.099,6.105,5.926,6.01,6.286,6.095,6.167,5.924,5.859,5.743,6.024,5.691,5.647,5.637,5.715,5.699,5.707,5.619,5.653,5.591,5.768,5.834,5.685,5.846,5.845,5.606,5.537,5.606,5.611,5.527,5.459,5.38,5.429,5.613,5.503,5.565,5.506,5.528,5.392,5.336,5.315,5.292,5.032,5.016,5.117,5.026,5.043,4.967,5.075,5.205,5.205,5.266,5.304,5.283,5.217,5.311,5.168,5.067,5.256,5.075,5.198,6.297,7.003,7.446,7.569,6.846,6.936,6.978,6.837,6.587,6.316,5.789,5.602,5.401,5.052,4.977,4.73,4.575,4.673,5.254,4.603,4.175,4.148,4.001,3.914,3.862,3.906,3.578,3.475,3.519,3.572,3.428,3.467,3.526,3.661,3.543,3.519,3.671,3.547,3.467
Austria,AUT,,,,,,,,,,,,,,,,,,,,,,,,,,,,,,,,,,,,,,,,,,,,,,,,,,,,,,,,,,,,,,,,,,,,,,,,,,,,,,,,,,,,,,,,,,,,,,,,,,,,,,,,,,,,,,,,,,,,,,,,,,,,,,,,,,,,,,,,,,,,,,,,,,,,,,,,,,,,,,,,,,,,,,,,,,,,,,,,,,,,,,,,,,,,,,,,,,,,,,,,,,,,,,,,,,,,,,,,,,,,,,,,,,,,,,,,,,,,,,,,,3.8,3.8,3.9,3.9,4,4,4,4.1,4,4,4,4,4,3.9,3.8,3.8,3.9,3.8,3.8,3.8,3.8,3.8,3.8,3.8,4,3.9,3.9,4,4.1,4.2,4.3,4.4,4.4,4.5,4.6,4.6,4.7,4.8,4.8,4.8,4.8,4.8,4.7,4.7,4.7,4.6,4.6,4.6,4.6,4.7,4.7,4.7,4.7,4.7,4.8,4.8,4.8,4.8,4.9,4.9,4.9,5,4.9,4.9,4.8,4.8,4.7,4.7,4.6,4.5,4.4,4.3,4.3,4.2,4.2,4.2,4.2,4.2,4.1,4,4,4,4.1,4.2,4.3,4.3,4.1,3.8,3.7,3.6,3.8,3.8,3.9,3.8,3.8,3.7,3.6,3.6,3.7,3.9,4,4.1,4.1,4.1,4.1,4.2,4.3,4.4,4.5,4.5,4.5,4.3,4.2,4.2,4.3,4.4,4.5,4.4,4.4,4.5,4.5,4.5,4.6,4.7,4.8,4.9,4.8,4.8,4.8,4.9,5,5.2,6.1,5.8,6,6.1,5.6,5.7,5.5,5.9,6.2,6.2,5.7,5.9,5.7,5.6,6,5.9,6.2,6.2,6.4,5.9,6.1,6.4,6.2,5.8,6.1,6,6.2,5.7,5.2,6.1,5.8,5.1,5.3,5.3,5.2,5.4,5.1,5.4,5.1,5.5,5.6,5.2,5.6,5.6,4.8,5,5,4.4,4.5,4.6,4.5,4,4.2,3.9,4.3,4.8,4.2,4.3,4.8,5.1,5,4.9,5.3,5.8,5.5,5.8,6.4,5.9,6.5,5.7,6.2,5.5,5,5.3,5.7,5.4,5.2,5.4,5.3,5.1,5.3,5.1,4.7,4.7,4.9,5.7,4.8,4.9,5,4.5,4.5,4.4,4.4,5.2,5.4,5.1,4.4,5.3,4.7,4.9,5.2,5.5,5.5,5.7,5.6,5.3,5.5,5.3,5.9,5.6,5.9,5.4,5.4,5.4,6,5.7,5.9,5.8,6,5.8,6.3,5.7,6.2,5.5,5.6,6.5,6.2,5.8,6.3,6.1,6.1,6.2,5.8,5.8,6.1,6.2,6.4,6.3,6.2,6,6.4,5.9,6.7,6.2,6.6,6.4,6.1,6.2,6.8,6.7,6.7,7,6.6,6.3,6.2,6.1,6.1,6.1,6,5.7,6.1,5.6,6.1,5.9,6,5.7,5.9,5.8,5.7,5.2,5.2,5.1,4.7,5.1,5.5,5.4,5.4,5.5,4.7,5.2,4.9,5,5,4.9,4.9,4.6,4.9,5.1,4.6,5,4.1,4.7,4.3,4.6,4.8,6,7.1,7.9,6.8,6.4,6.5,6.1,5.8,6.8,7.6,7,6.5,7.2,6.7,6.2,6.1,6.1,4.9,5.9,5.1,4.8,4.7,4.8,4.2,4.4,4.7,4.2,4.7,5.3,5.2,4.5,5.5,4.9,5.1,4.9,4.4,5.1,4.6,
Belgium,BEL,,,,,,,,,,,,,,,,,,,,,,,,,,,,,,,,,,,,,,,,,,,,,,,,,,,,,,,,,,,,,,,,,,,,,,,,,,,,,,,,,,,,,,,,,,,,,,,,,,,,,,,,,,,,,,,,,,,,,,,,,10.4,10.5,10.6,10.6,10.7,10.7,10.8,10.8,10.9,11,11,10.9,10.9,10.9,10.8,10.8,10.8,10.8,10.8,10.9,10.9,10.8,10.8,10.7,10.6,10.6,10.4,10.2,10.1,10,9.9,9.9,9.9,9.9,9.9,10,10.1,10.1,10.1,10.1,10.1,10.1,10,9.9,9.9,10,10.1,10.1,10.1,10,10,10,9.9,9.9,9.8,9.7,9.6,9.6,9.6,9.5,9.5,9.4,9.3,9.2,9.1,8.9,8.8,8.7,8.5,8.3,8.2,8.1,7.9,7.8,7.7,7.6,7.5,7.4,7.3,7.2,7.1,7,7,6.9,6.8,6.7,6.7,6.6,6.6,6.6,6.6,6.5,6.4,6.4,6.4,6.4,6.4,6.4,6.4,6.4,6.4,6.4,6.4,6.4,6.4,6.5,6.6,6.7,6.7,6.7,6.8,6.9,7,7.1,7.1,7.1,7.2,7.3,7.5,7.7,7.8,7.9,8.1,8.2,8.4,8.5,8.7,8.9,9,9.2,9.3,9.5,9.6,9.7,9.7,9.8,9.8,9.8,9.8,9.8,9.8,9.8,9.7,9.7,9.7,9.7,9.6,9.6,9.6,9.6,9.6,9.7,9.7,9.8,9.8,9.8,9.9,9.9,9.8,9.8,9.7,9.5,9.5,9.4,9.4,9.3,9.2,9.2,9.1,9.1,9.1,9.1,9.1,9.2,9.3,9.3,9.3,9.3,9.3,9.4,9.4,9.4,9.5,9.5,9.4,9.4,9.3,9.4,9.4,9.2,9.1,9.1,8.9,9,9,9,9,8.7,8.3,8.2,7.9,7.8,7.7,7.6,7.3,7.1,6.9,6.9,6.8,6.7,6.8,7,6.9,6.8,6.7,6.4,6.1,6,6.1,6.5,6.6,6.4,6.1,6.2,6.6,7.3,7.4,7.5,7.4,7.3,7.3,7.3,7.3,7.3,7.5,7.4,7.6,7.8,8,8.1,8.1,8.1,8.1,8.1,8.1,8.1,8.1,8.1,8.2,8.3,8.3,8.5,8.7,8.6,8.3,7.7,7.6,8,8.6,9,9,8.6,8.3,8.2,8.3,8.5,8.6,8.4,8.6,8.5,8.5,8.5,8.5,8.4,8.4,8.5,8.5,8.6,8.6,8.7,8.8,8.5,8,7.8,7.9,7.9,8,7.9,7.8,7.8,7.9,8.2,8.1,7.7,7.3,7,6.9,7,7.1,7.1,7.1,6.9,6.7,6.5,6.5,6.9,7.5,7.6,7.4,6.9,6.7,6.9,7.8,7.9,7.9,7.9,7.9,8,8,8,8,8,8.1,8.4,8.7,8.7,8.6,8.6,8.5,8.5,8.6,8.4,8.3,8.1,7.9,7.7,7.4,7.1,7,6.9,7,7.1,7.5,7.6,7.5,7.3,7.2,7.1,7.2,7.3,7.3,7.3,7.4,7.4,7.4,7.6,7.8,8.2,8.4,8.5,8.5,8.6,8.6,8.6,8.6,8.5,8.5,8.4,8.5,8.6,8.6,8.7,8.8,8.8,8.7,8.6,8.6,8.6,8.6,8.6,8.7,8.7,8.7,8.7,8.8,8.9,8.9,8.9,8.7,8.6,8.2,8.1,8.3,8.8,8.9,8.8,8.4,8.2,8.2,8.3,8.2,8.1,7.9,7.7,7.4,7.2,7.2,7.3,7.6,7.8,7.7,7.4,7.2,7.2,7.2,7.1,6.9,6.6,6.4,6.2,6.1,6.1,6.2,6.4,6.4,6.2,5.9,5.6,5.5,5.7,5.8,5.7,5.7,5.6,5.6,5.6,5.5,5.4,5.2,5.1,5.1,5.2,5.2,5.3,5.2,5.1,5,4.9,5,5.4,6,6.4,6.3,5.8,5.8,6,6.5,6.8,6.8,6.4,6.3,6.2,6.3,6.3,6.2,6,5.8,5.6,5.3,5.3,5.4,5.7,5.9,5.8,5.5,5.4,5.4,5.6,5.7,5.7,5.7,5.6,5.6,5.6,5.7,
Canada,CAN,6.1,5.9,5.6,5.5,5.3,5.4,5.3,5.3,5.6,5.7,5.5,5.4,5.3,5.2,5.2,5.2,5.4,5,5.1,5.3,5.4,5.4,5.6,6,6.9,6.6,6.6,6.5,7,7,6.9,7.1,6.9,7.2,7.2,7,7.1,7,6.7,6.8,6.9,6.9,7.4,7.1,7,7.4,7.4,7.5,7.6,7.9,7.8,7.9,7.8,7.8,8.1,8.2,8.3,8.4,8.5,8.5,8.3,8.3,8.5,8.4,8.6,8.4,8.3,8.4,8.4,8.2,8.3,8.3,8.2,8,7.9,8,7.6,7.4,7.2,7.1,7,7.2,7.2,7.2,7.5,7.6,7.6,7.7,7.8,7.7,7.6,7.6,7.3,7.3,7.2,7.3,7.4,7.4,7.4,7.1,7.2,7.2,7.2,7.1,8.1,8.3,8.3,8.7,8.6,8.9,9.3,9.8,10.3,11.1,11.9,12,12.4,12.9,12.9,13.1,12.7,12.7,12.5,12.4,12.4,12.4,11.9,11.7,11.4,11.3,11.3,11.3,11.3,11.3,11.3,11.5,11.7,11.3,11.2,11.3,11.8,11.3,11.4,11.1,10.6,10.8,11,10.8,10.6,10.7,10.4,10.3,10.2,10.3,10.3,10.1,9.8,9.9,9.8,9.7,9.5,9.6,9.6,9.6,9.5,9.4,9.4,9.5,9.5,9.5,9.4,9.2,8.9,8.9,8.7,8.6,8.4,8.3,8.2,8,8.1,7.8,7.8,7.7,7.8,7.6,7.8,7.8,7.8,7.8,7.8,7.5,7.5,7.6,7.5,7.8,7.7,7.5,7.5,7.3,7.3,7.2,7.5,7.7,7.9,7.7,7.3,7.6,7.8,7.6,7.9,8.1,8.5,8.8,9.1,9.5,9.8,10.2,10.5,10.3,10.2,10.5,10.5,10.5,10.3,10.3,10.4,10.3,10.4,10.5,10.9,10.7,10.9,11.4,11.3,11.7,11.6,11.4,12.1,11.7,11.2,11,11.2,11.6,11.6,11.7,11.6,11.2,11.5,11.3,11.2,11.4,11.4,11.1,10.6,10.9,10.7,10.3,10.1,10.2,10.1,10,9.7,9.6,9.6,9.6,9.7,9.5,9.5,9.5,9.6,9.5,9.2,9.3,9.2,9.4,9.4,9.5,9.6,9.3,9.2,9.8,9.7,9.4,9.9,9.9,9.9,9.7,9.5,9.5,9.3,9.4,9.4,9.1,8.9,8.9,8.8,8.9,8.9,8.5,8.8,8.6,8.4,8.3,8.3,8.4,8.3,8.1,8.2,8,8,8.1,7.9,7.9,7.9,8.2,7.9,7.6,7.6,7.4,7.5,7.2,6.9,6.8,6.8,6.9,6.9,6.7,6.6,6.7,6.8,7,6.9,7,6.9,6.8,6.9,7,7.1,7.1,7,7.2,7.1,7.2,7.2,7.3,7.5,8.1,8,7.9,7.9,7.7,7.8,7.6,7.6,7.4,7.6,7.6,7.5,7.6,7.5,7.5,7.4,7.6,7.8,7.6,7.7,7.8,7.9,7.6,7.4,7.3,7.3,7.3,7.3,7.2,7.1,7.2,7.1,7,6.9,7.1,7.2,7.1,6.9,7,6.9,6.7,7,6.8,6.7,6.7,6.7,6.7,6.3,6.6,6.7,6.6,6.5,6.5,6.2,6.3,6.5,6.5,6.5,6.3,6.5,6.3,6.4,6.3,6.3,6.3,6.2,6.1,6,6,6,6,6.1,6.2,6.1,6.1,6.2,6.2,6.2,6.1,6.2,6.2,6.3,6.4,6.7,7,7.5,8.1,8.3,8.4,8.6,8.8,8.8,8.8,8.5,8.5,8.6,8.6,8.4,8.4,8.3,8.2,8.1,8,8.2,8.2,8.2,8.1,7.8,7.8,7.8,7.8,7.8,7.8,7.7,7.7,7.4,7.4,7.4,7.5,7.6,7.5,7.7,7.6,7.3,7.4,7.5,7.4,7.3,7.4,7.4,7.4,7.3,7.2,7.1,7,7.3,7.2,7,7.2,7.3,7.2,7.1,7.2,7.1,7.4,7.2,7.2,7.1,7.1,7.3,7.1,7.1,7,7,6.8,6.8,6.7,6.8,6.9,6.8,6.9,6.8,6.9,6.9,7,7.1,7,7.1,7.2,7.3,7.3,7.2,7.3,7,6.9,6.9,6.9,7,6.9,6.8,6.9,6.8,6.6,6.7,6.5,6.6,6.5,6.3,6.2,6.2,6.4,6.1,6,5.9,6,5.8,5.8,5.9,6,5.9,6,5.8,5.7,5.7,5.7,5.7,5.8,5.9,5.7,5.4,5.6,5.8,5.8,5.6,5.6,5.9,5.6,5.5,5.7,8.4,13.6,14.1,12.4,11,10.2,9.2,9,8.7,8.9,9.2,8.5,7.6,8.2,8.2,7.8,7.5,7.2,7.1,6.6,6.2,6,6.5,5.4,5.3,5.3,5.2,4.9,4.9,5.3,5.2,5.2,5.1,5,5,5,5,5,5.2,5.4
Chile,CHL,,,,,,,,,,,,,,,,,,,,,,,,,,,,,,,,,,,,,,,,,,,,,,,,,,,,,,,,,,,,,,,,,,,,,,,,,,,,,,,,,,,,,,,,,,,,,,,,,,,,,,,,,,,,,,,,,,,,,,,,,,,,,,,,,,,,,,,,,,,,,,,,,,,,,,,,,,,,,14.485,13.876,13.087,12.482,12.014,11.561,11.28,11.312,11.3,11.507,11.233,11.015,10.997,11.052,11.192,11.314,11.402,11.426,11.097,10.895,10.834,10.244,10.362,10.196,10.673,10.454,10.58,10.311,10.283,10.021,9.861,9.654,9.192,8.886,8.604,8.314,8.17,8.193,8.294,8.411,8.219,7.827,7.737,7.526,7.777,7.667,7.691,7.408,7.312,7.393,7.663,7.807,7.895,7.885,7.826,7.722,7.872,8.121,8.043,7.97,7.977,8.284,8.193,8.13,8.03,8.455,8.508,8.652,8.449,8.214,7.661,7.339,7.164,7.056,6.638,6.353,6.377,6.418,6.535,6.575,6.556,6.615,6.67,6.707,6.597,6.571,6.486,6.38,6.236,6.292,6.431,6.485,6.435,6.379,6.911,7.336,7.549,7.328,7.461,7.573,7.669,7.728,7.713,7.901,8.232,8.489,8.381,8.124,7.805,7.659,7.371,7.454,7.413,7.408,7.237,7.057,6.942,6.9,7.103,7.526,7.485,6.851,6.324,6.23,6.296,6.557,6.466,6.277,5.966,5.966,5.871,5.926,5.902,6.11,6.2,6.309,6.321,6.243,6.152,6.22,6.175,6.056,5.82,5.718,5.549,5.529,5.488,5.601,5.839,6.007,6.28,6.33,6.694,7.347,7.953,8.319,8.374,8.81,9.311,10.038,10.649,10.745,10.945,10.968,10.977,10.607,10.154,9.601,9.169,9.009,9.239,9.236,9.402,9.979,10.255,10.532,10.142,10.191,9.719,9.818,9.811,9.935,10.027,10.146,9.894,9.802,9.657,10.117,9.986,9.79,9.457,9.627,9.879,10.003,9.901,9.783,9.795,9.578,9.683,9.888,10.099,9.947,9.521,9.353,9.542,9.562,9.781,9.604,9.591,9.466,9.657,9.732,9.531,9.339,9.269,9.225,9.154,9.512,10.088,10.489,10.394,10.308,10.427,10.412,10.43,10.011,9.729,9.445,9.496,9.351,9.507,9.396,9.612,9.43,9.378,9.266,9.136,9.016,8.709,8.446,8.412,8.576,8.663,8.547,8.521,8.294,7.98,7.502,7.17,6.858,6.591,6.62,6.825,6.87,6.866,6.547,6.529,6.61,7.12,7.299,7.534,7.554,7.854,7.775,7.804,7.658,7.654,7.712,7.989,7.889,7.693,7.399,7.394,7.764,8.14,8.614,9.062,9.344,9.859,9.961,10.259,10.195,10.158,9.787,9.566,9.436,9.362,9.302,9.036,9.328,8.855,8.809,8.294,8.088,7.995,7.792,7.694,7.48,7.802,7.942,7.833,7.592,7.21,7.059,6.921,7.193,7.146,7.335,7.332,7.585,7.354,7.29,6.848,6.804,6.748,6.708,6.516,6.363,6.25,6.352,6.613,6.585,6.709,6.489,6.639,6.428,6.527,6.319,6.014,5.603,5.589,5.656,5.883,6.073,6.224,6.594,6.449,6.503,6.159,6.12,6.259,6.276,6.525,6.535,6.497,6.446,6.684,6.591,6.475,6.221,6.356,6.522,6.419,6.38,6.285,6.34,6.392,6.415,6.332,6.272,6.293,6.48,6.614,6.803,6.75,6.915,6.784,6.824,6.641,6.658,6.682,6.747,7.035,7.01,7.072,7.081,7.037,6.864,6.627,6.792,6.952,6.97,7.009,7.214,7.257,7.318,6.979,7.144,7.247,7.482,7.425,7.271,7.382,7.601,7.676,7.518,7.263,7.179,7.072,7.001,6.995,7.18,7.277,7.149,7.124,7.242,7.583,7.845,8.06,8.152,8.997,10.919,11.814,12.491,12.415,12.031,11.55,11.183,11.026,10.782,10.644,10.309,10.241,9.773,9.181,8.523,8.229,8.192,8.055,7.824,7.712,7.665,7.722,7.722,7.71,7.574,7.547,7.551,7.637,7.833,7.948,8.253,8.412,8.453,8.602,8.717,8.604,8.276,8.239,
Colombia,COL,,,,,,,,,,,,,,,,,,,,,,,,,,,,,,,,,,,,,,,,,,,,,,,,,,,,,,,,,,,,,,,,,,,,,,,,,,,,,,,,,,,,,,,,,,,,,,,,,,,,,,,,,,,,,,,,,,,,,,,,,,,,,,,,,,,,,,,,,,,,,,,,,,,,,,,,,,,,,,,,,,,,,,,,,,,,,,,,,,,,,,,,,,,,,,,,,,,,,,,,,,,,,,,,,,,,,,,,,,,,,,,,,,,,,,,,,,,,,,,,,,,,,,,,,,,,,,,,,,,,,,,,,,,,,,,,,,,,,,,,,,,,,,,,,,,,,,,,,,,,,,,,,,,,,,,,,,,,,,,,,,,,,,,,,,,,,,,,,,,,,,,,,,,,,,,,,,,,,,,,,,,,,,,,,,,,,,,,,,,,,,,,,,,,,,,,,,,,,,,,,,,,,,,,,11.725,11.754,11.938,10.916,11.624,11.275,10.847,11.111,11.33,11.477,10.697,10.711,10.906,11.107,11.239,11.13,10.709,11.495,11.647,11.667,11.497,11.43,12.224,11.599,11.891,11.604,12.054,12.079,11.61,11.706,12.234,12.186,12.943,13.123,12.749,12.159,12.282,11.52,11.848,12.347,12.093,12.133,12.251,11.644,11.363,11.689,12.27,12.036,11.474,11.833,10.815,11.115,11.344,11.174,11.124,10.628,10.357,10.442,10.654,10.765,10.512,10.778,10.282,10.813,10.739,10.342,10.538,10.134,10.503,10.178,10.598,10.587,10.092,10.658,10.089,10.145,9.549,9.592,9.586,9.774,9.467,9,9.681,9.186,9.367,9.772,9.501,8.963,8.748,9.443,9.056,9.191,8.817,8.874,9.042,9.563,8.963,8.959,8.726,9.306,8.832,8.476,8.565,9.263,9.257,9.201,8.463,9.283,9.747,9.066,9.974,8.843,8.762,9.12,9.45,9.144,8.978,9.31,8.683,9.548,9.503,9.473,9.408,8.555,9.227,8.811,9.14,9.329,9.617,9.374,9.688,9.343,9.616,9.732,9.249,8.981,9.237,9.022,9.168,9.194,9.676,9.98,9.943,10.493,10.393,10.6,10.605,9.685,10.013,9.279,10.247,10.872,10.817,10.79,10.617,10.477,10.664,11.231,12.462,18.392,19.886,19.174,18.968,16.818,16.187,16.125,15.241,14.609,14.778,14.564,14.789,14.734,14.59,14.547,12.574,13.169,12.612,13.45,13.401,12.338,12.259,12.019,12.196,10.731,10.298,11.177,10.586,10.857,11.281,10.844,10.984,11.33,11.382,10.507,10.092,10.339,10.154,
Costa Rica,CRI,,,,,,,,,,,,,,,,,,,,,,,,,,,,,,,,,,,,,,,,,,,,,,,,,,,,,,,,,,,,,,,,,,,,,,,,,,,,,,,,,,,,,,,,,,,,,,,,,,,,,,,,,,,,,,,,,,,,,,,,,,,,,,,,,,,,,,,,,,,,,,,,,,,,,,,,,,,,,,,,,,,,,,,,,,,,,,,,,,,,,,,,,,,,,,,,,,,,,,,,,,,,,,,,,,,,,,,,,,,,,,,,,,,,,,,,,,,,,,,,,,,,,,,,,,,,,,,,,,,,,,,,,,,,,,,,,,,,,,,,,,,,,,,,,,,,,,,,,,,,,,,,,,,,,,,,,,,,,,,,,,,,,,,,,,,,,,,,,,,,,,,,,,,,,,,,,,,,,,,,,,,,,,,,,,,,,,,,,,,,,,,,,,,,,,,,,,,,,,,,,,,,,,,,,,,,,,,,,,,,,,,,,,,,,,,,,,,,,,,,,,,,,,,,,,,,8.711,8.262,8.903,9.089,9.794,9.664,9.813,9.65,9.589,9.882,9.949,10.607,10.913,10.99,10.368,10.524,10.604,10.715,10.585,10.226,10.045,10.278,10.311,10.536,9.984,9.672,9.527,9.883,10.05,9.938,9.732,9.696,10.149,10.511,10.14,9.517,8.934,8.983,9.07,8.344,8.909,9.551,9.81,9.23,8.774,9.067,9.489,9.709,9.953,10.003,9.712,9.637,10,10.296,10.14,9.798,9.687,9.484,9.123,9.059,9.25,9.66,9.726,9.583,9.502,9.604,9.503,9.481,9.593,9.385,9.291,9.138,9.692,9.35,9.561,9.572,9.474,9.415,9.136,9.055,8.517,8.513,8.66,9.281,9.371,10.221,9.626,9.242,8.995,9.384,10.225,9.692,9.288,8.705,8.799,9.364,10.182,10.465,11.726,11.962,12.425,11.726,11.294,11.283,11.282,11.906,11.534,11.333,11.374,12.19,12.551,12.473,12.395,12.313,12.554,15.724,20.013,23.76,24.157,22.933,21.803,21.776,21.299,20.048,19.177,18.603,18.775,17.337,17.691,17.992,17.4,16.386,15.317,15.021,14.408,13.682,13.082,13.252,13.567,13.276,11.991,11.674,11.844,11.857,11.989,11.484,11.637,11.703,11.794,10.951,10.578,9.66,10.071,,
Czech Republic,CZE,,,,,,,,,,,,,,,,,,,,,,,,,,,,,,,,,,,,,,,,,,,,,,,,,,,,,,,,,,,,,,,,,,,,,,,,,,,,,,,,,,,,,,,,,,,,,,,,,,,,,,,,,,,,,,,,,,,,,,,,,,,,,,,,,,,,,,,,,,,,,,,,,,,,,,,,,,,,,,,,,,,,,,,,,,,,,,,,,,,,,,,,,,,,,,,,,,,,,,,,,,,,,,,,,,,,,,,,,,,,,,,,,,,,,,,,,,,,,,,,,4.5,4.4,4.4,4.4,4.4,4.4,4.5,4.3,4,4.3,4.1,4.2,4.2,4.2,4,4.4,4.2,4.3,4.3,4.4,4.5,4.5,4.2,4.4,4.2,4.1,4.3,4.1,4.1,4.3,4.1,4,3.8,3.9,3.7,3.7,3.8,3.5,3.6,4,3.9,3.9,3.9,4,3.9,4,4.1,4.2,4.3,4.1,4.1,4.5,4.6,4.7,4.9,4.9,5,5.2,5.4,5.7,5.7,5.6,5.9,5.9,5.9,6.4,6.6,6.6,6.9,7.3,7.3,7.4,7.8,8.1,8.6,8.6,8.7,8.5,8.7,8.9,9.2,9.2,8.9,9.1,9.3,9.2,9.4,9.1,8.9,8.7,8.6,8.5,8.4,8.4,8.5,8.2,8.4,8.2,8.2,8.3,8,8,8.2,8.2,8.2,7.9,7.9,8,7.5,7.4,7.5,7,7.2,7.3,7,7.2,7.3,7.1,7.5,7.4,7.2,7.3,7.7,7.5,7.8,7.7,7.8,7.9,8.1,8,8.2,8.3,8.3,8.7,8.3,8.3,8.6,8.2,8,8.2,8.3,8.6,8.3,7.8,8.2,8.3,7.8,8,8.1,7.8,7.7,7.8,7.8,8,7.8,7.9,7.9,7.3,7.9,7.3,7,7.4,7.1,6.7,7.2,6.7,6.6,6.6,6.1,5.8,5.7,5.4,5.5,5.4,5.1,5,5.2,5,4.8,4.9,4.7,4.6,4.4,4.3,4.2,4.5,4.2,4.1,4.4,4.2,4.4,4.8,5.3,5.7,5.8,6.3,6.6,6.5,7.1,7.4,7.4,7.3,7.4,7.4,7.8,7.9,7.7,7.4,7.3,7.2,7.3,7.1,6.9,7.1,7,6.9,7,7.1,6.7,6.9,6.9,6.7,6.6,6.5,6.6,6.5,6.6,6.5,6.6,7.2,6.8,6.9,7,6.8,6.9,7.2,6.8,7.1,7.6,7.1,6.8,7.5,7.3,6.9,7.2,6.7,6.7,7.1,7,6.6,7,6.7,6.5,6.5,6.7,6.3,6.1,6,5.8,6.2,5.7,5.6,6.2,5.8,5.8,5.9,5.8,5.2,4.9,5,5,4.7,4.8,4.6,4.5,4.6,4.3,4.2,4,4,3.9,4.2,4.2,3.7,4,3.8,3.6,3.6,3.4,3.3,3.3,3.3,3,2.9,2.9,2.7,2.7,2.7,2.4,2.3,2.6,2.3,2.1,2.3,2.2,2.3,2.3,2.4,2.2,2.1,2,2.2,2.1,1.7,2,2,2.1,1.8,2.1,2.1,2,2.2,2.2,1.9,2,1.8,1.8,2.2,2.5,2.6,3,2.8,2.8,3.2,3,3,3.3,3.2,3.2,3.3,3.1,2.8,2.7,2.8,2.6,2.5,2.2,2.2,2.3,2.5,2.3,2.5,2.4,2.4,2.4,2.4,2.3,2.2,2.7,2.3,2.5,2.4,2.6,2.7,2.4,
Denmark,DNK,,,,,,,,,,,,,,,,,,,,,,,,,,,,,,,,,,,,,,,,,,,,,,,,,,,,,,,,,,,,,,,,,,,,,,,,,,,,,,,,,,,,,,,,,,,,,,,,,,,,,,,,,,,,,,,,,,,,,,,,,8.1,8.2,8.3,8.4,8.4,8.5,8.5,8.5,8.4,8.4,8.4,8.4,8.3,8.3,8.2,8.1,8,8,7.9,7.8,7.8,7.7,7.6,7.4,7.4,7.3,7.2,7.1,7,6.8,6.6,6.4,6.2,6,5.8,5.6,5.4,5.2,5.1,5,4.9,4.9,4.9,4.9,4.9,4.8,4.9,4.9,5,5,5,5,5,5,5,5,5,5,5,5,5.1,5.2,5.2,5.3,5.4,5.6,5.7,5.8,5.9,6.1,6.2,6.4,6.5,6.6,6.7,6.7,6.8,6.9,6.8,6.9,7,7,7,7,7,7,7,7,7.1,7.1,7.2,7.2,7.3,7.3,7.4,7.4,7.4,7.5,7.6,7.7,7.8,7.9,7.9,8,8.1,8.1,8.2,8.2,8.2,8.3,8.3,8.3,8.4,8.4,8.5,8.7,8.8,9,9.1,9.3,9.5,9.6,9.7,9.9,9.9,9.9,9.7,9.5,9.5,9.3,9.1,8.8,8.6,8.4,8.2,8,7.8,7.7,7.6,7.5,7.4,7.3,7.2,7.1,7,6.9,6.8,6.8,6.8,6.8,6.7,6.7,6.7,6.6,6.7,6.6,6.6,6.7,6.7,6.7,6.5,6.4,6.5,6.3,6,5.9,5.8,5.7,5.6,5.5,5.3,5.2,5.3,5.2,5.2,5.2,5.1,5.1,5.1,5.1,5.1,4.9,4.9,4.9,4.9,4.8,4.9,4.9,4.8,4.8,4.8,4.9,5,5,5,5,5,4.9,5,5.3,5.2,5.3,5.3,5.3,5,4.6,4.4,4.4,4.5,4.4,4.2,4.1,4,4,4.1,4.1,4.3,4.4,4.4,4.3,4.3,4.4,4.5,4.7,4.7,4.7,4.7,4.7,4.6,4.4,4.3,4.3,4.4,4.5,4.8,5,5,4.9,4.8,4.7,4.8,5,5.2,5.4,5.6,5.6,5.4,5.4,5.5,5.7,5.8,5.8,5.8,5.7,5.5,5.5,5.4,5.5,5.6,5.6,5.6,5.4,5.3,5.3,5.3,5.2,5.2,5.2,5,5,5,4.7,4.5,4.3,4.1,4.1,4.1,4.2,4.2,4.2,4.1,4,3.8,3.7,3.6,3.5,3.6,3.8,4.1,3.9,3.7,3.5,3.6,3.7,4,4,4.1,3.7,3.7,3.3,3.2,3.5,3.6,3.2,3.5,3.7,3.7,3.8,3.8,3.6,4.6,4.2,5.4,5,5.4,6.2,6,7.4,5.8,7.1,7.2,7,7.3,7.5,7.5,7.7,7.8,7.7,7.6,8,7.7,7.6,7.6,8.1,7.5,8.2,8,7.8,7.9,7.3,7.8,7.3,8.2,7.6,7,8.2,8.1,7.9,7.5,8.1,7.6,8.4,8.5,7.8,7.5,8.1,7.7,7.6,7.3,7.4,7.9,7.2,7.5,8.3,6.6,7.5,7.5,7.1,7.5,6.8,7.6,6.9,7.5,6.9,6.7,6.7,6.8,7,6.5,7.1,7.2,6.8,6.7,7.1,6,6.5,6.6,6.5,6.1,6.4,6.6,6.1,6,6.2,5.9,6.3,5.7,6.1,6.1,6,6.3,5.9,6.5,5.8,5.7,6.3,5.8,5.6,6.1,6.3,5.9,5.9,5.9,5.8,5.8,6,6,5.4,5.5,5.3,5.4,4.6,5.6,5.1,5,5.3,5,5,4.7,5,5.1,5.7,5.1,5.1,5.2,5.4,4.8,4.5,4.6,4.9,5.1,5,5.2,5.1,4.7,5.1,4.9,4.3,5.3,6.8,6.5,6.2,6,5.9,5.9,5.9,6.2,5.9,6.4,5,5.1,4.8,4.2,5.1,4.9,4.8,4.1,4.5,4.9,4.3,4,4,4.1,4.3,4.7,4.5,4.6,4.5,4.7,4.8,4.4,5.3,4.7,5,4.9,
Estonia,EST,,,,,,,,,,,,,,,,,,,,,,,,,,,,,,,,,,,,,,,,,,,,,,,,,,,,,,,,,,,,,,,,,,,,,,,,,,,,,,,,,,,,,,,,,,,,,,,,,,,,,,,,,,,,,,,,,,,,,,,,,,,,,,,,,,,,,,,,,,,,,,,,,,,,,,,,,,,,,,,,,,,,,,,,,,,,,,,,,,,,,,,,,,,,,,,,,,,,,,,,,,,,,,,,,,,,,,,,,,,,,,,,,,,,,,,,,,,,,,,,,,,,,,,,,,,,,,,,,,,,,,,,,,,,,,,,,,,,,,,,,,,,,,,,,10.2,10.2,10.2,9.7,9.7,9.7,9.5,9.5,9.5,9.2,9.2,9.2,9.2,9.2,9.2,9.1,9.1,9.1,9.1,9.1,9.1,9.3,9.3,9.3,10.1,10.1,10.1,11.1,11.1,11.1,11.8,11.8,11.8,12.4,12.4,12.4,14,14.9,14.2,14.5,13.9,14,13.9,14.3,14.2,14.1,14.4,14.3,14.4,13.9,14,14.2,13.6,12.9,13.1,12.6,12.7,11.6,11.9,11.5,11.6,11.6,11.2,10.7,10.5,11.2,11.4,11.2,11.3,11.8,11.5,11.9,11.4,11.2,11.1,10.8,11.1,11,10.5,10.1,9.1,9.3,9.4,10.4,10.6,10,9.7,9.6,9.9,9.7,10,10.4,10.2,10.3,9.5,9.5,9.2,9.3,8.6,8.3,8,7.9,7.7,7.6,7.8,7.6,7.2,6.8,6.6,6.2,6.3,6,6.4,6.2,6,5.8,5.6,5.8,5.4,5.1,5,4.9,5.1,4.9,4.9,4.7,4.2,4.1,4,4,4,4.1,4.3,4.4,4.3,4.5,3.9,4.2,5.2,6.3,6.8,6.9,7.6,9.3,10.3,11,12,12.5,13,13.1,14,14.5,14.2,15.1,15.4,16.9,18.2,19.1,19.3,18.8,18,17,15.7,15.4,15.1,14.6,13.6,14.2,14.7,14,13.8,13,12.8,12.7,11.6,10.9,10.9,11.5,11.3,10.9,11.1,11.1,11.1,10,9.9,9.9,9.7,9.6,8.9,9,9.1,9.6,10,9.7,9.1,8.1,7.9,7.7,7.6,7.9,8.1,8.6,8.7,8.6,8.8,8.3,8,7.6,6.9,6.8,7.1,7.6,7.3,6.8,6.4,6.5,6.8,6.6,6.8,7,6.6,6.1,5.5,5.5,6,6.3,6.7,6.7,6.7,6.6,6.9,6.6,6.4,6.8,6.9,7.6,7.2,7.3,6.7,6.4,6.1,5.6,5.7,6.1,6.6,6.1,5.7,5.2,5.5,5.4,5.6,6.1,6.7,6.7,6,5.2,5,5,5.2,5.3,5.6,5.2,4.5,4.3,4.4,4.6,4.6,5,5.1,4.6,4.1,4,4.4,4.2,4.2,4.6,5,5,5.4,6.3,7.1,7.9,7.5,7.7,7.9,8.1,7.7,7.2,7.4,7,6.6,6.5,6.8,6.6,6.2,5.8,5.6,5.1,5.3,5.5,5.9,5.5,5.5,5.5,5.8,5.8,5.8,5.7,5.4,5.4,5.4,5.3,5.2,5.3,5.9,6.2,6.2,
Finland,FIN,,,,,,,,,,,,,,,,,,,,,,,,,,,,,,,,,,,,,,,,,,,,,,,,,,,,,,,,,,,,,,,,,,,,,,,,,,,,,,,,,,,,,,,,,,,,,,,,,,,,,,,,,,,,,,,,,,,,,,,,,,,,,,,,,,,,,,,,,,,,,,,,,,,,,,,,,,,,,,,,,,,,,,,,,,,,,,,,,,,,,4.8,4.6,4.5,4.4,4.3,4.3,4.1,4,3.9,3.8,3.7,3.6,3.6,3.5,3.4,3.2,3.1,3,2.9,2.9,2.9,2.9,2.9,2.9,3,3,3,3,2.9,2.9,2.9,3,3.2,3.5,3.7,3.9,4.3,4.6,5,5.4,5.9,6.4,6.9,7.5,8,8.3,8.7,9.2,9.6,9.9,10.1,10.5,11,11.6,12.2,12.6,13,13.3,13.6,13.9,14.2,14.7,15.2,15.6,16.1,16.5,16.8,17.1,17.3,17.5,17.5,17.6,17.6,16.6,16.8,17,17.1,17.1,16.9,16.5,16.2,15.9,15.7,15.5,15.3,15.1,14.9,14.8,14.8,14.9,15,15,15,15.1,15.2,15.3,15.2,15.1,13.9,14.1,14.4,14.7,14.9,14.9,14.8,14.6,14.4,13.6,13.5,13.4,13.3,13.2,13,12.7,12.5,12.3,12.2,12.1,12,11.9,11.8,11.7,11.7,11.7,11.7,11.6,11.5,11.3,11,10.9,10.8,10.8,10.7,10.6,10.5,10.4,10.3,10.3,10.2,10.1,10,10.1,10.1,10.1,10.1,10.2,10.2,10,9.8,9.6,9.6,9.6,9.6,9.5,9.4,9.3,9.4,9.4,9,9.2,9.1,9,8.8,8.9,9.5,9,9.4,8.9,9.4,9,8.9,9.2,9.5,8.7,9.1,9.2,9,9.2,8.8,9,9.1,8.6,9.2,9.4,9.1,9.4,9,8.7,9,9,8.9,9,9,8.7,8.9,9.5,9.5,8.6,8.9,9,8,8.6,8.7,8.4,9.3,8.9,7.9,8.9,8.1,8.3,8.4,8.1,7.9,7.8,8.5,8.4,8.3,8,7.7,7.7,7.9,7.7,7.6,7.7,7.6,7.7,7.3,7.1,7.2,7.2,7.1,6.5,6.6,6.9,6.8,6.8,7.1,6.6,6.7,6.6,6.5,6.1,6.4,5.7,6.4,6.4,6.1,6.4,6.7,6.3,6.7,6.7,6.9,7.4,7.7,8.2,8.7,8.7,8.5,8.8,8.4,9.2,9.5,8.5,9.5,8.9,8.5,8.6,8.3,8.7,8.7,8.5,8.1,8.3,8.1,8.6,8.3,8.2,8.9,7.6,7.7,8.3,8.1,7.6,7.9,7.8,7.2,8,7.9,7.4,7.9,7.6,7.7,7.7,7.9,8.4,8,7.7,8.2,7.6,8.6,8.5,8.2,8.2,8.5,7.4,7.8,8.2,8.5,8.1,8.9,8.5,8.4,8.8,8.9,8.3,8.6,8.9,8.1,8.5,9.2,9.2,9,9.4,8.7,9.8,9.5,9.5,9.3,9.9,9.5,9.5,9.3,9.6,9.2,9.7,9.1,9.2,9.4,8.9,8.6,9.3,9,8.4,8.4,9,9.3,8.5,8.9,9,9,9.4,8.8,8.9,8.5,8.3,9,8.2,7.9,9,8.5,8.4,8.4,7.7,7.3,7,7.3,7.4,7,7.2,7.1,5.9,6.6,7,6.5,7.2,6.8,6.2,6.5,7,6.7,6.9,6.9,6.5,6.8,6.7,6.8,7.1,8.5,7.6,8.2,8.8,8.1,8.3,8,8.2,8.3,8.1,7.7,8.6,8.2,7.6,7.6,7,7.5,6.7,6.8,7.2,7,6.6,6.6,6.2,6.1,6.9,7.1,7.2,7.3,6.4,6.7,7.2,7.1,6.6,6.6,7,7,
France,FRA,,,,,,,,,,,,,,,,,,,,,,,,,,,,,,,,,,,,,,,,,,,,,,,,,,,,,,,,,,,,,,,,,,,,,,,,,,,,,,,,,,,,,,,,,,,,,,,,,,,,,,,,,,,,,,,,,,,,,,,,,8.3,8,8,8.3,8.5,8.8,8.9,9,9.1,9.2,9.4,9.6,9.6,9.7,9.8,9.9,9.9,10,10.1,10.2,10.3,10.4,10.4,10.5,10.4,10.4,10.4,10.4,10.4,10.4,10.4,10.4,10.4,10.4,10.5,10.5,10.4,10.3,10.4,10.4,10.5,10.5,10.6,10.6,10.7,10.8,10.8,10.9,10.8,10.8,10.8,10.7,10.7,10.6,10.6,10.6,10.5,10.5,10.5,10.5,10.3,10.3,10.2,10.2,10.1,10.1,10,10,10,9.9,9.9,9.9,9.8,9.7,9.7,9.7,9.7,9.6,9.6,9.6,9.6,9.6,9.6,9.6,9.5,9.5,9.5,9.4,9.4,9.4,9.3,9.3,9.3,9.3,9.3,9.3,9.2,9.3,9.3,9.4,9.4,9.5,9.6,9.7,9.8,9.9,10,10.1,10.2,10.3,10.3,10.4,10.5,10.6,10.7,10.8,10.9,10.9,11,11.1,11.2,11.3,11.4,11.6,11.7,11.8,11.9,12,12.2,12.3,12.4,12.4,12.5,12.5,12.5,12.5,12.4,12.3,12.3,12.2,12.1,12.1,12,11.9,11.8,11.8,11.8,11.8,11.9,11.9,11.9,12,12.1,12.1,12.2,12.2,12.3,12.3,12.3,12.3,12.4,12.4,12.4,12.4,12.5,12.5,12.5,12.5,12.5,12.5,12.5,12.4,12.4,12.4,12.4,12.3,12.3,12.2,12.2,12.1,12.1,12,12,12,12.1,12.1,12.1,12.1,12.1,12,12,12,12,12,11.8,11.7,11.5,11.4,11.3,11.1,11,10.8,10.7,10.5,10.4,10.2,10.1,9.9,9.7,9.5,9.4,9.3,9.1,9,8.9,8.8,8.7,8.7,8.7,8.7,8.7,8.8,8.8,8.8,8.8,8.8,8.8,8.8,8.8,8.8,8.7,8.7,8.6,8.6,8.6,8.6,8.6,8.6,8.6,8.5,8.2,8.3,8.4,8.5,8.5,8.5,8.5,8.3,8.6,8.7,8.8,9,8.9,8.9,8.9,8.8,8.8,8.8,8.8,8.9,8.9,8.9,9,8.9,8.7,8.6,8.6,8.7,8.8,8.9,8.9,9,9,9.1,9.1,9.1,9.2,9.2,9.1,9,8.9,9,9,9,8.8,8.5,8.3,8.3,8.5,8.5,8.4,8.2,8.1,8,8.1,8,7.9,7.7,7.5,7.3,7.2,7.1,7.1,7.2,7.3,7.4,7.5,7.5,7.6,7.6,7.8,8,8.2,8.6,8.9,9.1,9.2,9.2,9.1,9.2,9.3,9.5,9.6,9.5,9.5,9.4,9.3,9.3,9.3,9.2,9.2,9.2,9.2,9.2,9.2,9.2,9.2,9.2,9.1,9.1,9.1,9.1,9.2,9.2,9.2,9.3,9.4,9.4,9.5,9.5,9.5,9.6,9.7,9.7,9.7,9.7,9.8,10,10.2,10.3,10.4,10.4,10.4,10.5,10.4,10.4,10.3,10.1,10.2,10.1,10.2,10.2,10.2,10.2,10.2,10.1,10.1,10.2,10.2,10.2,10.3,10.4,10.5,10.5,10.4,10.3,10.4,10.4,10.5,10.4,10.3,10.3,10.3,10.3,10.3,10.2,10.3,10.4,10.2,10.1,10,9.9,9.8,9.9,9.9,10.1,10.1,10,9.7,9.6,9.6,9.5,9.5,9.5,9.6,9.5,9.3,9.1,9,9,9.2,9.3,9.3,9.2,9.1,9,9,8.9,8.8,8.8,8.8,8.8,8.8,8.7,8.7,8.5,8.5,8.5,8.4,8.3,8.2,8.2,8.2,8.2,8.2,7.8,7.6,7.6,7,7.4,8.6,9,8.9,8.3,8.1,7.9,8,8.2,8.2,8.2,8,7.9,7.9,7.8,7.7,7.5,7.4,7.4,7.3,7.3,7.4,7.5,7.5,7.5,7.3,7.2,7.1,7.2,7.2,7.2,7.1,7.1,7,7,7,
Germany,DEU,,,,,,,,,,,,,,,,,,,,,,,,,,,,,,,,,,,,,,,,,,,,,,,,,,,,,,,,,,,,,,,,,,,,,,,,,,,,,,,,,,,,,,,,,,,,,,,,,,,,,,,,,,,,,,,,,,,,,,,,,,,,,,,,,,,,,,,,,,,,,,,,,,,,,,,,,,,,,,,,,,,,,,,,,,,,,,,,,,,,,,,,,,,,,,,,,,,,,,,,,,,,,,,,,,,,,,,,,5.2,5.2,5.3,5.3,5.3,5.4,5.5,5.6,5.7,5.8,5.9,6,6,6.1,6.2,6.3,6.4,6.5,6.6,6.8,6.9,7,7.1,7.2,7.3,7.4,7.5,7.5,7.6,7.7,7.8,7.9,8,8.1,8.2,8.3,8.4,8.5,8.5,8.6,8.5,8.5,8.5,8.4,8.4,8.3,8.3,8.2,8.2,8.1,8.1,8.1,8.1,8.1,8.2,8.3,8.3,8.4,8.4,8.5,8.5,8.6,8.6,8.7,8.8,8.8,8.9,9,9.1,9.2,9.3,9.4,9.5,9.5,9.6,9.7,9.7,9.7,9.7,9.7,9.7,9.7,9.7,9.7,9.7,9.7,9.6,9.6,9.5,9.4,9.4,9.3,9.2,9.1,9.1,9,8.9,8.8,8.8,8.7,8.6,8.6,8.5,8.5,8.4,8.4,8.3,8.2,8.2,8.1,8.1,8,8,8,7.9,7.9,7.9,7.8,7.8,7.7,7.7,7.7,7.6,7.6,7.7,7.7,7.8,7.8,7.9,8,8,8.1,8.1,8.2,8.2,8.3,8.4,8.5,8.6,8.7,8.9,9,9.1,9.2,9.4,9.5,9.6,9.7,9.7,9.8,9.8,9.8,9.8,9.8,9.8,9.8,9.8,10.1,10.3,10.3,10.3,10.3,10.3,10.4,10.4,10.5,10.6,10.7,10.7,10.9,10.9,11.2,11.2,11.2,11.2,11.2,11.1,11,10.9,10.7,10.6,10.5,10.5,10.3,10.2,10.1,10,9.9,9.8,9.7,9.6,9.4,9.2,9.1,8.9,8.8,8.6,8.6,8.5,8.4,8.4,8.3,8.2,8.1,8,7.9,7.8,7.7,7.6,7.4,7.3,7.1,7,7,7,7,7.1,7.1,7.2,7.3,7.3,7.4,7.4,7.4,7.3,7.2,7.1,7.1,7,7,6.9,6.8,6.7,6.5,6.4,6.4,6.3,6.3,6.2,6.1,6,5.9,5.7,5.6,5.6,5.5,5.5,5.4,5.4,5.3,5.2,5.2,5.1,5.1,5.1,5.1,5.1,5.1,5.1,5,5,5,5,5,5.1,5.1,5,5,5,4.9,4.9,4.9,4.9,4.8,4.8,4.9,4.8,4.8,4.8,4.8,4.7,4.7,4.7,4.7,4.7,4.7,4.6,4.6,4.5,4.5,4.5,4.4,4.4,4.4,4.3,4.3,4.3,4.3,4.2,4.2,4.2,4.1,4.1,4,4,4,3.9,3.9,3.8,3.8,3.7,3.7,3.7,3.7,3.7,3.6,3.6,3.6,3.5,3.5,3.5,3.5,3.4,3.4,3.3,3.3,3.3,3.3,3.2,3.2,3.2,3.2,3.2,3.1,3.1,3.1,3.1,3,3,3,2.9,2.9,2.9,2.9,2.9,3,3.1,3.1,3.2,3.3,3.4,3.5,3.6,3.7,3.8,3.9,3.9,3.9,3.9,3.9,3.9,3.9,3.9,3.8,3.7,3.6,3.5,3.4,3.4,3.3,3.3,3.2,3.1,3.1,3,3,3,3,3,3.1,3.1,3.1,3.1,3,3,3,3,2.9,2.9,
Greece,GRC,,,,,,,,,,,,,,,,,,,,,,,,,,,,,,,,,,,,,,,,,,,,,,,,,,,,,,,,,,,,,,,,,,,,,,,,,,,,,,,,,,,,,,,,,,,,,,,,,,,,,,,,,,,,,,,,,,,,,,,,,,,,,,,,,,,,,,,,,,,,,,,,,,,,,,,,,,,,,,,,,,,,,,,,,,,,,,,,,,,,,,,,,,,,,,,,,,,,,,,,,,,,,,,,,,,,,,,,,,,,,,,,,,,,,,,,,,,,,,,,,,,,,,,,,,,,,,,,,,,,,,,,,,,,,,,,,,,,,,,,,,,,,,,,,,,,,,,,,,,,,,,,10.9,11,10.9,11,11.2,11.1,11.1,11.4,11.4,11.4,11.4,11.4,12.1,12,12,12,12.1,12,12.3,12.4,12.3,11.5,11.6,11.6,11.5,11.5,11.4,11.3,11.2,11.2,10.6,10.7,10.6,10.5,10.5,10.5,10.7,10.7,10.7,10.7,10.6,10.6,10.9,10.9,10.8,10.7,10.7,10.7,10.3,10.3,10.3,10.3,10.2,10.2,10,10,10,9.8,9.7,9.7,9.7,9.7,9.7,9.7,9.7,9.7,9.9,9.9,9.9,11.2,10.7,10.9,10.5,10.6,10.6,10.6,10.5,10.5,10.4,10.3,10.3,10.2,9.8,10.2,9.9,9.9,10.2,10.2,10.2,10.3,10.1,9.6,9.7,9.3,9.5,9.2,9.1,9.1,9.1,8.8,8.8,8.8,8.5,8.9,9,8.6,8.8,8.8,8.4,8.5,8.4,8.3,8.5,8.5,8.2,7.9,8.1,7.7,7.8,8.1,7.7,7.4,7.6,7.6,7.8,7.8,7.6,8,8.5,9,9.4,9.3,9.3,9.4,9.5,9.8,9.8,10.1,10.1,10.7,10.8,11.1,11.7,11.8,12.1,12.5,12.7,13.1,13,13.6,14.3,14.2,14.9,15.4,15.6,16.4,16.7,16.9,17.4,18.1,18.8,19.1,20.5,20.7,21.5,21.6,22.4,23.1,23.5,24.2,25.2,25.4,26,26.5,26.2,27,26.9,27.3,27.3,27.6,28,28,27.9,28.1,27.9,28.1,27.7,27.9,27.8,27.2,27.6,27.2,27.1,27.2,26.7,26.3,26.3,26.2,26,25.8,25.9,25.8,25.9,26.1,25.4,24.7,25,25,24.2,24.9,24.8,24.2,24.2,24.7,24.2,24.2,23.9,23.9,23.6,23.8,23.9,23.3,23.6,23.7,23.8,23.5,23.1,22.6,22.1,22.1,21.4,21.2,21.1,21.1,21.1,21.4,21.2,20.9,21.3,20.6,20.1,19.7,19.5,19.3,19.3,19.1,19,19.2,19.1,19.4,19.3,18.9,18.2,17.6,17.4,17.5,17.4,17.4,17.1,17,17,16.6,16.4,17,18.3,19.6,20.3,17.4,16.9,16.9,17.6,17.4,16.8,16.4,15.9,17.2,17.2,15.6,14.9,14.3,13.6,13.2,13.3,13,13,13.7,13,12.7,12.7,12.7,12.5,12.4,12.4,12,11.7,11.5,12.2,11.1,11.5,11.2,11.3,10.8,
Hungary,HUN,,,,,,,,,,,,,,,,,,,,,,,,,,,,,,,,,,,,,,,,,,,,,,,,,,,,,,,,,,,,,,,,,,,,,,,,,,,,,,,,,,,,,,,,,,,,,,,,,,,,,,,,,,,,,,,,,,,,,,,,,,,,,,,,,,,,,,,,,,,,,,,,,,,,,,,,,,,,,,,,,,,,,,,,,,,,,,,,,,,,,,,,,,,,,,,,,,,,,,,,,,,,,,,,,,,,,,,,,,,,,,,,,,,,,,,,,,,,,,,,,,,,,,,,,,,,,,,,,,,,,,,,,,,,,,,,,,,,,10.3,10.1,10,10,10,10,9.9,9.8,9.7,9.5,9.4,9.4,9.1,9.2,9.1,9.1,9,9,9,9,9,9,9.1,9.1,9.1,9.1,9.1,9,8.9,8.8,8.7,8.6,8.4,8.3,8.1,7.8,7.2,7.2,7.1,7,6.9,6.9,6.8,6.7,6.7,6.7,6.7,6.6,6.6,6.6,6.5,6.5,6.4,6.3,6.2,6.1,6,6,5.9,5.8,5.7,5.7,5.6,5.6,5.6,5.6,5.6,5.5,5.5,5.5,5.5,5.5,5.5,5.5,5.5,5.5,5.5,5.6,5.6,5.6,5.7,5.7,5.7,5.7,5.7,5.7,5.7,5.8,5.8,5.8,5.7,5.7,5.7,5.7,5.7,5.7,5.7,5.8,5.8,5.8,5.9,6,6.1,6.2,6.2,6.4,6.4,6.5,6.6,6.8,6.9,7.1,7.2,7.2,7.3,7.4,7.4,7.4,7.4,7.4,7.5,7.3,7.3,7.2,7.3,7.5,7.5,7.6,7.6,7.7,7.6,7.4,7.1,7.1,7.2,7.2,7.1,7.1,7.3,7.3,7.5,7.6,7.9,8,7.8,7.6,7.5,7.6,7.7,7.6,7.6,7.8,7.9,8,8.2,8.4,8.8,8.9,9.4,9.4,9.3,9.6,9.8,9.9,10.3,10.1,10.5,10.4,10.6,10.8,10.9,10.8,10.9,11,10.6,10.9,10.7,10.7,10.8,10.8,10.9,10.9,10.7,10.7,10.6,10.5,10.6,10.7,10.6,10.6,10.5,10.7,10.8,10.8,10.8,10.7,10.7,10.5,10.5,10.4,10.4,10.4,10.5,10.5,10.7,10.6,10.2,9.8,9.7,9.5,9.5,9.4,9.1,9.1,8.6,8.2,8,7.8,7.7,7.5,7.8,7.8,7.4,7.3,7,7.1,7.2,7,7.1,7.1,7,6.9,6.7,6.5,6.5,6.2,6.2,6,6,5.7,5.7,5.5,5.4,5.2,5,4.8,4.8,4.7,4.6,4.5,4.3,4.3,4.2,4.2,4.2,4.3,4.1,4.1,4,3.9,3.9,3.8,3.8,3.7,3.7,3.7,3.6,3.5,3.5,3.4,3.6,3.5,3.5,3.4,3.4,3.4,3.4,3.4,3.3,3.3,3.2,3.2,3.2,3.2,3.3,3.3,3.3,3.2,3.3,3.3,3.4,4.2,4.5,4.6,4.4,4.3,4.3,4.3,4.3,4.3,4.4,4.3,4.2,4.2,4.1,4,4,4,3.8,3.8,3.8,3.8,3.6,3.6,3.6,3.6,3.5,3.5,3.6,3.6,3.7,3.7,3.8,3.8,3.8,3.8,3.8,3.9,3.9,
Iceland,ISL,,,,,,,,,,,,,,,,,,,,,,,,,,,,,,,,,,,,,,,,,,,,,,,,,,,,,,,,,,,,,,,,,,,,,,,,,,,,,,,,,,,,,,,,,,,,,,,,,,,,,,,,,,,,,,,,,,,,,,,,,,,,,,,,,,,,,,,,,,,,,,,,,,,,,,,,,,,,,,,,,,,,,,,,,,,,,,,,,,,,,,,,,,,,,,,,,,,,,,,,,,,,,,,,,,,,,,,,,,,,,,,,,,,,,,,,,,,,,,,,,,,,,,,,,,,,,,,,,,,,,,,,,,,,,,,,,,,,,,,,,,,,,,,,,,,,,,,,,,,,,,,,,,,,,,,,,,,,,,,,,,,,,,,,,,,,,,,,,,,,,,,,,,,,,,,,,,,,,,,,,3.8,3.7,3.5,3.4,3.4,3.4,3.4,3.4,3.4,3.4,3.4,3.4,3.4,3.4,3.4,3.4,3.4,3.4,3.4,3.4,3.4,3.3,3.3,3.2,3.1,3.1,3,2.9,2.9,3,3,3,2.9,2.9,2.9,2.8,2.8,2.9,3,3.1,3.2,3.3,3.3,3.3,3.2,3.2,3.1,2.9,2.8,2.7,2.7,2.7,2.7,2.7,2.7,2.7,2.6,2.6,2.6,2.6,2.6,2.7,2.7,2.8,3,3.2,3.4,3.7,4,4.4,4.9,5.4,6.2,6.9,7.3,7.6,7.8,7.8,7.8,7.9,8,8.1,8.3,8.4,8.5,8.6,8.6,8.5,8.4,8.3,8.2,8.3,8.4,8.5,8.6,8.6,8.5,8.4,8.3,8.2,8,7.8,7.6,7.6,7.6,7.6,7.5,7.4,7.3,7.3,7.1,7,6.8,6.7,6.7,6.5,6.4,6.3,6.2,6.3,6.4,6.4,6.3,6.2,6.1,6,5.9,5.8,5.8,5.9,5.9,5.9,5.9,5.8,5.8,5.8,5.7,5.6,5.5,5.5,5.5,5.3,5.2,5.1,5.1,5,4.9,4.8,4.7,4.6,4.5,4.5,4.4,4.2,3.9,3.7,3.6,3.6,3.6,3.5,3.5,3.4,3.4,3.5,3.5,3.5,3.4,3.4,3.3,3.2,3.1,3.1,3.1,3.2,3.2,3.2,3.2,3.3,3.3,3.4,3.4,3.3,3.2,3.2,3.2,3.1,3.1,3.1,3,3,3.1,3.1,3.2,3.4,3.5,3.7,3.8,3.9,4,4.1,4.1,4.2,4.3,4.6,4.8,5,5.3,5.6,5.9,6,6.2,6.4,6.7,7,7.3,7.4,7.3,7.2,7,6.7,6.2,5.8,5.4,5.1,4.8,4.6,4.4,4.2,4.1,3.9,3.8,3.6,3.6,3.6,3.6,3.6,3.5,3.5,3.5,3.5,3.5,3.4,3.3,3.2,3.2,
Ireland,IRL,,,,,,,,,,,,,,,,,,,,,,,,,,,,,,,,,,,,,,,,,,,,,,,,,,,,,,,,,,,,,,,,,,,,,,,,,,,,,,,,,,,,,,,,,,,,,,,,,,,,,,,,,,,,,,,,,,,,,,,,,12.9,13.2,13.4,13.5,13.7,13.9,14,14.1,14.3,14.5,14.6,14.7,14.9,15.1,15.2,15.3,15.4,15.4,15.5,15.6,15.7,15.8,16,16.1,16.3,16.6,16.6,16.7,16.7,16.8,16.9,17,17.1,17,16.9,17,16.9,16.8,16.8,16.8,16.8,16.9,16.9,16.8,16.8,16.7,16.8,16.8,16.8,16.7,16.7,16.7,16.7,16.7,16.6,16.5,16.5,16.5,16.5,16.5,16.5,16.5,16.5,16.4,16.3,16.3,16.2,16.2,16.1,16,15.8,15.7,15.5,15.4,15.2,15.1,15,14.9,14.6,14.5,14.3,14.2,14.1,13.9,13.8,13.7,13.4,13.2,13.2,13.2,13.2,13.3,13.3,13.4,13.6,13.7,13.9,14.1,14.3,14.6,14.7,14.8,15,15,15.1,15.1,15.1,15.1,15.1,15.2,15.3,15.3,15.2,15.2,15.4,15.5,15.6,15.6,15.7,15.7,15.8,15.9,15.8,15.8,15.8,15.7,15.6,15.5,15.5,15.4,15.4,15.4,15.3,15.1,15,14.8,14.7,14.5,14.4,14.1,13.9,13.7,13.5,13.2,12.9,12.7,12.5,12.3,12.2,12.2,12.1,12.1,12.1,12.1,12.1,12.1,12.1,12,11.9,11.9,11.8,11.8,11.7,11.7,11.5,11.3,11.1,11,10.8,10.6,10.5,10.4,10.2,10,9.8,9.6,9.4,9.2,9,8.8,8.6,8.3,8.1,7.9,7.8,7.6,7.5,7.3,7.1,7,6.8,6.6,6.5,6.3,6.3,6.3,6.3,6,5.7,5.5,5.5,5.6,5.5,5.4,4.9,4.8,4.7,4.7,4.6,4.5,4.4,4.3,4.1,3.9,3.9,3.9,4,4,3.9,3.9,4,4.1,4.3,4.4,4.4,4.4,4.4,4.4,4.4,4.5,4.7,4.6,4.7,4.6,4.4,4.4,4.7,5.1,5.3,5.3,5,4.8,4.7,4.8,4.7,4.9,5,5,5,4.8,4.7,4.8,5.1,5.2,5.1,4.8,4.7,4.5,4.5,4.4,4.6,4.7,4.7,4.7,4.4,4.3,4.6,4.8,4.9,4.9,4.8,4.7,4.6,4.5,4.5,4.6,4.7,4.7,4.7,4.7,4.7,4.8,5,5.1,4.9,4.7,4.6,4.7,4.8,4.9,5,5,5,5,4.9,4.9,4.9,5.1,5.2,5.3,5.3,5.3,5.5,5.6,5.9,6.4,6.9,7.4,7.8,8.1,8.5,9,10.1,10.9,11.6,12.2,12.7,12.9,13,13.2,13.7,13.8,13.8,13.8,13.8,13.7,13.9,14.2,14.5,14.4,14.3,14.4,15,15.6,15.7,15.6,15.4,15.1,14.9,14.9,15,15.2,15.5,15.6,15.7,15.6,15.8,16.1,15.6,16.1,16.1,15.7,15.5,15.4,15.6,15.5,15.4,15.2,15,14.8,14.7,14.6,14.3,14.5,14.5,14.1,13.6,13.3,13.1,13,12.8,12.8,12.9,12.9,12.7,12.4,12.1,12,11.9,11.7,11.4,11.1,10.9,10.8,10.7,10.7,10.5,10.3,10,9.9,9.6,9.5,9.6,9.6,9.6,9.1,9.1,8.9,8.8,8.9,8.8,8.7,8.5,8.3,7.9,7.7,7.5,7.5,7.4,7.3,7.1,6.8,6.6,6.6,6.7,6.6,6.7,6.6,6.4,6.3,6,5.9,5.8,5.9,5.9,5.8,5.7,5.7,5.7,5.8,5.7,5.5,5,4.9,4.9,5.1,5.2,5.2,5.1,5,4.9,4.7,4.7,4.8,4.8,4.8,4.9,4.7,5,5.7,6.8,7.3,7.4,6.4,6.2,6.1,6.8,7.3,7.6,7.6,7.1,6.4,5.9,5.5,5.3,5.2,5.2,5,4.9,4.7,5,4.6,4.2,4.2,4.3,4.4,4.4,4.5,4.5,4.4,4.3,4.1,4,3.9,3.8,
Israel,ISR,,,,,,,,,,,,,,,,,,,,,,,,,,,,,,,,,,,,,,,,,,,,,,,,,,,,,,,,,,,,,,,,,,,,,,,,,,,,,,,,,,,,,,,,,,,,,,,,,,,,,,,,,,,,,,,,,,,,,,,,,,,,,,,,,,,,,,,,,,,,,,,,,,,,,,,,,,,,,,,,,,,,,,,,,,,,,,,,,,,,,,,,,,,,,,,,,,,,,,,,,,,,,,,,,,,,,,,,,,,,,,,,,,,,,,,,,,,,,,,,,,,,,,,,,,,,,,,,,,,,,,,,,,,,,,,,,,,,,,,,,,,,,,,,,,,,,,,,,,,,,,,,,,,,,,,,,,,,,,,,,,,,,,,,,,,,,,,,,,,,,,,,,,,,,,,,,,,,,,,,,,,,,,,,,,,,,,,,,,,,,,,,,,,,,,,,,,,,,,,,,,,,,,,,,,,,,,,,,,,,,,,,,,,,,,,,,,,,,,,,,,,,,,,,,,,,,,,,,,,,,,,,,,,,,6.911,6.941,7.334,6.967,7.014,6.642,6.428,6.782,6.823,6.934,6.804,6.812,6.683,6.777,6.708,6.711,6.615,6.203,6.114,5.776,5.785,5.63,5.707,5.796,5.75,5.868,5.792,5.808,5.96,6.054,6.062,6.145,5.999,5.627,5.704,5.711,5.597,5.282,5.424,4.906,5.049,5.382,5.461,5.09,5.078,5.203,5.179,5.186,5.106,5.331,5.275,5.07,4.717,4.668,4.693,4.674,4.831,4.72,4.501,4.263,4.462,4.318,4.435,4.351,4.508,4.333,3.932,4.087,3.984,4.092,4.057,4.072,3.668,3.856,3.784,3.973,4.048,3.973,4.146,3.931,4.131,4.012,3.978,4.238,4.211,4.041,3.852,3.943,3.667,4.047,3.68,3.599,3.548,3.526,3.996,3.569,3.712,3.347,3.457,3.663,4.172,4.738,4.818,4.86,4.527,4.554,4.776,4.78,4.597,5.127,5.479,5.455,5.429,5.339,4.992,4.968,4.982,4.78,4.292,4.022,3.754,3.852,3.756,3.558,3.731,3.367,3.483,3.519,3.808,4.085,3.959,4.199,4.248,3.872,3.737,3.613,3.637,3.569
Italy,ITA,,,,,,,,,,,,,,,,,,,,,,,,,,,,,,,,,,,,,,,,,,,,,,,,,,,,,,,,,,,,,,,,,,,,,,,,,,,,,,,,,,,,,,,,,,,,,,,,,,,,,,,,,,,,,,,,,,,,,,,,,6.9,7.1,7.2,7.2,7.3,7.3,7.4,7.4,7.5,7.6,7.7,7.8,7.9,7.9,7.8,7.9,7.8,7.8,7.8,7.8,7.8,7.8,7.8,7.9,8,8,8,8,8,8.1,8.2,8.2,8.3,8.3,8.4,8.5,8.5,8.6,8.6,8.7,8.8,8.8,8.9,9,9.1,9.1,9.1,9.2,9.2,9.3,9.3,9.4,9.7,9.9,9.8,9.8,9.8,9.8,9.7,9.7,9.7,9.7,9.7,9.7,9.6,9.6,9.6,9.6,9.6,9.8,9.8,9.8,9.8,9.8,9.8,9.8,9.8,9.8,9.8,9.7,9.6,9.4,9.4,9.3,9.1,9,8.9,8.9,8.9,8.9,8.8,8.8,8.8,8.8,8.7,8.7,8.7,8.6,8.6,8.5,8.5,8.4,8.4,8.4,8.5,8.5,8.7,8.6,8.6,8.7,8.7,8.7,8.6,8.7,8.9,9,9.1,8.9,8.9,8.9,9,9.1,9.3,9.7,9.8,9.9,9.9,10,10,10.4,10.4,10.5,10.4,10.4,10.5,10.5,10.6,10.6,10.4,10.4,10.4,11.1,11.1,11.2,11.2,11.2,11.3,11.1,11.1,11.1,11.1,11.2,11.2,11.1,11.1,11.1,11,11,11,11.3,11.3,11.3,11.1,11.1,11.1,11.2,11.2,11.2,11.2,11.3,11.3,11.4,11.4,11.4,11,11,11,11.3,11.3,11.3,11.1,11.1,11.1,11.5,11.5,11.5,11.3,11.3,11.3,11.5,11.4,11.4,11.1,11.1,11.1,11.1,11.1,11,11,10.9,10.9,10.7,10.7,10.6,10.6,10.6,10.5,10.3,10.3,10.2,10,10,9.9,9.6,9.6,9.6,9.4,9.4,9.3,9.2,9.1,9.1,9.1,9,9,8.9,8.9,8.8,8.6,8.5,8.5,8.9,8.8,8.8,8.6,8.6,8.6,8.5,8.5,8.4,8.8,8.7,8.7,8.4,8.5,8.5,8.4,8.4,8.4,8.2,8.2,8.2,8.4,8.1,8.3,8.1,8.1,7.9,7.9,7.7,8,8,8.1,7.8,7.8,8,7.9,7.9,7.7,7.9,7.6,7.5,7.8,7.8,7.6,7.6,7.4,7.4,7.2,7.1,7.1,6.7,6.6,6.7,6.7,6.7,6.6,6.2,6.3,6.1,6.1,5.9,6.2,6,6.3,6.1,6.2,6.3,6.3,6.6,6.7,6.7,6.4,6.9,6.8,6.8,6.6,6.8,6.8,7,7.1,6.9,7.3,7.4,7.7,7.4,7.5,7.8,7.9,7.9,8.3,8.3,8.4,8.5,8.6,8.7,8.5,8.7,8.7,8.5,8.4,8.3,8.4,8.6,8.4,8.2,8.2,8.1,8.1,8,8.3,8.3,8.4,8.6,9,8.9,9.5,9.7,9.8,10.1,10.6,10.7,10.7,10.9,11,10.9,11.2,11.7,11.6,11.6,12.1,12.1,12.1,12.3,12.3,12.4,12.2,12.4,12.6,12.6,12.5,12.6,13,13,12.8,12.8,12.8,12.3,12.9,12.5,12.9,13,13.2,12.4,12.5,12.5,12.5,12.2,12.3,12.3,11.7,11.7,11.6,11.8,11.5,11.7,11.6,11.8,11.6,11.8,11.6,11.7,11.6,11.5,11.9,11.7,12,11.8,11.7,11.6,11.6,11.2,11.4,11.2,11.4,11.3,11.2,11.1,11,10.9,11.1,10.8,10.8,11,10.6,10.8,10.3,10.1,10.3,10.7,10.5,10.3,10.4,10.5,10.2,10.3,10,9.6,9.6,9.4,9.8,9.5,9.8,9.7,9.7,9.5,7.7,7.5,8.7,9.5,10.1,10,10,10,9.6,9.8,10.2,10.2,10.1,10.2,9.9,9.4,9.1,9.1,9,9.2,9,8.8,8.6,8.4,8.3,8.2,8.1,8.1,8,8.1,8,7.9,7.9,7.9,8,7.9,7.8,7.8,7.6,
Japan,JPN,1.3,1.2,1.2,1.3,1.4,1.4,1.3,1.2,1.3,1.1,1.2,1.1,1.2,1.3,1.4,1.3,1.3,1.3,1.3,1.5,1.4,1.6,1.5,1.7,1.7,1.8,1.8,1.8,1.8,1.8,1.8,1.9,2,2.1,2.1,2.1,2.1,2,2,2.1,2.1,2,2,2,2,2,2,1.8,1.9,2,2,1.9,2.1,2.1,2.1,2,2,1.9,2,2.1,2.1,2.2,2.2,2.2,2.3,2.3,2.2,2.3,2.4,2.2,2.2,2.2,2.2,2,2.1,2.1,2,2,2.2,2.2,2,2.1,2.1,2,1.9,1.9,1.9,2,2,1.9,2,2.1,2,2.1,2.2,2.2,2.1,2.3,2.2,2.2,2.3,2.3,2.2,2.1,2.2,2.2,2.2,2.2,2.2,2.2,2.3,2.3,2.3,2.4,2.4,2.3,2.4,2.5,2.4,2.5,2.7,2.7,2.6,2.7,2.7,2.6,2.6,2.8,2.7,2.6,2.6,2.6,2.7,2.7,2.7,2.7,2.7,2.8,2.8,2.7,2.7,2.7,2.7,2.6,2.5,2.6,2.6,2.5,2.6,2.6,2.6,2.5,2.7,2.7,2.8,2.8,2.7,2.6,2.7,2.8,2.7,2.8,2.9,2.8,2.8,2.7,2.8,2.9,3,2.9,2.9,2.9,3.1,3,2.8,2.8,2.7,2.7,2.7,2.7,2.7,2.7,2.6,2.5,2.5,2.4,2.5,2.6,2.5,2.4,2.4,2.4,2.3,2.3,2.4,2.4,2.3,2.2,2.2,2.2,2.2,2.2,2.2,2.1,2.2,2.2,2,2.1,2.1,2.2,2.1,2,2.1,2.2,2,2,2,2.1,2.2,2.1,2.1,2.1,2.1,2.1,2.1,2,2.1,2.1,2.1,2,2.1,2.1,2.1,2.1,2.1,2.2,2.2,2.2,2.3,2.3,2.3,2.3,2.3,2.3,2.5,2.5,2.5,2.5,2.6,2.7,2.7,2.8,2.8,2.9,2.9,2.8,2.8,2.8,2.9,3,3,3,2.9,2.9,3,3,3.1,3.1,3,3.1,3.1,3.2,3.2,3.2,3.4,3.4,3.5,3.4,3.2,3.4,3.4,3.4,3.4,3.3,3.3,3.4,3.3,3.4,3.3,3.4,3.3,3.2,3.4,3.4,3.4,3.4,3.5,3.5,3.5,3.5,3.6,3.6,3.8,4,4.1,4.1,4.1,4.4,4.3,4.3,4.5,4.4,4.5,4.6,4.7,4.7,4.7,4.8,4.8,4.7,4.6,4.6,4.6,4.7,4.7,4.9,4.9,4.8,4.6,4.7,4.7,4.6,4.7,4.7,4.7,4.8,4.8,4.7,4.8,4.8,4.9,5,5,5.1,5.3,5.3,5.4,5.4,5.2,5.3,5.3,5.3,5.4,5.5,5.4,5.5,5.4,5.4,5.2,5.4,5.4,5.2,5.4,5.5,5.4,5.4,5.2,5.1,5.2,5.1,5.1,4.9,4.9,5,4.8,4.8,4.7,4.7,4.9,4.8,4.6,4.6,4.5,4.5,4.5,4.6,4.5,4.5,4.5,4.3,4.4,4.3,4.2,4.4,4.5,4.4,4.4,4.1,4.1,4.1,4.1,4.2,4.1,4.1,4.1,4.1,4,4,4,4,4,3.8,3.8,3.7,3.6,3.7,3.9,4,3.8,3.7,3.9,4,3.8,3.9,4,4,3.9,4.1,4,3.8,4,4.4,4.3,4.6,4.8,5,5.1,5.2,5.5,5.4,5.4,5.2,5.2,5.2,5,5,5.1,5.1,5.1,5.2,5,5.1,5.1,5.1,5,4.9,4.8,4.7,4.7,4.7,4.6,4.7,4.7,4.5,4.2,4.4,4.5,4.5,4.5,4.5,4.5,4.5,4.4,4.3,4.3,4.2,4.2,4.1,4.1,4.3,4.2,4.3,4.1,4.1,4.1,3.9,3.8,4.1,3.9,4,3.9,3.7,3.7,3.6,3.7,3.6,3.6,3.7,3.7,3.5,3.5,3.6,3.4,3.4,3.6,3.5,3.4,3.4,3.3,3.4,3.3,3.4,3.4,3.2,3.3,3.3,3.2,3.3,3.2,3.2,3.2,3.1,3,3.1,3,3,3,3,3,2.9,2.8,2.8,3,2.8,2.8,2.8,2.8,2.7,2.7,2.7,2.4,2.5,2.5,2.5,2.2,2.4,2.5,2.5,2.3,2.4,2.5,2.5,2.5,2.4,2.5,2.4,2.3,2.3,2.3,2.3,2.4,2.4,2.3,2.2,2.4,2.4,2.5,2.6,2.8,2.8,2.9,3,3,3.1,2.9,3,2.9,2.9,2.7,2.9,2.9,2.9,2.8,2.8,2.7,2.7,2.8,2.7,2.7,2.7,2.6,2.6,2.6,2.6,2.6,2.5,2.6,2.6,2.5,2.5,2.4,2.6,2.8,2.6,2.6,
Korea,KOR,,,,,,,,,,,,,,,,,,,,,,,,,,,,,,,,,,,,,,,,,,,,,,,,,,,,,,,,,,,,,,,,,,,,,,,,,,,,,,,,,,,,,,,,,,,,,,,,,,,,,,,,,,,,,,,,,,,,,,,,,,,,,,,,,,,,,,,,,,,,,,,,,,,,,,,,,,,,,,,,,,,,,,,,,,,,,,,,,,,,,,,,,,,,,,,,,,,,,,,,,,,,,2.6,2.5,2.2,2.2,2.4,2.3,2.5,2.5,2.6,2.6,2.6,2.5,2.6,2.5,2.4,2.3,2.3,2.3,2.5,2.3,2.4,2.5,2.5,2.4,2.4,2.4,2.4,2.5,2.4,2.4,2.4,2.6,2.7,2.6,2.6,2.6,2.8,2.9,2.8,3,3,3,3,2.9,2.8,3,2.8,2.7,2.7,2.7,2.7,2.7,2.5,2.4,2.4,2.4,2.5,2.3,2.2,2.2,2.1,2.2,2.1,2,2.1,2,2,2.1,2.2,2.2,2,1.9,1.9,1.9,2,2,2,2.1,2,2.1,2,2.1,2.2,2.3,2.4,2.6,3,2.7,2.6,2.4,2.4,2.4,2.5,2.4,2.9,3.1,4.1,5,5.8,6.5,7.1,7.5,8.2,8,8.2,8.1,7.9,7.9,7.6,7.4,7.2,7,6.8,7.3,6.9,6.3,5.7,5.4,5.2,5.1,5,4.9,4.6,4.5,4.3,4.2,4.1,4.2,4.4,4.1,4.2,4.3,4.5,4.7,4.6,4.1,3.9,3.8,3.8,3.7,3.7,3.6,3.7,3.7,3.6,3.5,3.4,3.4,3.3,3.1,3.1,3.3,3,3.1,3.1,3.1,3.3,3.3,3.4,3.4,3.6,3.6,3.6,3.6,3.7,3.7,3.9,3.7,3.5,3.6,3.6,3.6,3.7,3.5,3.7,3.7,3.7,3.7,3.8,3.8,3.8,3.7,3.7,3.7,3.7,3.8,3.7,3.7,4,3.9,3.6,3.5,3.4,3.5,3.5,3.4,3.4,3.5,3.5,3.5,3.5,3.6,3.5,3.4,3.4,3.1,3.2,3.3,3.3,3.3,3.3,3.3,3.2,3.3,3.3,3.2,3,2.9,3,3.1,3.2,3.1,3.1,3.3,3.2,3.3,3.4,3.4,3.3,3.3,3.6,3.7,3.9,3.9,3.8,3.8,3.6,3.6,3.7,3.6,4.7,4,3.7,3.6,3.2,3.5,3.8,3.5,3.8,3.7,3.3,3.7,3.5,3.7,3.8,3.5,3.3,3.3,3.3,3.2,3.3,3.2,3.3,3.2,3.2,3.4,3.3,3.3,3.1,3.2,3.1,3.2,3.2,3.1,3.2,3.1,3.2,3.2,3.1,3,3,3.1,3.2,3.2,3,3.1,3.1,3.2,3.2,3.6,3.4,3.6,3.5,3.5,3.5,3.6,3.5,3.6,3.5,3.6,3.5,3.6,3.5,3.6,3.7,3.8,3.7,3.7,3.5,3.5,3.6,3.5,3.4,3.9,3.8,3.6,3.6,3.5,3.6,4,4,3.8,3.6,3.4,3.4,3.9,3.7,3.9,3.5,3.7,3.5,4,3.7,3.7,3.7,3.6,3.3,3.7,4.1,3.8,3.8,3.6,3.8,4.6,4.1,4,3.9,3.7,3.9,3.8,3.9,4.1,3.9,3.9,4,3.5,3.5,3.5,3.7,3.5,3.5,3.4,3.9,3.9,4.3,4.2,4.2,3.7,4.1,4.2,4.2,4.3,4.8,4,4,3.8,3.8,3.7,3.3,3.2,3,3.2,3.1,3.6,3.3,2.8,2.8,2.8,2.9,2.9,2.9,2.6,2.8,2.8,2.8,3.1,2.9,2.6,2.7,2.6,2.5,2.6
Latvia,LVA,,,,,,,,,,,,,,,,,,,,,,,,,,,,,,,,,,,,,,,,,,,,,,,,,,,,,,,,,,,,,,,,,,,,,,,,,,,,,,,,,,,,,,,,,,,,,,,,,,,,,,,,,,,,,,,,,,,,,,,,,,,,,,,,,,,,,,,,,,,,,,,,,,,,,,,,,,,,,,,,,,,,,,,,,,,,,,,,,,,,,,,,,,,,,,,,,,,,,,,,,,,,,,,,,,,,,,,,,,,,,,,,,,,,,,,,,,,,,,,,,,,,,,,,,,,,,,,,,,,,,,,,,,,,,,,,,,,,,,,,,,,,,,,,,,,,,,,,,,,,,,,,14.3,14.4,14.4,14.3,14.1,13.9,13.8,13.7,13.7,13.7,13.8,13.8,13.8,13.8,13.9,14,14.1,14.3,14.4,14.5,14.4,14.4,14.3,14.3,14.3,14.4,14.4,14.3,14.4,14.4,14.5,14.5,14.3,14.1,13.8,13.5,13.2,13.1,13,13.1,13.1,13.2,14.4,14,13.3,12.6,12.4,12.8,13.6,13.7,13.1,11.7,11.3,11.4,12.1,12.5,12.3,11.6,11.3,11.2,11.4,11.7,12.1,12.4,12.5,12.1,11.3,11,11.1,11.7,12,11.9,11.5,11.3,11.3,11.5,11.7,12,12.2,12.1,11.8,11.5,11.1,10.8,10.3,10,9.9,10,10,9.8,9.2,8.8,8.5,8.5,8.3,8,7.3,6.9,6.5,6.4,6.3,6.3,6.4,6.5,6.7,6.9,6.9,6.7,6.3,6.1,5.9,6,5.9,5.7,5.3,5.3,5.6,6.2,6.6,6.6,6.3,6.4,6.6,7,7.6,8.5,9.5,10.6,11.6,12.6,13.8,14.8,16,17,17.9,18.8,19.4,19.8,20.2,20.5,20.7,20.8,20.6,20.5,20.4,20.2,19.7,19.2,19.1,18.9,18.6,18.2,17.7,17.2,17,16.9,17.1,17,16.5,15.8,15.4,15.3,15.4,15.4,15.4,15.5,15.8,16.1,16.5,16.3,15.5,14.3,13.8,13.9,14.4,14.4,13.9,13.1,12.6,12,11.5,11.3,11.3,11.8,12.1,12.1,11.7,11.5,11.4,11.5,11.5,11.3,10.9,10.6,10.5,10.7,10.9,10.9,10.7,10.5,10.1,9.8,9.8,9.9,9.6,9.7,9.8,9.9,10,10,10,10.1,10,10,9.8,9.7,9.5,9.4,9.5,9.7,9.8,9.8,9.6,9.5,9.4,9.2,9,8.8,8.8,8.9,8.9,8.8,8.7,8.6,8.5,8.3,8.1,8,7.8,7.8,7.7,7.7,7.5,7.3,7.1,7,7.1,7,6.9,6.8,6.6,6.5,6.3,6.3,6.3,6.3,6.2,6,5.8,5.9,6.5,7.1,7.2,7.6,8.3,8.6,8.7,8.7,8.6,8.3,8.1,8,7.9,7.7,7.7,7.7,7.8,7.9,7.9,7.6,7.3,7.1,7.1,7.3,7.4,7.1,6.9,6.8,6.6,6.5,6.6,6.9,7,7,7,6.9,6.7,6.4,6.1,5.9,5.7,5.7,
Lithuania,LTU,,,,,,,,,,,,,,,,,,,,,,,,,,,,,,,,,,,,,,,,,,,,,,,,,,,,,,,,,,,,,,,,,,,,,,,,,,,,,,,,,,,,,,,,,,,,,,,,,,,,,,,,,,,,,,,,,,,,,,,,,,,,,,,,,,,,,,,,,,,,,,,,,,,,,,,,,,,,,,,,,,,,,,,,,,,,,,,,,,,,,,,,,,,,,,,,,,,,,,,,,,,,,,,,,,,,,,,,,,,,,,,,,,,,,,,,,,,,,,,,,,,,,,,,,,,,,,,,,,,,,,,,,,,,,,,,,,,,,,,,,,,,,,,,,,,,,,,,,,,,,,,,13.8,13.6,13.3,12.6,12.3,12.4,12.8,13.1,13.3,13.4,13.5,13.7,13.6,13.8,14.2,14.8,15.3,15.6,15.8,15.9,15.9,15.6,15.6,15.7,16.2,16.5,16.8,17,17,16.9,16.5,16.5,16.8,17.6,17.8,17.8,17.7,17.6,17.3,16.9,16.7,16.8,17.6,17.6,17.3,16.7,16,15.1,14.1,13.3,13,12.9,12.9,12.9,12.9,12.8,12.7,12.4,12.4,12.6,12.9,13.1,13,12.7,12.4,12.2,12,11.9,11.7,11.6,11.4,11.2,11,10.9,10.8,10.8,10.8,10.7,10.7,10.5,10.3,9.8,9.5,9.3,9.3,9,8.6,8.1,7.7,7.4,7.2,7,6.9,6.7,6.4,6.2,5.9,5.8,5.8,5.9,5.8,5.6,5.3,5,5,4.3,4.4,4.4,4.4,4.3,4.3,4.3,4.2,4.2,4.1,4,4.1,4.2,4.2,4.1,4.1,4.3,4.8,5.6,6.4,7.1,7.7,8.3,9,9.8,10.7,11.6,12.6,13.4,14,14.4,14.9,15.4,15.9,16.3,16.6,16.7,17.5,17.8,18.1,18.2,18.3,18.3,18.2,18,17.9,17.6,17.4,17.2,16.8,16.5,16,15.8,15.6,15.7,15.4,14.8,14,13.5,13.5,13.9,14.1,14,13.7,13.5,13.3,13.1,13.1,13.1,13.1,13.1,12.8,12.4,12,11.8,11.9,11.7,11.6,11.7,11.8,11.7,11.7,11.7,11.6,11.6,11.3,11,11,11.2,11,10.4,10.3,10,10.3,10.5,10.2,9.6,9.3,9,9.3,9.2,9.3,9.2,9.2,9.1,9.1,8.8,8.6,8.1,8,8.1,7.9,8.3,8.1,8.1,7.9,7.7,7.6,7.6,7.6,7.8,7.8,7.6,7.5,7.2,6.9,6.8,6.7,6.6,6.8,6.8,6.8,6.8,6.7,6.7,6.2,5.9,6.1,5.9,6,6,6.1,5.9,6,6.1,6.2,6.2,6.1,6,6,6.2,6.3,6.4,6.5,6.5,6.9,7,7.3,7.6,8,8.6,9.1,9.4,9.3,9.1,9.7,9.2,8.1,7.8,7.3,7.6,7.9,7.7,7.4,6.8,6.7,6.8,6.6,6.7,6.5,6.6,6.2,5.7,5.5,5.5,5.7,5.8,6,6.1,6.1,6.1,6.1,6.8,7.3,7.6,7.5,7.2,
Luxembourg,LUX,,,,,,,,,,,,,,,,,,,,,,,,,,,,,,,,,,,,,,,,,,,,,,,,,,,,,,,,,,,,,,,,,,,,,,,,,,,,,,,,,,,,,,,,,,,,,,,,,,,,,,,,,,,,,,,,,,,,,,,,,3.3,3.3,3.2,3.3,3.5,3.6,3.6,3.7,3.5,3.3,3.4,3.3,3.3,3.3,3.2,3,2.9,2.9,3,3,2.9,3,3,2.8,2.8,2.8,2.9,3,3,3,3,2.9,2.8,2.8,2.8,2.8,2.8,2.8,2.7,2.7,2.7,2.7,2.5,2.5,2.4,2.3,2.3,2.4,2.4,2.5,2.6,2.6,2.6,2.5,2.5,2.4,2.4,2.3,2.3,2.3,2.3,2.2,2.2,2.1,2,2,2,1.9,1.9,1.8,1.8,1.8,1.7,1.7,1.7,1.8,1.7,1.8,1.8,1.9,1.9,1.9,1.8,1.8,1.8,1.8,1.7,1.7,1.7,1.7,1.6,1.6,1.5,1.6,1.6,1.6,1.6,1.5,1.4,1.5,1.6,1.6,1.6,1.7,1.7,1.8,1.8,1.8,1.8,1.9,2,2,2.1,2,2.1,2.1,2.2,2.2,2.2,2.2,2.2,2.2,2.3,2.4,2.4,2.5,2.7,2.8,2.9,2.9,3,3,3.1,3.2,3.3,3.4,3.3,3.2,3.2,3.1,3.1,3.1,3,2.9,2.9,2.9,2.8,2.8,2.8,2.8,2.8,2.8,2.9,2.9,2.9,2.9,3,3,3.1,3.1,3.1,3,2.9,2.8,2.8,2.8,2.8,2.8,2.7,2.6,2.6,2.5,2.6,2.7,2.7,2.7,2.8,2.8,2.8,2.9,2.8,2.8,2.8,2.8,2.8,2.7,2.7,2.6,2.6,2.6,2.5,2.4,2.4,2.4,2.4,2.4,2.4,2.4,2.4,2.4,2.4,2.4,2.4,2.4,2.3,2.3,2.3,2.3,2.3,2.3,2.2,2.2,2.2,2.1,2.1,2,1.9,1.9,1.9,1.9,1.8,1.8,1.8,1.9,1.9,2,2,2,2.2,2.2,2.2,2.3,2.4,2.5,2.6,2.7,2.7,2.9,3,3.1,3.2,3.3,3.4,3.5,3.6,3.7,3.8,3.9,4.1,4.2,4.3,4.4,4.6,4.7,4.9,5,5,5,5.1,5.1,5.1,4.9,5,4.9,4.7,4.8,4.7,4.7,4.7,4.6,4.5,4.5,4.6,4.6,4.6,4.7,4.5,4.5,4.7,4.6,4.5,4.5,4.5,4.6,4.7,4.6,4.6,4.6,4.4,4.4,4.3,4.2,4.1,4.1,4,4.1,4,4.1,4.2,4.2,4.3,4.4,4.4,4.7,4.8,4.9,4.9,5.1,5.2,5.2,5.2,5.2,5.4,5.4,5.4,5.3,5.3,5.3,5.1,5.1,5,5,4.9,4.8,4.6,4.7,4.6,4.5,4.4,4.5,4.4,4.4,4.5,4.6,4.8,4.8,4.7,4.7,4.7,4.7,4.8,4.8,5,5.1,5,4.8,4.8,4.9,4.9,4.9,5,5,5.1,5.1,5,5,5.1,5.2,5.3,5.4,5.5,5.6,5.7,5.7,5.8,5.9,5.9,5.9,6,6,6,6,6,5.9,6,5.9,6,6,6,6,6.1,6.1,6.2,6.2,6.3,6.4,6.4,6.4,6.5,6.5,6.5,6.5,6.5,6.6,6.5,6.5,6.4,6.4,6.4,6.3,6.2,6.2,6.2,6.3,6.4,6.3,6.3,6.3,6,5.9,5.7,5.6,5.5,5.5,5.5,5.5,5.6,5.4,5.4,5.6,5.5,5.6,5.6,5.5,5.5,5.5,5.6,5.7,5.6,5.5,5.4,5.3,5.3,5.5,5.6,5.6,5.6,5.7,5.7,5.7,5.5,5.6,5.7,5.7,5.8,5.8,6.6,7.3,7.6,7.5,7.1,6.7,6.5,6.3,6.4,6.4,6.4,6.3,6.1,5.9,5.6,5.3,5.2,5,4.9,4.8,4.7,4.8,4.5,4.5,4.4,4.4,4.4,4.4,4.5,4.6,4.7,4.8,4.8,4.8,4.9,4.9,4.9,4.9,4.9,
Mexico,MEX,,,,,,,,,,,,,,,,,,,,,,,,,,,,,,,,,,,,,,,,,,,,,,,,,,,,,,,,,,,,,,,,,,,,,,,,,,,,,,,,,,,,,,,,,,,,,,,,,,,,,,,,,,,,,,,,,,,,,,,,,,,,,,,,,,,,,,,,,,,,,,,,,,,,,,,,,,,,,,,,,,,,,,,,,4.5,4.7,4.2,4.4,3.9,3.9,3.7,3.7,3.4,3.6,3.5,3.1,3.5,3.3,3.7,3.7,3.7,3.8,3.6,3.5,3.5,3.3,3.5,3.5,3.4,3.1,3,2.9,3.1,2.9,2.8,3.1,2.8,2.5,2.7,2.7,2.5,2.5,2.5,2.7,2.8,3,3.2,3.1,2.4,3,2.6,2.6,2.7,2.6,2.9,2.6,2.3,2.2,2.4,3.3,2.8,2.9,2.9,2.8,2.8,3.1,2.7,2.7,2.9,2.8,2.8,2.6,2.4,2.6,3.3,2.8,3,3.5,3.5,3,3.3,3.2,3.3,4,3.7,3.4,3.5,3.6,3.7,3.6,3.5,3.6,3.3,3.4,3.5,3.6,3.6,3.9,4.1,4,4.4,5.1,5.6,6.1,6.5,6.7,6.8,7.6,6.7,6.6,6.4,6.6,6.2,6.1,5.8,5.8,5.4,5.6,5.4,5.3,5.4,5,5.1,4.4,4.3,3.8,4.1,4,4,3.6,4,3.6,3.4,3.3,3.4,3.1,3.5,3.4,3.3,3.1,3.3,3.3,3.3,3.1,3.2,3.1,3,3.1,2.6,3.1,2.7,2.8,2.6,2.7,2.3,2.5,2.3,2.4,2.3,2.4,2.3,2.1,2.2,2.792,2.723,2.723,2.457,2.729,2.619,2.488,2.359,2.547,2.545,3.209,2.664,2.703,2.78,2.738,2.82,2.307,2.504,2.863,2.996,3.086,3.36,3.035,3.022,3.052,3.129,3.039,2.907,2.777,2.886,2.795,3.001,2.729,2.89,2.98,3.124,3.092,3.192,3.267,3.576,3.665,3.816,3.77,4.035,3.403,3.778,4.044,3.922,3.988,3.884,3.958,3.795,3.998,3.844,3.9,3.869,4.035,3.976,3.655,3.767,3.807,3.654,3.833,3.76,3.424,3.466,3.421,3.185,3.192,3.334,3.614,3.589,3.404,3.191,3.499,3.624,3.787,3.699,3.741,3.807,3.883,3.742,3.93,4.155,3.695,3.57,3.432,3.641,3.658,3.603,3.768,3.659,3.795,3.788,3.812,4.01,3.698,3.538,3.701,3.82,3.887,3.96,3.992,4.664,4.825,4.78,5.198,5.084,5.422,5.689,5.389,5.727,5.864,5.981,5.812,5.496,5.348,5.609,5.383,5.174,5.527,5.419,5.218,5.34,5.089,5.295,5.539,5.504,5.475,5.206,5.346,4.977,5.24,5.436,5.556,5.259,5.414,5.301,4.88,5.161,5.033,4.731,5.286,5.025,4.953,4.991,4.908,4.709,5.011,4.667,4.914,5.29,4.961,5.211,4.85,4.915,5.142,5.067,5.074,4.821,4.837,4.947,4.888,4.638,4.76,4.89,4.679,5.231,4.942,5.042,4.872,5.158,4.844,4.772,4.635,4.694,4.188,4.343,4.355,4.241,4.412,4.517,4.436,4.45,4.385,4.191,4.441,4.101,4.369,4.092,4.169,4.105,3.907,4.093,3.956,3.792,3.749,3.854,3.569,3.636,3.702,3.464,3.393,3.512,3.553,3.598,3.278,3.24,3.294,3.346,3.419,3.513,3.415,3.206,3.147,3.208,3.442,3.24,3.326,3.265,3.207,3.289,3.144,3.329,3.638,3.385,3.273,3.557,3.561,3.546,3.538,3.51,3.457,3.507,3.561,3.521,3.186,3.637,3.53,3.273,4.853,4.281,5.505,5.112,4.943,4.803,4.586,4.522,4.179,4.493,4.37,4.345,4.839,4.059,4.012,4.158,4.019,3.899,3.806,3.784,3.871,3.535,3.693,3.367,3.155,3.322,3.361,3.265,3.287,3.116,3.191,2.96,3.029,2.886,2.697,2.719,2.943,2.979,2.666
Netherlands,NLD,,,,,,,,,,,,,,,,,,,,,,,,,,,,,,,,,,,,,,,,,,,,,,,,,,,,,,,,,,,,,,,,,,,,,,,,,,,,,,,,,,,,,,,,,,,,,,,,,,,,,,,,,,,,,,,,,,,,,,,,,9.5,9.5,9.5,9.5,9.5,9.5,9.5,9.5,9.5,9.5,9.5,9.5,9.5,9.4,9.4,9.4,9.4,9.3,9.3,9.2,9.2,9.1,9,9,8.9,8.8,8.7,8.7,8.6,8.5,8.4,8.3,8.2,8.2,8.1,8,7.9,7.8,7.8,7.7,7.6,7.6,7.6,7.5,7.5,7.5,7.4,7.4,7.4,7.4,7.4,7.4,7.4,7.5,7.5,7.5,7.5,7.5,7.5,7.5,7.5,7.5,7.5,7.4,7.4,7.4,7.4,7.3,7.3,7.2,7.2,7.1,7.1,7,6.9,6.9,6.8,6.7,6.7,6.6,6.5,6.5,6.4,6.4,6.3,6.3,6.2,6.2,6.1,6.1,6,6,6,5.9,5.9,5.9,5.8,5.8,5.8,5.8,5.7,5.7,5.7,5.7,5.7,5.7,5.6,5.6,5.6,5.6,5.6,5.6,5.6,5.7,5.7,5.8,5.8,5.9,5.9,6,6.1,6.2,6.3,6.4,6.4,6.5,6.6,6.6,6.7,6.7,6.7,6.8,6.8,6.8,6.9,6.9,7,7.1,7.2,7.3,7.4,7.5,7.7,7.8,8,8.1,8.2,8.3,8.4,8.4,8.4,8.4,8.4,8.4,8.3,8.3,8.2,8.1,8,7.9,7.8,7.7,7.6,7.5,7.4,7.3,7.2,7.1,7,6.9,6.8,6.7,6.6,6.5,6.4,6.3,6.2,6.1,5.9,5.8,5.7,5.6,5.5,5.4,5.3,5.2,5.1,5,4.9,4.8,4.7,4.6,4.6,4.5,4.4,4.4,4.3,4.3,4.2,4.2,4.1,4.1,4,4,3.9,3.9,3.8,3.8,3.7,3.7,3.6,3.6,3.5,3.4,3.4,3.3,3.2,3.2,3.2,3.1,3.1,3.1,3.1,3.1,3.1,3.1,3.1,3.2,3.2,3.3,3.4,3.4,3.5,3.6,3.7,3.8,3.9,4,4.1,4.2,5.3,5.4,5.6,5.7,5.8,5.9,6,6.1,6.2,6.2,6.4,6.5,6.5,6.6,6.7,6.9,7,6.9,6.8,6.7,6.7,6.8,6.8,7,7,7.2,7.1,7.1,7.2,7,7,6.9,6.9,6.9,6.8,6.8,6.5,6.5,6.3,6.2,6.2,6,6,5.9,5.9,5.9,5.9,5.8,5.7,5.7,5.5,5.3,5.3,5.2,5.3,5.2,5.2,5.1,5.1,5,5,4.7,4.7,4.8,4.8,4.8,4.7,4.7,4.8,4.7,4.7,4.8,4.8,4.9,5,5.2,5.2,5.3,5.5,5.6,5.7,5.8,5.9,6.1,6.2,6.2,6.2,6.1,6.1,6.2,6.2,6.1,6,6,5.9,5.9,5.8,5.9,5.7,5.8,5.8,5.7,6,6,6.2,6.4,6.6,6.5,6.6,6.5,6.5,6.8,6.7,6.7,6.8,6.8,6.9,7,7.2,7.4,7.5,7.7,7.9,8,8.1,8.3,8.5,8.5,8.5,8.5,8.4,8.5,8.6,8.7,8.7,8.6,8.5,8.3,8.2,8.1,8,8.1,8.1,8.2,8.3,8.1,8.1,8.1,8,7.9,7.7,7.7,7.8,7.9,7.7,7.6,7.4,7.5,7.4,7.4,7.2,7.1,7,6.8,6.7,6.6,6.6,6.4,6.4,6.3,6.2,6.1,6.1,6,5.9,5.7,5.7,5.5,5.4,5.4,5.2,5.1,5,4.9,4.9,4.9,4.9,4.9,4.8,4.7,4.6,4.6,4.6,4.4,4.4,4.3,4.3,4.4,4.4,4.5,4.5,4.5,4.5,4.3,4.1,4,4.1,4.5,4.6,5.4,5.5,5.5,5.4,5.3,5,4.9,4.7,4.7,4.6,4.5,4.4,4.2,4.1,4.2,4.1,3.9,3.7,3.8,3.6,3.4,3.3,3.2,3.3,3.4,3.6,3.8,3.8,3.7,3.6,3.5,3.6,3.5,3.5,3.4,3.5,
Norway,NOR,,,,,,,,,,,,,,,,,,,,,,,,,,,,,,,,,,,,,,,,,,,,,,,,,,,,,,,,,,,,,,,,,,,,,,,,,,,,,,,,,,,,,,,,,,,,,,,,,,,,,,,,,,,,,,,,,,,,,,,,,,,,,,,,,,,,,,,,,,,,,,,,,,,,,,,,,,,,,,,,,,,,,,,,,,,,,,,,,,,,,,,,,,,,,,,,,4.9,5,4.9,5.1,5.3,5.4,5.2,5.5,5.8,5.9,5.9,5.8,6,5.9,5.8,5.6,5.7,5.9,5.8,5.8,5.6,5.7,5.7,5.9,5.8,5.8,5.9,5.9,5.7,5.8,5.9,6.2,5.9,6.2,6.5,6.7,6.5,6.4,6.3,6.5,6.5,6.6,6.5,6.6,6.6,6.7,6.7,6.6,6.6,6.6,6.8,6.8,6.6,6.6,6.6,6.8,6.8,6.7,6.4,6,6,6,6,6.1,6.2,6.1,5.9,5.8,6,5.9,6,6,6,6,5.8,5.7,5.5,5.4,5.3,5.3,5.2,5.1,5,5.1,4.8,5,5,5,4.8,4.7,4.7,4.8,4.7,4.6,4.6,4.6,4.6,4,4,4.1,4.2,4.1,4,3.8,3.7,3.5,3.5,3.4,3.3,3.2,3.3,3.4,3.3,3.3,3.2,3,2.8,2.7,2.9,2.8,2.7,2.7,2.9,2.9,2.9,2.8,2.9,3.1,3.4,3.4,3.4,3.4,3.4,3.4,3.3,3.2,3,3,3.1,3.3,3.3,3.2,3.3,3.4,3.4,3.4,3.2,3.2,3.2,3.4,3.4,3.4,3.6,3.7,3.6,3.6,3.6,3.8,3.7,3.8,3.7,3.5,3.4,3.6,3.7,3.8,3.8,3.8,3.9,4,4,4.2,4.2,4.3,4.3,4.4,4.4,4.3,4.3,4.4,4.2,4.2,4.1,4.2,4.2,4.3,4.3,4.4,4.4,4.4,4.4,4.4,4.5,4.4,4.6,4.6,4.6,4.6,4.7,4.6,4.5,4.5,4.4,4.3,4.3,4.3,3.9,4,3.9,3.9,3.4,3.7,3.3,2.9,2.8,2.8,3.1,2.9,2.8,2.9,2.7,2.5,2.9,2.8,2.4,2.8,2.4,2.4,2.9,2.6,2.6,2.7,2.8,3,3,2.8,3.2,3.2,2.9,3.2,3.2,3.4,3.3,3.6,3.6,3.6,3.3,3.6,3.4,3.4,3.7,3.4,3.8,4,4.6,3.9,4,4.3,3.6,3.8,3.9,3.8,3.4,4.1,3.2,3.4,3.8,3.8,3.5,3.6,3.4,3.7,3.4,3.8,3.4,3.5,3.8,3.7,3,3.5,3.5,3.2,3.4,3.3,3.3,3.8,3.5,3.7,3.8,4,4.1,4.1,3.9,3.7,3.7,4.3,3.9,3.6,3.8,4.4,4.1,3.3,4.1,3.6,3.3,3.3,4.2,3.6,4.2,4,3.8,3.9,4.3,4.7,4.7,4.6,4.3,4.7,5.3,4.2,4.8,5,4.3,5.2,5,5.6,5,5,4.9,4.5,5,5.2,4.8,4.8,4.7,4.2,4.2,4.5,4.9,4.6,4.5,4.4,4.2,4.4,4.3,4,3.9,4.5,4,4,4.3,4.2,3.4,4.2,4.2,4.1,4.4,4,3.7,3.6,4,4.3,3.7,3.2,3.4,3.8,3.9,4.4,3.6,4.4,3.8,4,4.1,3.6,3.6,4.1,4.8,4.9,5.9,5.4,5.2,5.6,5.1,4.7,5.2,5.4,4.4,5.1,5.5,4.4,5,4.1,3.7,3.8,3.8,3.1,3.3,3.5,3.1,2.7,3.8,3,2.8,3.6,3.4,3.2,3.1,3.4,3.6,3.9,3.7,3.6,3,
Poland,POL,,,,,,,,,,,,,,,,,,,,,,,,,,,,,,,,,,,,,,,,,,,,,,,,,,,,,,,,,,,,,,,,,,,,,,,,,,,,,,,,,,,,,,,,,,,,,,,,,,,,,,,,,,,,,,,,,,,,,,,,,,,,,,,,,,,,,,,,,,,,,,,,,,,,,,,,,,,,,,,,,,,,,,,,,,,,,,,,,,,,,,,,,,,,,,,,,,,,,,,,,,,,,,,,,,,,,,,,,,,,,,,,,,,,,,,,,,,,,,,,,,,,,,,,,,,,,,,,,,,,,,,,,,,,,,,,,,,,,,,,,,,,,,,,,11.8,11.5,11.3,11.1,10.9,10.9,10.8,10.7,10.5,10.4,10.2,10.1,10,9.9,9.8,9.8,9.9,10,10.1,10.2,10.4,10.6,10.8,11,11.5,12,12.3,12.7,12.9,13.2,13.5,13.8,14.2,14.5,14.8,15.1,15.5,15.8,16.1,16.2,16.3,16.1,16,15.9,16,16.2,16.5,16.8,17.1,17.4,17.7,18.1,18.4,18.5,18.4,18.4,18.6,18.8,19.1,19.2,19.4,19.4,19.6,19.9,19.8,20.2,20.4,20.5,20.5,20.4,20.3,20.1,19.9,19.8,19.6,19.5,19.5,19.7,19.9,20,19.9,19.8,19.7,19.8,20,19.9,19.8,19.5,19.3,19.2,19,18.9,18.7,18.6,18.4,18.3,18.1,18.2,18.3,18.4,18.4,18.4,18.2,18,17.8,17.5,17.1,16.6,16,15.4,15.1,14.7,14.4,14,13.8,13.5,13.2,12.9,12.4,11.9,11.3,10.7,10.3,10,9.7,9.5,9.4,9.3,9.2,8.9,8.7,8.3,7.8,7.5,7.3,7.2,7.2,7,6.9,6.8,6.7,6.6,6.8,7,7.4,7.5,7.7,7.8,7.9,8.1,8.3,8.4,8.4,8.4,8.7,9.1,10.3,10.3,10.2,10.1,10,9.9,9.8,9.8,9.8,9.8,9.8,9.8,9.7,9.7,9.8,9.9,9.9,9.9,9.9,10,10.1,10.2,10.2,10.2,10.2,10.2,10.2,10.2,10.3,10.4,10.5,10.6,10.5,10.5,10.6,10.6,10.8,10.9,11,11,10.9,10.7,10.6,10.5,10.3,10.2,10.2,10.2,10.3,10.3,10.1,9.8,9.5,9.2,8.9,8.7,8.5,8.5,8.4,8.4,8.4,8.3,8.1,7.9,7.7,7.6,7.5,7.5,7.4,7.3,7.2,7,6.8,6.7,6.6,6.4,6.4,6.4,6.3,6.3,6.1,5.9,5.7,5.5,5.3,5.2,5.1,5.2,5.2,5.1,4.9,4.9,4.8,4.7,4.6,4.4,4.2,4,3.9,3.8,3.7,3.8,3.9,3.9,3.9,3.9,3.9,3.9,3.9,3.8,3.7,3.4,3.3,3.3,3.2,3.2,3.1,3.1,3,3,2.9,2.9,2.9,3.1,3.3,3.4,3.4,3.4,3.4,3.3,3.2,3.4,3.6,3.7,3.8,3.7,3.6,3.5,3.3,3.1,3,3,3,2.9,2.9,2.8,2.8,2.8,2.8,2.8,2.9,3,3,3,2.9,2.8,2.7,2.6,2.7,2.7,2.7,
Portugal,PRT,,,,,,,,,,,,,,,,,,,,,,,,,,,,,,,,,,,,,,,,,,,,,,,,,,,,,,,,,,,,,,,,,,,,,,,,,,,,,,,,,,,,,,,,,,,,,,,,,,,,,,,,,,,,,,,,,,,,,,,,,8.1,8.1,8.3,8.5,8.8,9,9.2,9.4,9.4,9.3,9.3,9.3,9.4,9.4,9.4,9.5,9.5,9.6,9.6,9.7,9.7,9.8,9.9,9.8,9.6,9.6,9.7,9.8,9.8,9.8,9.9,10,10,10,10,10.1,10.1,10.1,10.1,9.9,9.8,9.7,9.4,9.2,9,9,8.9,8.9,8.7,8.7,8.5,8.3,8.2,8.1,7.8,7.7,7.7,7.6,7.5,7.3,7,7,7,7.1,7,6.7,6.4,6.3,6.3,6.4,6.4,6.3,6.2,6.2,6.2,6.1,6,6.1,6.1,6,5.8,5.7,5.8,5.9,6,5.9,5.7,5.4,5.4,5.6,5.7,5.8,5.8,5.5,5.4,5.3,5.2,5,4.9,4.8,4.9,5,5.2,5.2,5.2,5.2,5,4.9,4.8,4.8,4.8,4.9,4.9,4.9,5,5,5.1,5.1,5.2,5.4,5.5,5.7,5.9,6.1,6.2,6.3,6.4,6.5,6.6,6.7,6.8,7,7.2,7.3,7.4,7.5,7.6,7.6,7.7,7.6,7.7,7.8,7.8,7.8,7.9,8,8,8,7.9,7.8,7.8,7.8,7.8,8,8,8,8,8,8.1,8.2,8.2,8.1,8,7.9,7.9,7.9,7.8,7.8,7.9,7.9,7.7,7.5,7.4,7.4,7.6,7.6,7.5,7.4,7.2,7,7.1,6.7,6.5,6.2,6,6.2,6.1,5.9,5.7,5.6,5.9,5.8,5.8,5.8,5.9,6,6.1,5.9,5.8,5.6,5.5,5.3,5.4,5.5,5.6,5.5,5.3,5.2,5.3,5.2,5.3,5.4,5.3,5.2,5,5,5.1,5.3,5.4,5.4,5.4,5.4,5.5,5.4,5.4,5.4,5.4,5.4,5.6,5.6,5.7,5.8,6.2,6.4,6.6,6.5,6.8,7.3,7.5,7.6,7.6,7.7,7.7,7.8,8,7.9,7.8,7.8,7.8,8,7.9,7.7,7.5,7.6,7.7,7.8,8.1,8.3,8.2,8.5,8.5,8.5,8.5,8.7,8.7,8.8,9,9.1,9.1,9.2,9.5,9.4,9.5,9.5,9.5,9.3,9.2,9.1,9.1,9.1,9.1,9.1,9.2,9.2,9.6,9.7,9.7,9.7,9.7,9.8,9.7,9.9,9.7,9.6,9.6,9.6,9.4,9.4,9.3,9.2,9,8.9,9,9,9.1,9.3,9.2,9.4,9.4,9.4,9.4,9.8,10,10.2,10.6,10.8,11,11.3,11.6,11.8,11.9,11.9,11.8,11.9,11.8,12.1,12.2,12.5,12.7,12.9,12.9,12.9,12.8,12.6,12.8,12.8,12.8,12.8,13.1,13,13.1,13,13.1,13.5,13.9,14.2,14.6,15.1,15,15.4,15.8,16.2,16.2,16.3,16.5,17.1,17.1,17.6,17.8,18.1,18.2,18.1,18,17.8,17.8,17.5,17.4,16.8,16.4,16.3,16,15.7,15.4,15.4,15.3,15.1,14.9,14.9,14.7,14.1,13.9,14,13.9,14,14.1,13.9,13.6,13.2,12.8,12.7,12.7,12.7,12.8,12.8,12.6,12.5,12.3,12.4,12.3,11.9,11.6,11.4,11.2,11.2,11.2,10.9,10.7,10.4,10.3,10.1,10,9.7,9.4,9.4,9.1,9,8.7,8.6,8.2,8.1,8,7.8,7.6,7.3,7.2,7,7,7.1,6.7,6.8,6.8,6.8,6.7,6.7,6.6,6.7,6.7,6.7,6.6,6.5,6.6,6.6,6.8,6.9,6.9,6.5,6.3,6.4,6,7.5,8.1,8.2,8,7.6,7.2,6.9,6.9,6.8,6.6,6.9,7,6.8,6.6,6.3,6.3,6.4,6.3,5.8,5.8,5.6,5.8,5.9,6,6,6,6,6.1,6.1,6.5,6.7,7,6.9,6.8,6.5,6.4,
Slovakia,SVK,,,,,,,,,,,,,,,,,,,,,,,,,,,,,,,,,,,,,,,,,,,,,,,,,,,,,,,,,,,,,,,,,,,,,,,,,,,,,,,,,,,,,,,,,,,,,,,,,,,,,,,,,,,,,,,,,,,,,,,,,,,,,,,,,,,,,,,,,,,,,,,,,,,,,,,,,,,,,,,,,,,,,,,,,,,,,,,,,,,,,,,,,,,,,,,,,,,,,,,,,,,,,,,,,,,,,,,,,,,,,,,,,,,,,,,,,,,,,,,,,,,,,,,,,,,,,,,,,,,,,,,,,,,,,,,,,,,,,,,,,,,,,,,,,,,,,,,,,,,,,12.1,12.2,12.2,12.2,12.3,12.5,12.9,13,13.2,13.2,13.3,13.6,14.2,14.8,15.4,15.7,16.1,16.5,16.7,17.1,17.3,17.7,18.1,18.3,18.3,18.5,18.7,18.9,19.2,19.4,19.7,18.6,18.6,18.8,19,19.1,19.4,19.3,19.4,19.6,19.5,19.5,19.4,19.5,19.5,19.6,19.5,19.3,19.1,19,18.9,18.9,19,18.9,18.8,18.8,18.7,18.7,18.6,18.5,18.2,18,17.8,17.4,17.3,17.3,17.4,17.6,17.5,17.6,17.9,18.4,18.7,19,19,19.1,18.8,18.5,18.2,18,17.9,17.8,17.7,17.6,17.3,17.1,17,16.7,16.6,16.3,16.1,16,16.1,16,15.7,15.4,15,14.6,14.3,14,13.7,13.4,13.3,13.1,12.8,12.6,12.4,12.1,11.7,11.4,11.2,11.3,11.3,11.4,11.5,11.5,11.3,10.9,10.6,10.5,10.4,10.3,10.2,10.2,10.2,9.9,9.4,9,8.8,8.7,8.9,9.1,9.9,10.3,10.8,11.2,11.6,12,12.3,12.6,13.1,13.4,13.8,14.2,14.9,14.9,14.9,14.8,14.7,14.5,14.3,14.2,14.2,14,13.9,13.8,13.8,13.7,13.7,13.6,13.6,13.4,13.3,13.3,13.5,13.7,13.8,13.8,13.8,13.8,13.8,13.9,13.8,13.7,13.8,13.9,13.8,14,14.2,14.3,14.3,14.3,14.3,14.3,14.3,14.3,14.1,14,14,14,14,13.9,13.8,13.8,13.7,13.5,13.4,13.2,13.1,12.9,12.6,12.5,12.5,12.4,12.3,12.1,11.9,11.7,11.5,11.5,11.4,11.3,11.2,11,10.9,10.7,10.4,10.3,10.1,10,9.8,9.7,9.6,9.5,9.4,9.2,9,8.8,8.6,8.5,8.4,8.4,8.3,8,7.9,7.8,7.8,7.8,7.7,7.5,7.2,7,6.9,6.8,6.7,6.6,6.4,6.3,6.2,6.1,6.1,5.9,5.8,5.8,5.7,5.6,5.7,5.7,5.7,5.7,5.8,5.7,5.7,5.7,5.9,6,5.9,6.4,6.6,6.7,7,7.1,7,7,7,7,7.1,7.1,7.1,7,6.9,6.9,6.8,6.8,6.6,6.5,6.4,6.4,6.4,6.4,6.3,6.3,6.3,6.2,6.1,6,6,6,6.1,6.1,6.1,6.1,6.1,6.1,6,
Slovenia,SVN,,,,,,,,,,,,,,,,,,,,,,,,,,,,,,,,,,,,,,,,,,,,,,,,,,,,,,,,,,,,,,,,,,,,,,,,,,,,,,,,,,,,,,,,,,,,,,,,,,,,,,,,,,,,,,,,,,,,,,,,,,,,,,,,,,,,,,,,,,,,,,,,,,,,,,,,,,,,,,,,,,,,,,,,,,,,,,,,,,,,,,,,,,,,,,,,,,,,,,,,,,,,,,,,,,,,,,,,,,,,,,,,,,,,,,,,,,,,,,,,,,,,,,,,,,,,,,,,,,,,,,,,,,,,,,,,,,,,,7.2,7.1,7,7,7,6.9,6.8,6.7,6.8,6.8,6.8,6.8,6.8,6.7,6.7,6.7,6.8,6.9,7,7.1,7.1,7.1,7.1,7.2,7.3,7.3,7.4,7.4,7.4,7.4,7.4,7.4,7.4,7.4,7.4,7.4,7.3,7.2,7.2,7.5,7.5,7.6,7.6,7.6,7.6,7.5,7.4,7.1,6.8,6.8,6.8,7.1,7.2,7.2,7,6.8,6.6,6.3,6.2,6.2,6.1,6,6.1,6,5.9,5.9,5.9,6,6.3,6.5,6.8,6.8,6.7,6.6,6.4,6.3,6.3,6.1,6.1,6.3,6.3,6.2,6.4,6.4,6.5,6.7,6.8,6.8,6.8,6.8,6.8,6.8,6.8,6.6,6.5,6.5,6.5,6.5,6.5,6.4,6.4,6.2,6.1,6.2,6.2,6.3,6.2,6.4,6.4,6.5,6.4,6.1,6,6,6.3,6.5,6.9,7.1,7.2,7,6.7,6.5,6.4,6.3,6.2,6,5.9,5.7,5.6,5.5,5.5,5.4,5.4,5.3,5.1,4.9,4.8,4.8,4.7,4.6,4.5,4.6,4.7,4.7,4.8,4.7,4.6,4.4,4.4,4.3,4.3,4.3,4.2,4.2,4.3,4.3,4.8,5,5.2,5.4,5.6,5.9,6.2,6.3,6.4,6.5,6.5,6.4,6.5,6.7,6.9,7.2,7.3,7.3,7.1,7.2,7.3,7.6,7.8,8.1,8,8,8,8,7.9,7.9,8,7.9,8.3,8.7,8.9,8.7,8.3,8.1,7.9,8.1,8.4,8.7,9.3,9.4,9.5,9.5,9.4,9.8,10.2,10.5,10.7,10.8,10.6,10.2,9.9,9.7,9.6,9.6,9.7,9.9,10.2,10.2,10.1,9.6,9.5,9.4,9.4,9.5,9.6,9.6,9.6,9.6,9.3,9.2,9.2,9.4,9.5,9.4,9.1,8.8,8.6,8.5,8.4,8.5,8.4,8.3,8.3,8.1,8,7.9,7.5,7.5,7.6,8,8.2,8.1,7.7,7.3,6.9,6.7,6.6,6.6,6.5,6.4,6.3,6,5.8,5.7,5.6,5.6,5.5,5.4,5.3,5.3,5.2,5.1,4.9,4.6,4.5,4.4,4.6,4.6,4.5,4.3,4.3,4.4,4.8,4.8,4.7,4.3,4.1,4,4.1,4.3,4.5,5.3,5.4,5.4,5.1,5.1,5,5.1,5.2,5.4,5.5,5.4,5.1,4.8,4.5,4.4,4.4,4.5,4.6,4.7,4.7,4.5,4.1,4,4.1,4.4,4.5,4.4,4.1,4,3.8,3.7,3.6,3.5,3.5,3.6,3.6,3.6,3.6,
Spain,ESP,,,,,,,,,,,,,,,,,,,,,,,,,,,,,,,,,,,,,,,,,,,,,,,,,,,,,,,,,,,,,,,,,,,,,,,,,,,,,,,,,,,,,,,,,,,,,,,,,,,,,,,,,,,,,,,,,,,,,,,,,,,,,,,,,,,,,,,,,,,,,,,,,,,,,,,,,,,,,,,,20.6,20.5,20.4,20.4,20.3,20.3,20.2,20.3,20.2,20.2,20.1,19.9,19.8,19.7,19.6,19.7,19.7,19.7,19.5,19.4,19.4,19.3,19.2,19.1,19.1,19.1,19,18.9,18.7,18.4,18,17.7,17.6,17.5,17.3,17.1,16.9,16.7,16.4,16.2,16.2,16,16.1,16.1,16.1,15.9,15.8,15.6,15.6,15.6,15.5,15.3,15.3,15.3,15.3,15.3,15.3,15.1,15.1,15.1,15.2,15.3,15.4,15.6,15.8,15.9,15.9,15.9,15.9,16,16.1,16.3,16.4,16.5,16.7,16.9,17.2,17.5,18,18.4,18.8,19.2,19.5,20,20.2,20.4,20.9,21.3,21.4,21.5,21.7,21.9,22,22.2,22.3,22.2,22.2,22.2,22.2,22.1,22,22,21.8,21.8,21.6,21.4,21.2,20.9,20.6,20.5,20.6,20.7,20.8,20.9,20.7,20.7,20.5,20.4,20.3,20.3,20.1,20.1,20.2,20.1,19.8,19.7,19.5,19.3,19.1,18.8,18.7,18.6,18.6,18.7,18.8,18.6,18.3,18.3,18,17.8,17.6,17.1,16.7,16.7,16.6,16.6,16.8,16.6,16.4,16.3,16,15.7,15.4,14.8,14.3,13.9,13.6,13.5,13.5,13.5,13.5,13.4,13.2,13.1,12.9,12.8,12.4,12.2,12,11.9,11.9,11.9,11.8,11.7,11.7,11.5,11.2,10.8,10.7,10.5,10.4,10.6,10.5,10.5,10.6,10.5,10.5,10.6,10.7,11.1,11.5,11.2,11.2,11.2,11.4,11.7,11.8,11.7,11.6,11.6,11.6,11.7,11.7,11.6,11.4,11.3,11.5,11.6,11.5,11.5,11.4,11.3,11.4,11.3,11.2,11.1,11.2,11.2,11.2,11,11,10.9,10.7,10.6,10.3,10.1,9.9,9.7,9.7,9.4,9.1,8.8,8.6,8.5,8.6,8.7,8.8,8.8,8.7,8.7,8.6,8.5,8.4,8.3,8.3,8.2,8.2,8.3,8.3,8.3,8.2,8.1,8,7.9,8,8.1,8.3,8.3,8.4,8.6,8.8,9.1,9.3,9.5,10,10.4,10.8,11.1,11.5,12,12.9,13.8,14.8,15.9,16.8,17.5,17.8,17.9,17.9,18,18.2,18.4,18.6,18.7,18.9,19.1,19.2,19.4,19.8,20,20.1,19.9,20,20.1,20.1,20.2,20.4,20.4,20.5,20.6,20.6,20.7,21,21.4,21.7,22.1,22.4,22.6,22.9,23.3,23.6,23.9,24.2,24.6,24.7,25,25.2,25.4,25.7,25.9,26,26.3,26.4,26.4,26.3,26.2,26.1,26.1,26.1,26,26,25.9,25.6,25.6,25.3,25.2,24.8,24.6,24.3,24.3,24.1,23.9,23.9,23.8,23.7,23.5,23.2,23,22.7,22.5,22.2,21.8,21.6,21.4,21.2,20.9,20.8,20.6,20.5,20.3,20.3,20.1,19.9,19.5,19.3,19.1,18.8,18.8,18.6,18.4,18.2,18,17.6,17.4,17.1,16.8,16.7,16.6,16.6,16.6,16.6,16.5,16.3,16,15.7,15.5,15.2,15,14.8,14.7,14.6,14.5,14.4,14.3,14.2,14.2,14.2,14.2,14.2,14.2,14.1,14,13.9,13.9,13.8,13.9,13.6,14.5,15.3,15.5,15.9,16.2,16.5,16.4,16.3,16.2,16.2,15.8,15.6,15.3,15.5,15.5,15.4,15.1,14.7,14.2,13.7,13.4,13.3,13.3,13.2,13.2,12.9,12.6,12.6,12.6,12.7,12.9,12.9,13,13,12.9,12.9,12.8,12.6,12.7,
Sweden,SWE,,,,,,,,,,,,,,,,,,,,,,,,,,,,,,,,,,,,,,,,,,,,,,,,,,,,,,,,,,,,,,,,,,,,,,,,,,,,,,,,,,,,,,,,,,,,,,,,,,,,,,,,,,,,,,,,,,,,,,,,,3.4,3.7,3.7,3.4,3.7,3.9,3.7,3.8,3.8,3.7,3.7,3.6,3.7,3.4,3.3,3.5,3.3,3.2,3.3,3.2,2.9,3.3,3,2.9,3.1,2.9,3,3,3,2.9,2.8,2.8,2.8,2.6,2.7,2.8,2.7,2.9,2.9,2.6,2.8,2.6,2.5,2.6,2.6,2.6,2.7,2.6,2.3,2.4,2.4,2.3,2.3,2.3,2.2,2.4,1.9,2,1.9,1.8,2,1.8,1.9,1.8,1.9,1.8,1.9,1.8,1.8,1.8,1.7,1.4,1.5,1.7,1.6,1.6,1.6,1.5,1.3,1.5,1.5,1.7,1.5,1.5,1.5,1.4,1.4,1.4,1.7,1.5,1.7,1.7,1.9,2,2.3,2.2,2.2,2.5,2.6,2.7,2.7,2.8,3.2,3.4,3.5,3.7,3.8,4.1,4.3,4.6,4.8,5,5.4,5.4,5.8,6,6.1,6.3,6.5,6.7,7.5,7.6,8,8.6,8.7,9.8,9.7,9.5,9.7,9.8,9.8,9.8,9.9,9.8,9.5,9.3,9.2,9.6,9.4,9.3,9,9,9,9,9,8.8,8.7,8.8,8.6,8.7,8.6,8.7,8.7,8.9,9,9,8.7,9.2,9.1,9.4,9.5,9.6,9.5,9.9,9.8,9.8,9.9,10.1,10,10.4,10.4,10.2,10.2,10.5,10.1,9.6,9.5,9.4,9.2,8.8,8.8,8.8,8.4,8.7,8.9,8.2,8.3,8.1,7.6,7.4,7.6,7.4,7.3,7,7,6.9,6.7,6.7,6.6,6.7,6.6,6.4,6.3,6.3,6.2,6.1,5.9,5.9,5.6,5.8,5.6,5.5,5.2,5.2,5.2,4.9,6,5.9,5.8,5.7,5.7,5.7,5.9,5.8,5.8,6.2,5.8,5.9,5.8,5.8,5.8,6,5.8,5.6,6.1,5.9,6.2,6,6.2,6.3,6.4,6,6.3,6.3,6.3,6.4,6.5,6.9,6.5,6.9,7.3,7,7,7.6,7.4,7.1,7.6,7.4,7.2,7.3,7.8,7.1,7.5,7.5,7,7.8,7.3,7.8,8.1,8.4,8.3,8,7.6,8.2,7.4,7.9,8.1,7.3,7.6,8,7.4,7.2,7.2,7.2,6.9,6.8,6.8,6.6,6.7,6.4,6.7,6.3,6.1,6.4,6,6.2,6.3,6.4,6.1,6.2,6.2,6,6,5.8,6,6.8,6.4,6.1,6.6,6.5,7.2,7,7,7.9,8,8,9.1,8.6,8.6,9,9,8.9,8.9,9.2,9.3,9.1,9,9.5,9,8.4,8.9,8.6,8.6,8.5,8.2,8.2,8.2,7.9,8.1,7.8,8,8.1,7.9,7.9,7.7,8,7.9,8,8.1,8,7.7,7.7,8.4,8,8.2,8.3,8.3,8.2,8.6,8.3,8.1,8.2,8.5,8.4,8,8.2,8.1,8.2,8.3,8,8.2,8.2,8.3,8.2,8.3,8.3,7.8,8.3,8,8.2,7.9,8.2,8.1,7.7,8,8.1,7.7,8,7.8,7.7,7.3,7.1,7.5,7.4,7.1,7.4,7.2,7.3,7.5,6.9,7.4,6.9,7,7.3,6.9,7.1,7,7.1,7,7.1,6.6,7,6.9,6.7,7.1,6.6,7,7,6.6,6.8,6.8,5.9,6.3,6.6,6.1,6.6,6.6,6.5,6.7,6.6,6.7,6.8,6.4,7,7.5,6.6,6.7,6.5,7.3,7.3,6.9,7,7.7,6.9,7.4,7.8,6.8,8.1,8.5,9.2,9.5,9.3,9.1,8.8,8.6,9.2,9,9.1,9.5,9,9,9.4,8.5,8.9,8.8,8.3,8.3,7.9,8,7.2,7.7,7.8,7.7,7.6,7,7,7.1,7.7,7.2,7.5,7.3,7.6,7.2,7.1,7.1,
Turkey,TUR,,,,,,,,,,,,,,,,,,,,,,,,,,,,,,,,,,,,,,,,,,,,,,,,,,,,,,,,,,,,,,,,,,,,,,,,,,,,,,,,,,,,,,,,,,,,,,,,,,,,,,,,,,,,,,,,,,,,,,,,,,,,,,,,,,,,,,,,,,,,,,,,,,,,,,,,,,,,,,,,,,,,,,,,,,,,,,,,,,,,,,,,,,,,,,,,,,,,,,,,,,,,,,,,,,,,,,,,,,,,,,,,,,,,,,,,,,,,,,,,,,,,,,,,,,,,,,,,,,,,,,,,,,,,,,,,,,,,,,,,,,,,,,,,,,,,,,,,,,,,,,,,,,,,,,,,,,,,,,,,,,,,,,,,,,,,,,,,,,,,,,,,,,,,,,,,,,,,,,,,,,,,,,,,,,,,,,,,,,,,,,,,,9.3,9.1,9.3,9.5,9.7,9.6,9.5,9.4,9.6,9.7,9.7,9.7,9.6,9.6,9.3,9.3,8.8,9,9,9,8.8,8.7,8.7,8.9,8.8,9,8.9,9.2,9.2,9.2,9.1,9.2,9.3,9.5,9.4,9.3,9.3,9.5,9.4,9.2,9.2,9.6,9.9,9.8,10.2,10.6,11.5,12,12.6,13,13.7,14,13.8,13.4,13.1,13.2,12.9,12.5,12.2,12,12.2,12,12,11.5,11.2,10.9,10.7,11,10.9,10.7,10.2,10.1,9.9,9.6,9.5,9.5,9.6,9.5,9.2,8.8,8.4,8.5,8.4,8.5,8.4,8.6,8.6,8.5,8.3,8,8.1,8.2,8.4,8.4,8.6,8.8,8.8,8.8,9,9.1,9,8.9,9.1,9.2,9.3,9.1,9.2,9.1,9.2,9.5,9.5,9.7,9.7,9.7,9.9,10.2,10.1,10.4,10.5,10.3,10.5,10.7,10.5,10.5,10.2,10.2,10.1,10.1,10.2,10.2,10.2,10.4,10.2,10.1,10.2,10.1,10.3,10.7,11.1,11.1,11.6,11.5,11.6,12.1,12,11.9,11.9,11.6,11.1,11,10.6,10.5,10.3,10.3,10.1,9.9,9.8,10,10,10.2,10.6,10.7,10.8,11.2,11.5,11.6,12.2,12.7,13.6,13.8,13.9,13.8,13.7,13.7,13.9,14.1,14.1,13.5,13.3,13.4,13,12.6,13,13.5,13.6,13.7,14.2,12.9,12.6,13.1,13,12.6,12.5,13.3,12.8,13.3,13.3,11.1,11.6,11.9,11.3,11,11.1,11,11.2,10.8,11.1,10.8,10.8,10.4,10.2,9.8,10,10.1,10.1,10.2,9.7,10.1,10,10,9.5,
United Kingdom,GBR,,,,,,,,,,,,,,,,,,,,,,,,,,,,,,,,,,,,,,,,,,,,,,,,,,,,,,,,,,,,,,,,,,,,,,,,,,,,,,,,,,,,,,,,,,,,,,,,,,,,,,,,,,,,,,,,,,,,,,,,,10.7,10.8,10.8,11,10.9,11,10.9,10.9,10.9,10.8,10.8,10.8,10.7,10.8,10.7,10.7,10.7,10.8,10.9,10.9,11,11,11.1,11.1,11.2,11.2,11.2,11.3,11.3,11.2,11.2,11.2,11.2,11.2,11.1,11.2,11.2,11.1,11.2,11.3,11.3,11.3,11.3,11.3,11.3,11.2,11.2,11.2,11.1,11,10.9,10.8,10.6,10.5,10.3,10.1,10,9.8,9.6,9.4,9.2,9.1,8.9,8.8,8.7,8.5,8.4,8.3,8.4,8,7.9,7.7,7.6,7.5,7.4,7.2,7.1,7,7,7,6.9,6.8,6.8,6.8,6.8,6.8,6.7,6.8,6.7,6.7,6.8,6.8,6.9,7,7.1,7.4,7.5,7.7,8.1,8.3,8.5,8.6,8.8,9,9,9,9.1,9.2,9.3,9.3,9.3,9.8,9.8,9.9,9.9,9.9,10.1,10.2,10.4,10.5,10.7,10.6,10.6,10.5,10.4,10.4,10.3,10.2,10.3,10.2,10.3,10.3,10.1,9.9,9.8,9.7,9.7,9.6,9.5,9.4,9.3,9.1,9,8.9,8.9,8.9,8.8,8.8,8.7,8.7,8.6,8.6,8.6,8.6,8.3,8.4,8.3,8.2,8.3,8.3,8.3,8.2,8.1,8.1,8.1,8,7.8,7.7,7.5,7.3,7.2,7.2,7.2,7.3,7.1,6.8,6.7,6.6,6.5,6.4,6.4,6.4,6.3,6.3,6.3,6.3,6.3,6.2,6.2,6.2,6.1,6.2,6.2,6.2,6.2,6.1,6,6,5.9,5.9,5.8,5.8,5.8,5.9,5.8,5.8,5.7,5.6,5.5,5.3,5.3,5.3,5.4,5.3,5.2,5.2,5.2,5.1,5,4.9,5,5,5.1,5.1,5.1,5.1,5.2,5.2,5.1,5.2,5.2,5.2,5.2,5.2,5.2,5.3,5.2,5.2,5.1,5,5.1,5.2,5.1,5,4.9,5.1,5.1,5,5,4.9,4.9,4.8,4.8,4.8,4.8,4.8,4.8,4.8,4.7,4.7,4.7,4.7,4.7,4.7,4.8,4.7,4.7,4.8,4.8,4.7,4.7,4.7,4.9,5.1,5.1,5.1,5.2,5.2,5.3,5.4,5.5,5.5,5.5,5.5,5.5,5.4,5.5,5.5,5.5,5.5,5.5,5.4,5.4,5.3,5.3,5.3,5.2,5.2,5.2,5.2,5.2,5.2,5.3,5.2,5.4,5.5,5.7,5.9,6,6.2,6.4,6.5,6.7,7.1,7.3,7.6,7.8,7.9,7.9,7.8,7.9,7.8,7.8,7.7,7.9,8,8,7.9,7.9,7.8,7.8,7.8,7.9,7.9,7.9,7.9,7.8,7.8,7.7,7.8,7.9,8,8.2,8.3,8.4,8.5,8.4,8.4,8.3,8.2,8.2,8.1,8,8,7.9,7.9,7.9,7.8,7.8,7.8,8,7.8,7.8,7.8,7.7,7.7,7.7,7.6,7.4,7.2,7.2,7.2,6.9,6.8,6.6,6.4,6.3,6.1,6,6,6,5.9,5.7,5.7,5.6,5.5,5.5,5.6,5.6,5.5,5.4,5.3,5.2,5.1,5.1,5.1,5.1,5.1,5,4.9,4.9,4.9,5,4.8,4.8,4.8,4.7,4.7,4.6,4.6,4.5,4.4,4.4,4.3,4.3,4.3,4.2,4.3,4.4,4.3,4.2,4.2,4.2,4.2,4,4,4,4.1,4.1,4,4,3.9,3.9,3.8,3.8,3.8,3.9,3.8,3.9,3.8,3.8,3.8,3.8,3.9,4,4,4.1,4.1,4.1,4.3,4.6,4.9,5.1,5.1,5.2,5.1,5.1,4.9,4.9,4.9,4.7,4.6,4.4,4.3,4.2,4.1,4,4,3.8,3.7,3.8,3.8,3.8,3.6,3.5,3.6,3.7,3.7,3.7,3.7,3.8,3.9,3.8,4,,
United States,USA,4.9,5,4.9,5,4.9,4.9,4.8,4.8,4.8,4.6,4.8,4.9,5.1,5.2,5.1,5.1,5.1,5.4,5.5,5.5,5.9,6,6.6,7.2,8.1,8.1,8.6,8.8,9,8.8,8.6,8.4,8.4,8.4,8.3,8.2,7.9,7.7,7.6,7.7,7.4,7.6,7.8,7.8,7.6,7.7,7.8,7.8,7.5,7.6,7.4,7.2,7,7.2,6.9,7,6.8,6.8,6.8,6.4,6.4,6.3,6.3,6.1,6,5.9,6.2,5.9,6,5.8,5.9,6,5.9,5.9,5.8,5.8,5.6,5.7,5.7,6,5.9,6,5.9,6,6.3,6.3,6.3,6.9,7.5,7.6,7.8,7.7,7.5,7.5,7.5,7.2,7.5,7.4,7.4,7.2,7.5,7.5,7.2,7.4,7.6,7.9,8.3,8.5,8.6,8.9,9,9.3,9.4,9.6,9.8,9.8,10.1,10.4,10.8,10.8,10.4,10.4,10.3,10.2,10.1,10.1,9.4,9.5,9.2,8.8,8.5,8.3,8,7.8,7.8,7.7,7.4,7.2,7.5,7.5,7.3,7.4,7.2,7.3,7.3,7.2,7.2,7.3,7.2,7.4,7.4,7.1,7.1,7.1,7,7,6.7,7.2,7.2,7.1,7.2,7.2,7,6.9,7,7,6.9,6.6,6.6,6.6,6.6,6.3,6.3,6.2,6.1,6,5.9,6,5.8,5.7,5.7,5.7,5.7,5.4,5.6,5.4,5.4,5.6,5.4,5.4,5.3,5.3,5.4,5.2,5,5.2,5.2,5.3,5.2,5.2,5.3,5.3,5.4,5.4,5.4,5.3,5.2,5.4,5.4,5.2,5.5,5.7,5.9,5.9,6.2,6.3,6.4,6.6,6.8,6.7,6.9,6.9,6.8,6.9,6.9,7,7,7.3,7.3,7.4,7.4,7.4,7.6,7.8,7.7,7.6,7.6,7.3,7.4,7.4,7.3,7.1,7,7.1,7.1,7,6.9,6.8,6.7,6.8,6.6,6.5,6.6,6.6,6.5,6.4,6.1,6.1,6.1,6,5.9,5.8,5.6,5.5,5.6,5.4,5.4,5.8,5.6,5.6,5.7,5.7,5.6,5.5,5.6,5.6,5.6,5.5,5.5,5.6,5.6,5.3,5.5,5.1,5.2,5.2,5.4,5.4,5.3,5.2,5.2,5.1,4.9,5,4.9,4.8,4.9,4.7,4.6,4.7,4.6,4.6,4.7,4.3,4.4,4.5,4.5,4.5,4.6,4.5,4.4,4.4,4.3,4.4,4.2,4.3,4.2,4.3,4.3,4.2,4.2,4.1,4.1,4,4,4.1,4,3.8,4,4,4,4.1,3.9,3.9,3.9,3.9,4.2,4.2,4.3,4.4,4.3,4.5,4.6,4.9,5,5.3,5.5,5.7,5.7,5.7,5.7,5.9,5.8,5.8,5.8,5.7,5.7,5.7,5.9,6,5.8,5.9,5.9,6,6.1,6.3,6.2,6.1,6.1,6,5.8,5.7,5.7,5.6,5.8,5.6,5.6,5.6,5.5,5.4,5.4,5.5,5.4,5.4,5.3,5.4,5.2,5.2,5.1,5,5,4.9,5,5,5,4.9,4.7,4.8,4.7,4.7,4.6,4.6,4.7,4.7,4.5,4.4,4.5,4.4,4.6,4.5,4.4,4.5,4.4,4.6,4.7,4.6,4.7,4.7,4.7,5,5,4.9,5.1,5,5.4,5.6,5.8,6.1,6.1,6.5,6.8,7.3,7.8,8.3,8.7,9,9.4,9.5,9.5,9.6,9.8,10,9.9,9.9,9.8,9.8,9.9,9.9,9.6,9.4,9.4,9.5,9.5,9.4,9.8,9.3,9.1,9,9,9.1,9,9.1,9,9,9,8.8,8.6,8.5,8.3,8.3,8.2,8.2,8.2,8.2,8.2,8.1,7.8,7.8,7.7,7.9,8,7.7,7.5,7.6,7.5,7.5,7.3,7.2,7.2,7.2,6.9,6.7,6.6,6.7,6.7,6.2,6.3,6.1,6.2,6.1,5.9,5.7,5.8,5.6,5.7,5.5,5.4,5.4,5.6,5.3,5.2,5.1,5,5,5.1,5,4.8,4.9,5,5.1,4.8,4.9,4.8,4.9,5,4.9,4.7,4.7,4.7,4.6,4.4,4.4,4.4,4.3,4.3,4.4,4.3,4.2,4.2,4.1,4,4.1,4,4,3.8,4,3.8,3.8,3.7,3.8,3.8,3.9,4,3.8,3.8,3.6,3.7,3.6,3.7,3.7,3.5,3.6,3.6,3.6,3.5,3.5,4.4,14.7,13.2,11,10.2,8.4,7.9,6.9,6.7,6.7,6.3,6.2,6.1,6.1,5.8,5.9,5.4,5.2,4.8,4.5,4.2,3.9,4,3.8,3.6,3.6,3.6,3.6,3.5,3.7,3.5,3.7,3.6,3.5,3.4,3.6,3.5,3.4,3.7,3.6
