Exchange Date,Close
02-Jan-03,25.39
03-Jan-03,24.68
06-Jan-03,24.91
07-Jan-03,25.13
08-Jan-03,25.53
09-Jan-03,24.25
10-Jan-03,24.32
13-Jan-03,24.9
14-Jan-03,24.57
15-Jan-03,25.51
16-Jan-03,25.01
17-Jan-03,25.7
21-Jan-03,27.59
22-Jan-03,29.01
23-Jan-03,27.53
24-Jan-03,31.51
27-Jan-03,34.69
28-Jan-03,31.93
29-Jan-03,31.26
30-Jan-03,31.32
31-Jan-03,31.17
03-Feb-03,31.02
04-Feb-03,32.76
05-Feb-03,33.04
06-Feb-03,33.35
07-Feb-03,34.01
10-Feb-03,33.99
11-Feb-03,33.68
12-Feb-03,34.33
13-Feb-03,33.7
14-Feb-03,32.62
18-Feb-03,31.11
19-Feb-03,31.31
20-Feb-03,31.16
21-Feb-03,30.25
24-Feb-03,31.98
25-Feb-03,31.74
26-Feb-03,31.94
27-Feb-03,30.53
28-Feb-03,29.63
03-Mar-03,30.43
04-Mar-03,31.83
05-Mar-03,30.38
06-Mar-03,31.37
07-Mar-03,31.08
10-Mar-03,33.31
11-Mar-03,33.61
12-Mar-03,33.51
13-Mar-03,31.76
14-Mar-03,30.98
17-Mar-03,31.75
18-Mar-03,30.43
19-Mar-03,31.54
20-Mar-03,30.44
21-Mar-03,28.67
24-Mar-03,30.39
25-Mar-03,28.75
26-Mar-03,28.23
27-Mar-03,27.96
28-Mar-03,27.75
31-Mar-03,29.15
01-Apr-03,28.36
02-Apr-03,28.02
03-Apr-03,28.21
04-Apr-03,29.13
07-Apr-03,28.45
08-Apr-03,27.13
09-Apr-03,27.11
10-Apr-03,25.6
11-Apr-03,24.44
14-Apr-03,23.41
15-Apr-03,22.56
16-Apr-03,22.52
17-Apr-03,21.5
21-Apr-03,21.95
22-Apr-03,20.7
23-Apr-03,20.8
24-Apr-03,20.33
25-Apr-03,20.8
28-Apr-03,20.84
29-Apr-03,20.76
30-Apr-03,21.21
01-May-03,21.59
02-May-03,20.63
05-May-03,21.13
06-May-03,20.8
07-May-03,21
08-May-03,21.24
09-May-03,19.69
12-May-03,19.52
13-May-03,19.91
14-May-03,20
15-May-03,19.24
16-May-03,18.4
19-May-03,20.51
20-May-03,21.29
21-May-03,21.21
22-May-03,19.78
23-May-03,19.17
27-May-03,19.99
28-May-03,20.03
29-May-03,20.43
30-May-03,19.47
02-Jun-03,20.85
03-Jun-03,20.84
04-Jun-03,20.62
05-Jun-03,20.83
06-Jun-03,21.25
09-Jun-03,22.15
10-Jun-03,20.64
11-Jun-03,20.21
12-Jun-03,20.41
13-Jun-03,20.66
16-Jun-03,20.22
17-Jun-03,20.01
18-Jun-03,19.76
19-Jun-03,19.8
20-Jun-03,19.14
23-Jun-03,20.58
24-Jun-03,20.75
25-Jun-03,20.81
26-Jun-03,19.4
27-Jun-03,19.16
30-Jun-03,19.52
01-Jul-03,19.46
02-Jul-03,19.03
03-Jul-03,19.39
07-Jul-03,20.06
08-Jul-03,19.48
09-Jul-03,18.93
10-Jul-03,19.19
11-Jul-03,18.47
14-Jul-03,19.59
15-Jul-03,19.55
16-Jul-03,19.76
17-Jul-03,20.22
18-Jul-03,19.11
21-Jul-03,19.78
22-Jul-03,19.17
23-Jul-03,18.64
24-Jul-03,18.6
25-Jul-03,17.75
28-Jul-03,18.36
29-Jul-03,18.67
30-Jul-03,18.85
31-Jul-03,19.49
01-Aug-03,20.75
04-Aug-03,21.27
05-Aug-03,22.68
06-Aug-03,21.5
07-Aug-03,20.26
08-Aug-03,19.59
11-Aug-03,19.75
12-Aug-03,17.94
13-Aug-03,18.77
14-Aug-03,18.47
15-Aug-03,18.27
18-Aug-03,18.18
19-Aug-03,17.86
20-Aug-03,17.82
21-Aug-03,17.84
22-Aug-03,18.55
25-Aug-03,19.53
26-Aug-03,19.49
27-Aug-03,19.13
28-Aug-03,18.48
29-Aug-03,18.63
02-Sep-03,19.02
03-Sep-03,19.44
04-Sep-03,18.71
05-Sep-03,18.17
08-Sep-03,18.26
09-Sep-03,18.85
10-Sep-03,20.01
11-Sep-03,19.25
12-Sep-03,18.68
15-Sep-03,19.28
16-Sep-03,18.03
17-Sep-03,18.15
18-Sep-03,17.57
19-Sep-03,17.54
22-Sep-03,19.65
23-Sep-03,19.47
24-Sep-03,21.22
25-Sep-03,22.26
26-Sep-03,22.23
29-Sep-03,21.67
30-Sep-03,22.72
01-Oct-03,21.07
02-Oct-03,20.8
03-Oct-03,19.5
06-Oct-03,19.51
07-Oct-03,19.41
08-Oct-03,19.18
09-Oct-03,18.82
10-Oct-03,18.45
13-Oct-03,17.55
14-Oct-03,17.37
15-Oct-03,17.69
16-Oct-03,17.19
17-Oct-03,17.62
20-Oct-03,17.04
21-Oct-03,16.55
22-Oct-03,17.67
23-Oct-03,17.68
24-Oct-03,17.71
27-Oct-03,18.05
28-Oct-03,16.82
29-Oct-03,16.43
30-Oct-03,16.33
31-Oct-03,16.1
03-Nov-03,16.55
04-Nov-03,16.55
05-Nov-03,16.86
06-Nov-03,16.74
07-Nov-03,16.93
10-Nov-03,17.62
11-Nov-03,17.54
12-Nov-03,16.75
13-Nov-03,16.47
14-Nov-03,16.94
17-Nov-03,18.6
18-Nov-03,19.11
19-Nov-03,18.8
20-Nov-03,19.48
21-Nov-03,18.98
24-Nov-03,17.44
25-Nov-03,16.71
26-Nov-03,16.23
28-Nov-03,16.32
01-Dec-03,16.77
02-Dec-03,16.27
03-Dec-03,16.63
04-Dec-03,16.3
05-Dec-03,17.09
08-Dec-03,16.54
09-Dec-03,17.63
10-Dec-03,17.87
11-Dec-03,16.73
12-Dec-03,16.41
15-Dec-03,17.23
16-Dec-03,15.93
17-Dec-03,15.58
18-Dec-03,16.16
19-Dec-03,16.42
22-Dec-03,16.94
23-Dec-03,16.49
24-Dec-03,16.66
26-Dec-03,17.45
29-Dec-03,17.09
30-Dec-03,17.68
31-Dec-03,18.31
02-Jan-04,18.22
05-Jan-04,17.49
06-Jan-04,16.73
07-Jan-04,15.5
08-Jan-04,15.61
09-Jan-04,16.75
12-Jan-04,16.82
13-Jan-04,18.04
14-Jan-04,16.75
15-Jan-04,15.56
16-Jan-04,15
20-Jan-04,15.21
21-Jan-04,14.34
22-Jan-04,14.71
23-Jan-04,14.84
26-Jan-04,14.55
27-Jan-04,15.35
28-Jan-04,16.78
29-Jan-04,17.14
30-Jan-04,16.63
02-Feb-04,17.11
03-Feb-04,17.34
04-Feb-04,17.87
05-Feb-04,17.71
06-Feb-04,16
09-Feb-04,16.39
10-Feb-04,15.94
11-Feb-04,15.39
12-Feb-04,15.31
13-Feb-04,15.58
17-Feb-04,15.4
18-Feb-04,15.59
19-Feb-04,15.8
20-Feb-04,16.04
23-Feb-04,16.29
24-Feb-04,15.9
25-Feb-04,14.93
26-Feb-04,14.83
27-Feb-04,14.55
01-Mar-04,14.44
02-Mar-04,14.86
03-Mar-04,14.55
04-Mar-04,14.4
05-Mar-04,14.48
08-Mar-04,15.79
09-Mar-04,16.6
10-Mar-04,18.67
11-Mar-04,20.67
12-Mar-04,18.3
15-Mar-04,21.13
16-Mar-04,20.34
17-Mar-04,18.11
18-Mar-04,18.53
19-Mar-04,19.15
22-Mar-04,21.58
23-Mar-04,20.67
24-Mar-04,19.81
25-Mar-04,17.88
26-Mar-04,17.33
29-Mar-04,16.5
30-Mar-04,16.28
31-Mar-04,16.74
01-Apr-04,16.65
02-Apr-04,15.64
05-Apr-04,14.97
06-Apr-04,15.32
07-Apr-04,15.76
08-Apr-04,16.26
12-Apr-04,15.28
13-Apr-04,17.26
14-Apr-04,15.62
15-Apr-04,15.74
16-Apr-04,14.94
19-Apr-04,15.42
20-Apr-04,16.67
21-Apr-04,15.6
22-Apr-04,14.61
23-Apr-04,14.01
26-Apr-04,14.77
27-Apr-04,15.07
28-Apr-04,16.29
29-Apr-04,16.6
30-Apr-04,17.19
03-May-04,16.62
04-May-04,16.55
05-May-04,15.77
06-May-04,17.05
07-May-04,18.13
10-May-04,19.77
11-May-04,18.57
12-May-04,18.14
13-May-04,18.86
14-May-04,18.47
17-May-04,19.96
18-May-04,19.33
19-May-04,18.93
20-May-04,18.67
21-May-04,18.49
24-May-04,18.08
25-May-04,15.96
26-May-04,15.97
27-May-04,15.28
28-May-04,15.5
01-Jun-04,16.3
02-Jun-04,16.08
03-Jun-04,17.03
04-Jun-04,16.78
07-Jun-04,15.39
08-Jun-04,15.01
09-Jun-04,15.39
10-Jun-04,15.04
11-Jun-04,15.04
14-Jun-04,16.07
15-Jun-04,15.05
16-Jun-04,14.79
17-Jun-04,15.15
18-Jun-04,14.99
21-Jun-04,15.26
22-Jun-04,14.31
23-Jun-04,13.98
24-Jun-04,14.81
25-Jun-04,15.19
28-Jun-04,16.07
29-Jun-04,15.47
30-Jun-04,14.34
01-Jul-04,15.2
02-Jul-04,15.08
06-Jul-04,16.25
07-Jul-04,15.81
08-Jul-04,16.2
09-Jul-04,15.78
12-Jul-04,14.96
13-Jul-04,14.46
14-Jul-04,13.76
15-Jul-04,14.71
16-Jul-04,14.34
19-Jul-04,15.17
20-Jul-04,14.17
21-Jul-04,16.41
22-Jul-04,15.75
23-Jul-04,16.5
26-Jul-04,17.3
27-Jul-04,16.55
28-Jul-04,16.15
29-Jul-04,15.68
30-Jul-04,15.32
02-Aug-04,15.37
03-Aug-04,16.03
04-Aug-04,16.21
05-Aug-04,18.32
06-Aug-04,19.34
09-Aug-04,18.89
10-Aug-04,17.47
11-Aug-04,18.04
12-Aug-04,19.08
13-Aug-04,17.98
16-Aug-04,17.57
17-Aug-04,17.02
18-Aug-04,16.23
19-Aug-04,16.96
20-Aug-04,16
23-Aug-04,15.88
24-Aug-04,15.33
25-Aug-04,14.98
26-Aug-04,14.91
27-Aug-04,14.71
30-Aug-04,15.44
31-Aug-04,15.29
01-Sep-04,14.91
02-Sep-04,14.28
03-Sep-04,13.91
07-Sep-04,14.07
08-Sep-04,14.06
09-Sep-04,14.01
10-Sep-04,14.01
13-Sep-04,13.17
14-Sep-04,13.56
15-Sep-04,14.64
16-Sep-04,14.39
17-Sep-04,14.03
20-Sep-04,14.43
21-Sep-04,13.66
22-Sep-04,14.74
23-Sep-04,14.8
24-Sep-04,14.28
27-Sep-04,14.62
28-Sep-04,13.83
29-Sep-04,13.21
30-Sep-04,13.34
01-Oct-04,12.75
04-Oct-04,13.41
05-Oct-04,13.95
06-Oct-04,13.28
07-Oct-04,14.5
08-Oct-04,15.05
11-Oct-04,14.71
12-Oct-04,15.05
13-Oct-04,15.42
14-Oct-04,16.43
15-Oct-04,15.04
18-Oct-04,14.71
19-Oct-04,15.13
20-Oct-04,14.85
21-Oct-04,14.54
22-Oct-04,15.28
25-Oct-04,16.58
26-Oct-04,16.39
27-Oct-04,15.72
28-Oct-04,15.39
29-Oct-04,16.27
01-Nov-04,16.27
02-Nov-04,16.18
03-Nov-04,14.04
04-Nov-04,13.97
05-Nov-04,13.84
08-Nov-04,13.8
09-Nov-04,13.61
10-Nov-04,13.08
11-Nov-04,13.04
12-Nov-04,13.33
15-Nov-04,13.38
16-Nov-04,13.21
17-Nov-04,13.21
18-Nov-04,12.98
19-Nov-04,13.5
22-Nov-04,12.97
23-Nov-04,12.67
24-Nov-04,12.72
26-Nov-04,12.79
29-Nov-04,13.3
30-Nov-04,13.24
01-Dec-04,12.97
02-Dec-04,12.98
03-Dec-04,12.96
06-Dec-04,13.19
07-Dec-04,13.67
08-Dec-04,13.19
09-Dec-04,12.88
10-Dec-04,12.76
13-Dec-04,12.54
14-Dec-04,12.73
15-Dec-04,12.35
16-Dec-04,12.27
17-Dec-04,11.95
20-Dec-04,11.83
21-Dec-04,11.55
22-Dec-04,11.45
23-Dec-04,11.23
27-Dec-04,12.14
28-Dec-04,12
29-Dec-04,11.62
30-Dec-04,12.56
31-Dec-04,13.29
03-Jan-05,14.08
04-Jan-05,13.98
05-Jan-05,14.09
06-Jan-05,13.58
07-Jan-05,13.49
10-Jan-05,13.23
11-Jan-05,13.19
12-Jan-05,12.56
13-Jan-05,12.84
14-Jan-05,12.43
18-Jan-05,12.47
19-Jan-05,13.18
20-Jan-05,13.83
21-Jan-05,14.36
24-Jan-05,14.65
25-Jan-05,14.06
26-Jan-05,13.44
27-Jan-05,13.24
28-Jan-05,13.24
31-Jan-05,12.82
01-Feb-05,12.03
02-Feb-05,11.66
03-Feb-05,11.79
04-Feb-05,11.21
07-Feb-05,11.73
08-Feb-05,11.6
09-Feb-05,12
10-Feb-05,11.51
11-Feb-05,11.43
14-Feb-05,11.52
15-Feb-05,11.27
16-Feb-05,11.1
17-Feb-05,11.77
18-Feb-05,11.18
22-Feb-05,13.14
23-Feb-05,12.39
24-Feb-05,11.57
25-Feb-05,11.49
28-Feb-05,12.08
01-Mar-05,12.04
02-Mar-05,12.5
03-Mar-05,12.93
04-Mar-05,11.94
07-Mar-05,12.26
08-Mar-05,12.4
09-Mar-05,12.7
10-Mar-05,12.49
11-Mar-05,12.8
14-Mar-05,12.39
15-Mar-05,13.15
16-Mar-05,13.49
17-Mar-05,13.29
18-Mar-05,13.14
21-Mar-05,13.61
22-Mar-05,14.27
23-Mar-05,14.06
24-Mar-05,13.42
28-Mar-05,13.75
29-Mar-05,14.49
30-Mar-05,13.64
31-Mar-05,14.02
01-Apr-05,14.09
04-Apr-05,14.11
05-Apr-05,13.68
06-Apr-05,13.15
07-Apr-05,12.33
08-Apr-05,12.62
11-Apr-05,11.98
12-Apr-05,11.3
13-Apr-05,13.31
14-Apr-05,14.53
15-Apr-05,17.74
18-Apr-05,16.56
19-Apr-05,14.96
20-Apr-05,16.92
21-Apr-05,14.41
22-Apr-05,15.38
25-Apr-05,14.62
26-Apr-05,14.91
27-Apr-05,14.87
28-Apr-05,16.86
29-Apr-05,15.31
02-May-05,15.12
03-May-05,14.53
04-May-05,13.85
05-May-05,13.98
06-May-05,14.05
09-May-05,13.75
10-May-05,14.91
11-May-05,14.45
12-May-05,16.12
13-May-05,16.32
16-May-05,15.68
17-May-05,14.57
18-May-05,13.63
19-May-05,13.32
20-May-05,13.14
23-May-05,12.95
24-May-05,12.69
25-May-05,12.58
26-May-05,12.24
27-May-05,12.15
31-May-05,13.29
01-Jun-05,12.36
02-Jun-05,11.84
03-Jun-05,12.15
06-Jun-05,12.28
07-Jun-05,12.39
08-Jun-05,12.7
09-Jun-05,12.08
10-Jun-05,11.96
13-Jun-05,11.65
14-Jun-05,11.79
15-Jun-05,11.46
16-Jun-05,11.15
17-Jun-05,11.48
20-Jun-05,11.47
21-Jun-05,11.08
22-Jun-05,11.05
23-Jun-05,12.13
24-Jun-05,12.18
27-Jun-05,12.52
28-Jun-05,11.58
29-Jun-05,11.77
30-Jun-05,12.04
01-Jul-05,11.4
05-Jul-05,11.68
06-Jul-05,12.27
07-Jul-05,12.49
08-Jul-05,11.45
11-Jul-05,11.28
12-Jul-05,10.95
13-Jul-05,10.84
14-Jul-05,10.81
15-Jul-05,10.33
18-Jul-05,10.77
19-Jul-05,10.45
20-Jul-05,10.23
21-Jul-05,10.97
22-Jul-05,10.52
25-Jul-05,11.1
26-Jul-05,10.99
27-Jul-05,10.36
28-Jul-05,10.52
29-Jul-05,11.57
01-Aug-05,12.08
02-Aug-05,11.75
03-Aug-05,11.83
04-Aug-05,12.52
05-Aug-05,12.48
08-Aug-05,13.21
09-Aug-05,12.4
10-Aug-05,12.38
11-Aug-05,12.42
12-Aug-05,12.74
15-Aug-05,12.26
16-Aug-05,13.52
17-Aug-05,13.3
18-Aug-05,13.42
19-Aug-05,13.42
22-Aug-05,13.42
23-Aug-05,13.34
24-Aug-05,14.17
25-Aug-05,13.73
26-Aug-05,13.72
29-Aug-05,13.52
30-Aug-05,13.65
31-Aug-05,12.6
01-Sep-05,13.15
02-Sep-05,13.57
06-Sep-05,12.93
07-Sep-05,12.52
08-Sep-05,12.93
09-Sep-05,11.98
12-Sep-05,11.65
13-Sep-05,12.39
14-Sep-05,12.91
15-Sep-05,12.49
16-Sep-05,11.22
19-Sep-05,12.14
20-Sep-05,12.64
21-Sep-05,13.79
22-Sep-05,13.33
23-Sep-05,12.96
26-Sep-05,13.04
27-Sep-05,12.76
28-Sep-05,12.63
29-Sep-05,12.24
30-Sep-05,11.92
03-Oct-05,12.46
04-Oct-05,13.2
05-Oct-05,14.55
06-Oct-05,14.96
07-Oct-05,14.59
10-Oct-05,15.55
11-Oct-05,15.63
12-Oct-05,16.22
13-Oct-05,16.47
14-Oct-05,14.87
17-Oct-05,14.67
18-Oct-05,15.33
19-Oct-05,13.5
20-Oct-05,16.11
21-Oct-05,16.13
24-Oct-05,14.74
25-Oct-05,14.53
26-Oct-05,14.59
27-Oct-05,16.02
28-Oct-05,14.25
31-Oct-05,15.32
01-Nov-05,14.85
02-Nov-05,13.48
03-Nov-05,13
04-Nov-05,13.17
07-Nov-05,13.1
08-Nov-05,13.08
09-Nov-05,12.8
10-Nov-05,11.9
11-Nov-05,11.63
14-Nov-05,12.18
15-Nov-05,12.23
16-Nov-05,12.26
17-Nov-05,11.25
18-Nov-05,11.12
21-Nov-05,10.82
22-Nov-05,10.6
23-Nov-05,10.96
25-Nov-05,10.88
28-Nov-05,11.84
29-Nov-05,11.89
30-Nov-05,12.06
01-Dec-05,11.24
02-Dec-05,11.01
05-Dec-05,11.6
06-Dec-05,11.52
07-Dec-05,12.18
08-Dec-05,12.21
09-Dec-05,11.69
12-Dec-05,11.47
13-Dec-05,11.11
14-Dec-05,10.48
15-Dec-05,10.73
16-Dec-05,10.68
19-Dec-05,11.38
20-Dec-05,11.19
21-Dec-05,10.81
22-Dec-05,10.29
23-Dec-05,10.27
27-Dec-05,11.57
28-Dec-05,11.35
29-Dec-05,11.61
30-Dec-05,12.07
03-Jan-06,11.14
04-Jan-06,11.37
05-Jan-06,11.31
06-Jan-06,11
09-Jan-06,11.13
10-Jan-06,10.86
11-Jan-06,10.94
12-Jan-06,11.2
13-Jan-06,11.23
17-Jan-06,11.91
18-Jan-06,12.25
19-Jan-06,11.98
20-Jan-06,14.56
23-Jan-06,13.93
24-Jan-06,13.31
25-Jan-06,12.87
26-Jan-06,12.42
27-Jan-06,11.97
30-Jan-06,12.39
31-Jan-06,12.95
01-Feb-06,12.36
02-Feb-06,13.23
03-Feb-06,12.96
06-Feb-06,13.04
07-Feb-06,13.59
08-Feb-06,12.83
09-Feb-06,13.12
10-Feb-06,12.87
13-Feb-06,13.35
14-Feb-06,12.25
15-Feb-06,12.31
16-Feb-06,11.48
17-Feb-06,12.01
21-Feb-06,12.41
22-Feb-06,11.88
23-Feb-06,11.87
24-Feb-06,11.46
27-Feb-06,11.59
28-Feb-06,12.34
01-Mar-06,11.54
02-Mar-06,11.72
03-Mar-06,11.96
06-Mar-06,12.74
07-Mar-06,12.66
08-Mar-06,12.32
09-Mar-06,12.68
10-Mar-06,11.85
13-Mar-06,11.37
14-Mar-06,10.74
15-Mar-06,11.35
16-Mar-06,11.98
17-Mar-06,12.12
20-Mar-06,11.79
21-Mar-06,11.62
22-Mar-06,11.21
23-Mar-06,11.17
24-Mar-06,11.19
27-Mar-06,11.46
28-Mar-06,11.58
29-Mar-06,10.95
30-Mar-06,11.57
31-Mar-06,11.39
03-Apr-06,11.57
04-Apr-06,11.14
05-Apr-06,11.13
06-Apr-06,11.45
07-Apr-06,12.26
10-Apr-06,12.19
11-Apr-06,13
12-Apr-06,12.76
13-Apr-06,12.38
17-Apr-06,12.58
18-Apr-06,11.4
19-Apr-06,11.32
20-Apr-06,11.64
21-Apr-06,11.59
24-Apr-06,11.75
25-Apr-06,11.75
26-Apr-06,11.76
27-Apr-06,11.84
28-Apr-06,11.59
01-May-06,12.54
02-May-06,11.99
03-May-06,11.99
04-May-06,11.86
05-May-06,11.62
08-May-06,12
09-May-06,11.99
10-May-06,11.78
11-May-06,12.49
12-May-06,14.19
15-May-06,13.57
16-May-06,13.35
17-May-06,16.26
18-May-06,16.99
19-May-06,17.18
22-May-06,17.72
23-May-06,18.26
24-May-06,17.36
25-May-06,15.5
26-May-06,14.26
30-May-06,18.66
31-May-06,16.44
01-Jun-06,14.52
02-Jun-06,14.32
05-Jun-06,16.65
06-Jun-06,17.34
07-Jun-06,17.8
08-Jun-06,18.35
09-Jun-06,18.12
12-Jun-06,20.96
13-Jun-06,23.81
14-Jun-06,21.46
15-Jun-06,15.9
16-Jun-06,17.25
19-Jun-06,17.83
20-Jun-06,16.69
21-Jun-06,15.52
22-Jun-06,15.88
23-Jun-06,15.89
26-Jun-06,15.62
27-Jun-06,16.4
28-Jun-06,15.79
29-Jun-06,13.03
30-Jun-06,13.08
03-Jul-06,13.05
05-Jul-06,14.15
06-Jul-06,13.65
07-Jul-06,13.97
10-Jul-06,14.02
11-Jul-06,13.14
12-Jul-06,14.49
13-Jul-06,17.79
14-Jul-06,18.05
17-Jul-06,18.64
18-Jul-06,17.74
19-Jul-06,15.55
20-Jul-06,16.21
21-Jul-06,17.4
24-Jul-06,14.98
25-Jul-06,14.85
26-Jul-06,14.62
27-Jul-06,14.94
28-Jul-06,14.33
31-Jul-06,14.95
01-Aug-06,15.05
02-Aug-06,14.34
03-Aug-06,14.46
04-Aug-06,14.34
07-Aug-06,15.23
08-Aug-06,15.23
09-Aug-06,15.2
10-Aug-06,14.46
11-Aug-06,14.3
14-Aug-06,14.26
15-Aug-06,13.42
16-Aug-06,12.41
17-Aug-06,12.24
18-Aug-06,11.64
21-Aug-06,12.22
22-Aug-06,12.19
23-Aug-06,12.4
24-Aug-06,12.4
25-Aug-06,12.31
28-Aug-06,12.18
29-Aug-06,12.28
30-Aug-06,12.22
31-Aug-06,12.31
01-Sep-06,11.96
05-Sep-06,12.63
06-Sep-06,13.74
07-Sep-06,13.88
08-Sep-06,13.16
11-Sep-06,12.99
12-Sep-06,11.92
13-Sep-06,11.18
14-Sep-06,11.55
15-Sep-06,11.76
18-Sep-06,11.78
19-Sep-06,11.98
20-Sep-06,11.39
21-Sep-06,12.25
22-Sep-06,12.59
25-Sep-06,12.12
26-Sep-06,11.53
27-Sep-06,11.58
28-Sep-06,11.72
29-Sep-06,11.98
02-Oct-06,12.57
03-Oct-06,12.24
04-Oct-06,11.86
05-Oct-06,11.98
06-Oct-06,11.56
09-Oct-06,11.68
10-Oct-06,11.52
11-Oct-06,11.62
12-Oct-06,11.09
13-Oct-06,10.75
16-Oct-06,11.09
17-Oct-06,11.73
18-Oct-06,11.34
19-Oct-06,10.9
20-Oct-06,10.63
23-Oct-06,11.08
24-Oct-06,10.78
25-Oct-06,10.66
26-Oct-06,10.56
27-Oct-06,10.8
30-Oct-06,11.2
31-Oct-06,11.1
01-Nov-06,11.51
02-Nov-06,11.42
03-Nov-06,11.16
06-Nov-06,11.16
07-Nov-06,11.09
08-Nov-06,10.75
09-Nov-06,11.01
10-Nov-06,10.79
13-Nov-06,10.86
14-Nov-06,10.5
15-Nov-06,10.31
16-Nov-06,10.16
17-Nov-06,10.05
20-Nov-06,9.97
21-Nov-06,9.9
22-Nov-06,10.14
24-Nov-06,10.73
27-Nov-06,12.3
28-Nov-06,11.62
29-Nov-06,10.83
30-Nov-06,10.91
01-Dec-06,11.66
04-Dec-06,11.23
05-Dec-06,11.27
06-Dec-06,11.33
07-Dec-06,12.67
08-Dec-06,12.07
11-Dec-06,10.71
12-Dec-06,10.65
13-Dec-06,10.18
14-Dec-06,9.97
15-Dec-06,10.05
18-Dec-06,10.6
19-Dec-06,10.3
20-Dec-06,10.26
21-Dec-06,10.53
22-Dec-06,11.36
26-Dec-06,11.26
27-Dec-06,10.64
28-Dec-06,10.99
29-Dec-06,11.56
03-Jan-07,12.04
04-Jan-07,11.51
05-Jan-07,12.14
08-Jan-07,12
09-Jan-07,11.91
10-Jan-07,11.47
11-Jan-07,10.87
12-Jan-07,10.15
16-Jan-07,10.74
17-Jan-07,10.59
18-Jan-07,10.85
19-Jan-07,10.4
22-Jan-07,10.77
23-Jan-07,10.34
24-Jan-07,9.89
25-Jan-07,11.22
26-Jan-07,11.13
29-Jan-07,11.45
30-Jan-07,10.96
31-Jan-07,10.42
01-Feb-07,10.31
02-Feb-07,10.08
05-Feb-07,10.55
06-Feb-07,10.65
07-Feb-07,10.32
08-Feb-07,10.44
09-Feb-07,11.1
12-Feb-07,11.61
13-Feb-07,10.34
14-Feb-07,10.23
15-Feb-07,10.22
16-Feb-07,10.02
20-Feb-07,10.24
21-Feb-07,10.2
22-Feb-07,10.18
23-Feb-07,10.58
26-Feb-07,11.15
27-Feb-07,18.31
28-Feb-07,15.42
01-Mar-07,15.82
02-Mar-07,18.61
05-Mar-07,19.63
06-Mar-07,15.96
07-Mar-07,15.24
08-Mar-07,14.29
09-Mar-07,14.09
12-Mar-07,13.99
13-Mar-07,18.13
14-Mar-07,17.27
15-Mar-07,16.43
16-Mar-07,16.79
19-Mar-07,14.59
20-Mar-07,13.27
21-Mar-07,12.19
22-Mar-07,12.93
23-Mar-07,12.95
26-Mar-07,13.16
27-Mar-07,13.48
28-Mar-07,14.98
29-Mar-07,15.14
30-Mar-07,14.64
02-Apr-07,14.53
03-Apr-07,13.46
04-Apr-07,13.24
05-Apr-07,13.23
09-Apr-07,13.14
10-Apr-07,12.68
11-Apr-07,13.49
12-Apr-07,12.71
13-Apr-07,12.2
16-Apr-07,11.98
17-Apr-07,12.14
18-Apr-07,12.42
19-Apr-07,12.54
20-Apr-07,12.07
23-Apr-07,13.04
24-Apr-07,13.12
25-Apr-07,13.21
26-Apr-07,12.79
27-Apr-07,12.45
30-Apr-07,14.22
01-May-07,13.51
02-May-07,13.08
03-May-07,13.09
04-May-07,12.91
07-May-07,13.15
08-May-07,13.21
09-May-07,12.88
10-May-07,13.6
11-May-07,12.95
14-May-07,13.96
15-May-07,14.01
16-May-07,13.5
17-May-07,13.51
18-May-07,12.76
21-May-07,13.3
22-May-07,13.06
23-May-07,13.24
24-May-07,14.08
25-May-07,13.34
29-May-07,13.53
30-May-07,12.83
31-May-07,13.05
01-Jun-07,12.78
04-Jun-07,13.29
05-Jun-07,13.63
06-Jun-07,14.87
07-Jun-07,17.06
08-Jun-07,14.84
11-Jun-07,14.71
12-Jun-07,16.67
13-Jun-07,14.73
14-Jun-07,13.64
15-Jun-07,13.94
18-Jun-07,13.42
19-Jun-07,12.85
20-Jun-07,14.67
21-Jun-07,14.21
22-Jun-07,15.75
25-Jun-07,16.65
26-Jun-07,18.89
27-Jun-07,15.53
28-Jun-07,15.54
29-Jun-07,16.23
02-Jul-07,15.4
03-Jul-07,14.92
05-Jul-07,15.48
06-Jul-07,14.72
09-Jul-07,15.16
10-Jul-07,17.57
11-Jul-07,16.64
12-Jul-07,15.54
13-Jul-07,15.15
16-Jul-07,15.59
17-Jul-07,15.63
18-Jul-07,16
19-Jul-07,15.23
20-Jul-07,16.95
23-Jul-07,16.81
24-Jul-07,18.55
25-Jul-07,18.1
26-Jul-07,20.74
27-Jul-07,24.17
30-Jul-07,20.87
31-Jul-07,23.52
01-Aug-07,23.67
02-Aug-07,21.22
03-Aug-07,25.16
06-Aug-07,22.94
07-Aug-07,21.56
08-Aug-07,21.45
09-Aug-07,26.48
10-Aug-07,28.3
13-Aug-07,26.57
14-Aug-07,27.68
15-Aug-07,30.67
16-Aug-07,30.83
17-Aug-07,29.99
20-Aug-07,26.33
21-Aug-07,25.25
22-Aug-07,22.89
23-Aug-07,22.62
24-Aug-07,20.72
27-Aug-07,22.72
28-Aug-07,26.3
29-Aug-07,23.81
30-Aug-07,25.06
31-Aug-07,23.38
04-Sep-07,22.78
05-Sep-07,24.58
06-Sep-07,23.99
07-Sep-07,26.23
10-Sep-07,27.38
11-Sep-07,25.27
12-Sep-07,24.96
13-Sep-07,24.76
14-Sep-07,24.92
17-Sep-07,26.48
18-Sep-07,20.35
19-Sep-07,20.03
20-Sep-07,20.45
21-Sep-07,19
24-Sep-07,19.37
25-Sep-07,18.6
26-Sep-07,17.63
27-Sep-07,17
28-Sep-07,18
01-Oct-07,17.84
02-Oct-07,18.49
03-Oct-07,18.8
04-Oct-07,18.44
05-Oct-07,16.91
08-Oct-07,17.46
09-Oct-07,16.12
10-Oct-07,16.67
11-Oct-07,18.88
12-Oct-07,17.73
15-Oct-07,19.25
16-Oct-07,20.02
17-Oct-07,18.54
18-Oct-07,18.5
19-Oct-07,22.96
22-Oct-07,21.64
23-Oct-07,20.41
24-Oct-07,20.8
25-Oct-07,21.17
26-Oct-07,19.56
29-Oct-07,19.87
30-Oct-07,21.07
31-Oct-07,18.53
01-Nov-07,23.21
02-Nov-07,23.01
05-Nov-07,24.31
06-Nov-07,21.39
07-Nov-07,26.49
08-Nov-07,26.16
09-Nov-07,28.5
12-Nov-07,31.09
13-Nov-07,24.1
14-Nov-07,25.94
15-Nov-07,28.06
16-Nov-07,25.49
19-Nov-07,26.01
20-Nov-07,24.88
21-Nov-07,26.84
23-Nov-07,25.61
26-Nov-07,28.91
27-Nov-07,26.28
28-Nov-07,24.11
29-Nov-07,23.97
30-Nov-07,22.87
03-Dec-07,23.61
04-Dec-07,23.79
05-Dec-07,22.53
06-Dec-07,20.96
07-Dec-07,20.85
10-Dec-07,20.74
11-Dec-07,23.59
12-Dec-07,22.47
13-Dec-07,22.56
14-Dec-07,23.27
17-Dec-07,24.52
18-Dec-07,22.64
19-Dec-07,21.68
20-Dec-07,20.58
21-Dec-07,18.47
24-Dec-07,18.6
26-Dec-07,18.66
27-Dec-07,20.26
28-Dec-07,20.74
31-Dec-07,22.5
02-Jan-08,23.17
03-Jan-08,22.49
04-Jan-08,23.94
07-Jan-08,23.79
08-Jan-08,25.43
09-Jan-08,24.12
10-Jan-08,23.45
11-Jan-08,23.68
14-Jan-08,22.9
15-Jan-08,23.34
16-Jan-08,24.38
17-Jan-08,28.46
18-Jan-08,27.18
22-Jan-08,31.01
23-Jan-08,29.02
24-Jan-08,27.78
25-Jan-08,29.08
28-Jan-08,27.78
29-Jan-08,27.32
30-Jan-08,27.62
31-Jan-08,26.2
01-Feb-08,24.02
04-Feb-08,25.99
05-Feb-08,28.24
06-Feb-08,28.97
07-Feb-08,27.66
08-Feb-08,28.01
11-Feb-08,27.6
12-Feb-08,26.33
13-Feb-08,24.88
14-Feb-08,25.54
15-Feb-08,25.02
19-Feb-08,25.59
20-Feb-08,24.4
21-Feb-08,25.12
22-Feb-08,24.06
25-Feb-08,23.03
26-Feb-08,21.9
27-Feb-08,22.69
28-Feb-08,23.53
29-Feb-08,26.54
03-Mar-08,26.28
04-Mar-08,25.52
05-Mar-08,24.6
06-Mar-08,27.55
07-Mar-08,27.49
10-Mar-08,29.38
11-Mar-08,26.36
12-Mar-08,27.22
13-Mar-08,27.29
14-Mar-08,31.16
17-Mar-08,32.24
18-Mar-08,25.79
19-Mar-08,29.84
20-Mar-08,26.62
24-Mar-08,25.73
25-Mar-08,25.72
26-Mar-08,26.08
27-Mar-08,25.88
28-Mar-08,25.71
31-Mar-08,25.61
01-Apr-08,22.68
02-Apr-08,23.43
03-Apr-08,23.21
04-Apr-08,22.45
07-Apr-08,22.42
08-Apr-08,22.36
09-Apr-08,22.81
10-Apr-08,21.98
11-Apr-08,23.46
14-Apr-08,23.82
15-Apr-08,22.78
16-Apr-08,20.53
17-Apr-08,20.37
18-Apr-08,20.13
21-Apr-08,20.5
22-Apr-08,20.87
23-Apr-08,20.26
24-Apr-08,20.06
25-Apr-08,19.59
28-Apr-08,19.64
29-Apr-08,20.24
30-Apr-08,20.79
01-May-08,18.88
02-May-08,18.18
05-May-08,18.9
06-May-08,18.21
07-May-08,19.73
08-May-08,19.4
09-May-08,19.41
12-May-08,17.79
13-May-08,17.98
14-May-08,17.66
15-May-08,16.3
16-May-08,16.47
19-May-08,17.01
20-May-08,17.58
21-May-08,18.59
22-May-08,18.05
23-May-08,19.55
27-May-08,19.64
28-May-08,19.07
29-May-08,18.14
30-May-08,17.83
02-Jun-08,19.83
03-Jun-08,20.24
04-Jun-08,20.8
05-Jun-08,18.63
06-Jun-08,23.56
09-Jun-08,23.12
10-Jun-08,23.18
11-Jun-08,24.12
12-Jun-08,23.33
13-Jun-08,21.22
16-Jun-08,20.95
17-Jun-08,21.13
18-Jun-08,22.24
19-Jun-08,21.58
20-Jun-08,22.87
23-Jun-08,22.64
24-Jun-08,22.42
25-Jun-08,21.14
26-Jun-08,23.93
27-Jun-08,23.44
30-Jun-08,23.95
01-Jul-08,23.65
02-Jul-08,25.92
03-Jul-08,24.8
07-Jul-08,25.78
08-Jul-08,23.15
09-Jul-08,25.23
10-Jul-08,25.59
11-Jul-08,27.49
14-Jul-08,28.48
15-Jul-08,28.54
16-Jul-08,25.1
17-Jul-08,25.01
18-Jul-08,24.05
21-Jul-08,23.05
22-Jul-08,21.18
23-Jul-08,21.31
24-Jul-08,23.44
25-Jul-08,22.91
28-Jul-08,24.23
29-Jul-08,22.03
30-Jul-08,21.21
31-Jul-08,22.94
01-Aug-08,22.57
04-Aug-08,23.49
05-Aug-08,21.14
06-Aug-08,20.23
07-Aug-08,21.15
08-Aug-08,20.66
11-Aug-08,20.12
12-Aug-08,21.17
13-Aug-08,21.55
14-Aug-08,20.34
15-Aug-08,19.58
18-Aug-08,20.98
19-Aug-08,21.28
20-Aug-08,20.42
21-Aug-08,19.82
22-Aug-08,18.81
25-Aug-08,20.97
26-Aug-08,20.49
27-Aug-08,19.76
28-Aug-08,19.43
29-Aug-08,20.65
02-Sep-08,21.99
03-Sep-08,21.43
04-Sep-08,24.03
05-Sep-08,23.06
08-Sep-08,22.64
09-Sep-08,25.47
10-Sep-08,24.52
11-Sep-08,24.39
12-Sep-08,25.66
15-Sep-08,31.7
16-Sep-08,31.54
17-Sep-08,36.22
18-Sep-08,33.1
19-Sep-08,32.07
22-Sep-08,33.85
23-Sep-08,35.72
24-Sep-08,35.19
25-Sep-08,32.82
26-Sep-08,34.74
29-Sep-08,46.72
30-Sep-08,39.39
01-Oct-08,39.81
02-Oct-08,45.26
03-Oct-08,45.14
06-Oct-08,52.05
07-Oct-08,53.68
08-Oct-08,57.53
09-Oct-08,63.92
10-Oct-08,69.95
13-Oct-08,54.99
14-Oct-08,55.13
15-Oct-08,69.25
16-Oct-08,67.61
17-Oct-08,70.33
20-Oct-08,52.97
21-Oct-08,53.11
22-Oct-08,69.65
23-Oct-08,67.8
24-Oct-08,79.13
27-Oct-08,80.06
28-Oct-08,66.96
29-Oct-08,69.96
30-Oct-08,62.9
31-Oct-08,59.89
03-Nov-08,53.68
04-Nov-08,47.73
05-Nov-08,54.56
06-Nov-08,63.68
07-Nov-08,56.1
10-Nov-08,59.98
11-Nov-08,61.44
12-Nov-08,66.46
13-Nov-08,59.83
14-Nov-08,66.31
17-Nov-08,69.15
18-Nov-08,67.64
19-Nov-08,74.26
20-Nov-08,80.86
21-Nov-08,72.67
24-Nov-08,64.7
25-Nov-08,60.9
26-Nov-08,54.92
28-Nov-08,55.84
01-Dec-08,68.51
02-Dec-08,62.98
03-Dec-08,60.72
04-Dec-08,63.64
05-Dec-08,59.93
08-Dec-08,58.49
09-Dec-08,58.91
10-Dec-08,55.73
11-Dec-08,55.78
12-Dec-08,54.28
15-Dec-08,56.76
16-Dec-08,51.29
17-Dec-08,49.84
18-Dec-08,47.34
19-Dec-08,44.93
22-Dec-08,44.56
23-Dec-08,45.02
24-Dec-08,44.21
26-Dec-08,43.38
29-Dec-08,43.9
30-Dec-08,41.63
31-Dec-08,40
02-Jan-09,39.19
05-Jan-09,39.08
06-Jan-09,38.56
07-Jan-09,43.39
08-Jan-09,42.56
09-Jan-09,42.82
12-Jan-09,45.84
13-Jan-09,43.27
14-Jan-09,49.14
15-Jan-09,51
16-Jan-09,46.11
20-Jan-09,56.65
21-Jan-09,46.42
22-Jan-09,47.29
23-Jan-09,47.27
26-Jan-09,45.69
27-Jan-09,42.25
28-Jan-09,39.66
29-Jan-09,42.63
30-Jan-09,44.84
02-Feb-09,45.52
03-Feb-09,43.06
04-Feb-09,43.85
05-Feb-09,43.73
06-Feb-09,43.37
09-Feb-09,43.64
10-Feb-09,46.67
11-Feb-09,44.53
12-Feb-09,41.25
13-Feb-09,42.93
17-Feb-09,48.66
18-Feb-09,48.46
19-Feb-09,47.08
20-Feb-09,49.3
23-Feb-09,52.62
24-Feb-09,45.49
25-Feb-09,44.67
26-Feb-09,44.66
27-Feb-09,46.35
02-Mar-09,52.65
03-Mar-09,50.93
04-Mar-09,47.56
05-Mar-09,50.17
06-Mar-09,49.33
09-Mar-09,49.68
10-Mar-09,44.37
11-Mar-09,43.61
12-Mar-09,41.18
13-Mar-09,42.36
16-Mar-09,43.74
17-Mar-09,40.8
18-Mar-09,40.06
19-Mar-09,43.68
20-Mar-09,45.89
23-Mar-09,43.23
24-Mar-09,42.93
25-Mar-09,42.25
26-Mar-09,40.36
27-Mar-09,41.04
30-Mar-09,45.54
31-Mar-09,44.14
01-Apr-09,42.28
02-Apr-09,42.04
03-Apr-09,39.7
06-Apr-09,40.93
07-Apr-09,40.39
08-Apr-09,38.85
09-Apr-09,36.53
13-Apr-09,37.81
14-Apr-09,37.67
15-Apr-09,36.17
16-Apr-09,35.79
17-Apr-09,33.94
20-Apr-09,39.18
21-Apr-09,37.14
22-Apr-09,38.1
23-Apr-09,37.15
24-Apr-09,36.82
27-Apr-09,38.32
28-Apr-09,37.95
29-Apr-09,36.08
30-Apr-09,36.5
01-May-09,35.3
04-May-09,34.53
05-May-09,33.36
06-May-09,32.45
07-May-09,33.44
08-May-09,32.05
11-May-09,32.87
12-May-09,31.8
13-May-09,33.65
14-May-09,31.37
15-May-09,33.12
18-May-09,30.24
19-May-09,28.8
20-May-09,29.03
21-May-09,31.35
22-May-09,32.63
26-May-09,30.62
27-May-09,32.36
28-May-09,31.67
29-May-09,28.92
01-Jun-09,30.04
02-Jun-09,29.63
03-Jun-09,31.02
04-Jun-09,30.18
05-Jun-09,29.62
08-Jun-09,29.77
09-Jun-09,28.27
10-Jun-09,28.46
11-Jun-09,28.11
12-Jun-09,28.15
15-Jun-09,30.81
16-Jun-09,32.68
17-Jun-09,31.54
18-Jun-09,30.03
19-Jun-09,27.99
22-Jun-09,31.17
23-Jun-09,30.58
24-Jun-09,29.05
25-Jun-09,26.36
26-Jun-09,25.93
29-Jun-09,25.35
30-Jun-09,26.35
01-Jul-09,26.22
02-Jul-09,27.95
06-Jul-09,29
07-Jul-09,30.85
08-Jul-09,31.3
09-Jul-09,29.78
10-Jul-09,29.02
13-Jul-09,26.31
14-Jul-09,25.02
15-Jul-09,25.89
16-Jul-09,25.42
17-Jul-09,24.34
20-Jul-09,24.4
21-Jul-09,23.87
22-Jul-09,23.47
23-Jul-09,23.43
24-Jul-09,23.09
27-Jul-09,24.28
28-Jul-09,25.01
29-Jul-09,25.61
30-Jul-09,25.4
31-Jul-09,25.92
03-Aug-09,25.56
04-Aug-09,24.89
05-Aug-09,24.9
06-Aug-09,25.67
07-Aug-09,24.76
10-Aug-09,24.99
11-Aug-09,25.99
12-Aug-09,25.45
13-Aug-09,24.71
14-Aug-09,24.27
17-Aug-09,27.89
18-Aug-09,26.18
19-Aug-09,26.26
20-Aug-09,25.09
21-Aug-09,25.01
24-Aug-09,25.14
25-Aug-09,24.92
26-Aug-09,24.95
27-Aug-09,24.68
28-Aug-09,24.76
31-Aug-09,26.01
01-Sep-09,29.15
02-Sep-09,28.9
03-Sep-09,27.1
04-Sep-09,25.26
08-Sep-09,25.62
09-Sep-09,24.32
10-Sep-09,23.55
11-Sep-09,24.15
14-Sep-09,23.86
15-Sep-09,23.42
16-Sep-09,23.69
17-Sep-09,23.65
18-Sep-09,23.92
21-Sep-09,24.06
22-Sep-09,23.08
23-Sep-09,23.49
24-Sep-09,24.95
25-Sep-09,25.61
28-Sep-09,24.88
29-Sep-09,25.19
30-Sep-09,25.61
01-Oct-09,28.27
02-Oct-09,28.68
05-Oct-09,26.84
06-Oct-09,25.7
07-Oct-09,24.68
08-Oct-09,24.18
09-Oct-09,23.12
12-Oct-09,23.01
13-Oct-09,22.99
14-Oct-09,22.86
15-Oct-09,21.72
16-Oct-09,21.43
19-Oct-09,21.49
20-Oct-09,20.9
21-Oct-09,22.22
22-Oct-09,20.69
23-Oct-09,22.27
26-Oct-09,24.31
27-Oct-09,24.83
28-Oct-09,27.91
29-Oct-09,24.76
30-Oct-09,30.69
02-Nov-09,29.78
03-Nov-09,28.81
04-Nov-09,27.72
05-Nov-09,25.43
06-Nov-09,24.19
09-Nov-09,23.15
10-Nov-09,22.84
11-Nov-09,23.04
12-Nov-09,24.24
13-Nov-09,23.36
16-Nov-09,22.89
17-Nov-09,22.41
18-Nov-09,21.63
19-Nov-09,22.63
20-Nov-09,22.19
23-Nov-09,21.16
24-Nov-09,20.47
25-Nov-09,20.48
27-Nov-09,24.85
30-Nov-09,24.51
01-Dec-09,21.92
02-Dec-09,21.12
03-Dec-09,22.46
04-Dec-09,21.25
07-Dec-09,22.1
08-Dec-09,23.69
09-Dec-09,22.66
10-Dec-09,22.32
11-Dec-09,21.59
14-Dec-09,21.15
15-Dec-09,21.49
16-Dec-09,20.54
17-Dec-09,22.51
18-Dec-09,21.68
21-Dec-09,20.49
22-Dec-09,19.54
23-Dec-09,19.71
24-Dec-09,19.47
28-Dec-09,19.93
29-Dec-09,20.01
30-Dec-09,19.96
31-Dec-09,21.68
04-Jan-10,20.04
05-Jan-10,19.35
06-Jan-10,19.16
07-Jan-10,19.06
08-Jan-10,18.13
11-Jan-10,17.55
12-Jan-10,18.25
13-Jan-10,17.85
14-Jan-10,17.63
15-Jan-10,17.91
19-Jan-10,17.58
20-Jan-10,18.68
21-Jan-10,22.27
22-Jan-10,27.31
25-Jan-10,25.41
26-Jan-10,24.55
27-Jan-10,23.14
28-Jan-10,23.73
29-Jan-10,24.62
01-Feb-10,22.59
02-Feb-10,21.48
03-Feb-10,21.6
04-Feb-10,26.08
05-Feb-10,26.11
08-Feb-10,26.51
09-Feb-10,26
10-Feb-10,25.4
11-Feb-10,23.96
12-Feb-10,22.73
16-Feb-10,22.25
17-Feb-10,21.72
18-Feb-10,20.63
19-Feb-10,20.02
22-Feb-10,19.94
23-Feb-10,21.37
24-Feb-10,20.27
25-Feb-10,20.1
26-Feb-10,19.5
01-Mar-10,19.26
02-Mar-10,19.06
03-Mar-10,18.83
04-Mar-10,18.72
05-Mar-10,17.42
08-Mar-10,17.79
09-Mar-10,17.92
10-Mar-10,18.57
11-Mar-10,18.06
12-Mar-10,17.58
15-Mar-10,18
16-Mar-10,17.69
17-Mar-10,16.91
18-Mar-10,16.62
19-Mar-10,16.97
22-Mar-10,16.87
23-Mar-10,16.35
24-Mar-10,17.55
25-Mar-10,18.4
26-Mar-10,17.77
29-Mar-10,17.59
30-Mar-10,17.13
31-Mar-10,17.59
01-Apr-10,17.47
05-Apr-10,17.02
06-Apr-10,16.23
07-Apr-10,16.62
08-Apr-10,16.48
09-Apr-10,16.14
12-Apr-10,15.58
13-Apr-10,16.2
14-Apr-10,15.59
15-Apr-10,15.89
16-Apr-10,18.36
19-Apr-10,17.34
20-Apr-10,15.73
21-Apr-10,16.32
22-Apr-10,16.47
23-Apr-10,16.62
26-Apr-10,17.47
27-Apr-10,22.81
28-Apr-10,21.08
29-Apr-10,18.44
30-Apr-10,22.05
03-May-10,20.19
04-May-10,23.84
05-May-10,24.91
06-May-10,32.8
07-May-10,40.95
10-May-10,28.84
11-May-10,28.32
12-May-10,25.52
13-May-10,26.68
14-May-10,31.24
17-May-10,30.84
18-May-10,33.55
19-May-10,35.32
20-May-10,45.79
21-May-10,40.1
24-May-10,38.32
25-May-10,34.61
26-May-10,35.02
27-May-10,29.68
28-May-10,32.07
01-Jun-10,35.54
02-Jun-10,30.17
03-Jun-10,29.46
04-Jun-10,35.48
07-Jun-10,36.57
08-Jun-10,33.7
09-Jun-10,33.73
10-Jun-10,30.57
11-Jun-10,28.79
14-Jun-10,28.58
15-Jun-10,25.87
16-Jun-10,25.92
17-Jun-10,25.05
18-Jun-10,23.95
21-Jun-10,24.88
22-Jun-10,27.05
23-Jun-10,26.91
24-Jun-10,29.74
25-Jun-10,28.53
28-Jun-10,29
29-Jun-10,34.13
30-Jun-10,34.54
01-Jul-10,32.86
02-Jul-10,30.12
06-Jul-10,29.65
07-Jul-10,26.84
08-Jul-10,25.71
09-Jul-10,24.98
12-Jul-10,24.43
13-Jul-10,24.56
14-Jul-10,24.89
15-Jul-10,25.14
16-Jul-10,26.25
19-Jul-10,25.97
20-Jul-10,23.93
21-Jul-10,25.64
22-Jul-10,24.63
23-Jul-10,23.47
26-Jul-10,22.73
27-Jul-10,23.19
28-Jul-10,24.25
29-Jul-10,24.13
30-Jul-10,23.5
02-Aug-10,22.01
03-Aug-10,22.63
04-Aug-10,22.21
05-Aug-10,22.1
06-Aug-10,21.74
09-Aug-10,22.14
10-Aug-10,22.37
11-Aug-10,25.39
12-Aug-10,25.73
13-Aug-10,26.24
16-Aug-10,26.1
17-Aug-10,24.33
18-Aug-10,24.59
19-Aug-10,26.44
20-Aug-10,25.49
23-Aug-10,25.66
24-Aug-10,27.46
25-Aug-10,26.7
26-Aug-10,27.37
27-Aug-10,24.45
30-Aug-10,27.21
31-Aug-10,26.05
01-Sep-10,23.89
02-Sep-10,23.19
03-Sep-10,21.31
07-Sep-10,23.8
08-Sep-10,23.25
09-Sep-10,22.81
10-Sep-10,21.99
13-Sep-10,21.21
14-Sep-10,21.56
15-Sep-10,22.1
16-Sep-10,21.72
17-Sep-10,22.01
20-Sep-10,21.5
21-Sep-10,22.35
22-Sep-10,22.51
23-Sep-10,23.87
24-Sep-10,21.71
27-Sep-10,22.54
28-Sep-10,22.6
29-Sep-10,23.25
30-Sep-10,23.7
01-Oct-10,22.5
04-Oct-10,23.53
05-Oct-10,21.76
06-Oct-10,21.49
07-Oct-10,21.56
08-Oct-10,20.71
11-Oct-10,18.96
12-Oct-10,18.93
13-Oct-10,19.07
14-Oct-10,19.88
15-Oct-10,19.03
18-Oct-10,19.09
19-Oct-10,20.63
20-Oct-10,19.79
21-Oct-10,19.27
22-Oct-10,18.78
25-Oct-10,19.85
26-Oct-10,20.22
27-Oct-10,20.71
28-Oct-10,20.88
29-Oct-10,21.2
01-Nov-10,21.83
02-Nov-10,21.57
03-Nov-10,19.56
04-Nov-10,18.52
05-Nov-10,18.26
08-Nov-10,18.29
09-Nov-10,19.08
10-Nov-10,18.47
11-Nov-10,18.64
12-Nov-10,20.61
15-Nov-10,20.2
16-Nov-10,22.58
17-Nov-10,21.76
18-Nov-10,18.75
19-Nov-10,18.04
22-Nov-10,18.37
23-Nov-10,20.63
24-Nov-10,19.56
26-Nov-10,22.22
29-Nov-10,21.53
30-Nov-10,23.54
01-Dec-10,21.36
02-Dec-10,19.39
03-Dec-10,18.01
06-Dec-10,18.02
07-Dec-10,17.99
08-Dec-10,17.74
09-Dec-10,17.25
10-Dec-10,17.61
13-Dec-10,17.55
14-Dec-10,17.61
15-Dec-10,17.94
16-Dec-10,17.39
17-Dec-10,16.11
20-Dec-10,16.41
21-Dec-10,16.49
22-Dec-10,15.45
23-Dec-10,16.47
27-Dec-10,17.67
28-Dec-10,17.52
29-Dec-10,17.28
30-Dec-10,17.52
31-Dec-10,17.75
03-Jan-11,17.61
04-Jan-11,17.38
05-Jan-11,17.02
06-Jan-11,17.4
07-Jan-11,17.14
10-Jan-11,17.54
11-Jan-11,16.89
12-Jan-11,16.24
13-Jan-11,16.39
14-Jan-11,15.46
18-Jan-11,15.87
19-Jan-11,17.31
20-Jan-11,17.99
21-Jan-11,18.47
24-Jan-11,17.65
25-Jan-11,17.59
26-Jan-11,16.64
27-Jan-11,16.15
28-Jan-11,20.04
31-Jan-11,19.53
01-Feb-11,17.63
02-Feb-11,17.3
03-Feb-11,16.69
04-Feb-11,15.93
07-Feb-11,16.28
08-Feb-11,15.81
09-Feb-11,15.87
10-Feb-11,16.09
11-Feb-11,15.69
14-Feb-11,15.95
15-Feb-11,16.37
16-Feb-11,16.72
17-Feb-11,16.59
18-Feb-11,16.43
22-Feb-11,20.8
23-Feb-11,22.13
24-Feb-11,21.32
25-Feb-11,19.22
28-Feb-11,18.35
01-Mar-11,21.01
02-Mar-11,20.7
03-Mar-11,18.6
04-Mar-11,19.06
07-Mar-11,20.66
08-Mar-11,19.82
09-Mar-11,20.22
10-Mar-11,21.88
11-Mar-11,20.08
14-Mar-11,21.13
15-Mar-11,24.32
16-Mar-11,29.4
17-Mar-11,26.37
18-Mar-11,24.44
21-Mar-11,20.61
22-Mar-11,20.21
23-Mar-11,19.17
24-Mar-11,18
25-Mar-11,17.91
28-Mar-11,19.44
29-Mar-11,18.16
30-Mar-11,17.71
31-Mar-11,17.74
01-Apr-11,17.4
04-Apr-11,17.5
05-Apr-11,17.25
06-Apr-11,16.9
07-Apr-11,17.11
08-Apr-11,17.87
11-Apr-11,16.59
12-Apr-11,17.09
13-Apr-11,16.92
14-Apr-11,16.27
15-Apr-11,15.32
18-Apr-11,16.96
19-Apr-11,15.83
20-Apr-11,15.07
21-Apr-11,14.69
25-Apr-11,15.77
26-Apr-11,15.62
27-Apr-11,15.35
28-Apr-11,14.62
29-Apr-11,14.75
02-May-11,15.99
03-May-11,16.7
04-May-11,17.08
05-May-11,18.2
06-May-11,18.4
09-May-11,17.16
10-May-11,15.91
11-May-11,16.95
12-May-11,16.03
13-May-11,17.07
16-May-11,18.24
17-May-11,17.55
18-May-11,16.23
19-May-11,15.52
20-May-11,17.43
23-May-11,18.27
24-May-11,17.82
25-May-11,17.07
26-May-11,16.09
27-May-11,15.98
31-May-11,15.45
01-Jun-11,18.3
02-Jun-11,18.09
03-Jun-11,17.95
06-Jun-11,18.49
07-Jun-11,18.07
08-Jun-11,18.79
09-Jun-11,17.77
10-Jun-11,18.86
13-Jun-11,19.61
14-Jun-11,18.26
15-Jun-11,21.32
16-Jun-11,22.73
17-Jun-11,21.85
20-Jun-11,19.99
21-Jun-11,18.86
22-Jun-11,18.52
23-Jun-11,19.29
24-Jun-11,21.1
27-Jun-11,20.56
28-Jun-11,19.17
29-Jun-11,17.27
30-Jun-11,16.52
01-Jul-11,15.87
05-Jul-11,16.06
06-Jul-11,16.34
07-Jul-11,15.95
08-Jul-11,15.95
11-Jul-11,18.39
12-Jul-11,19.87
13-Jul-11,19.91
14-Jul-11,20.8
15-Jul-11,19.53
18-Jul-11,20.95
19-Jul-11,19.21
20-Jul-11,19.09
21-Jul-11,17.56
22-Jul-11,17.52
25-Jul-11,19.35
26-Jul-11,20.23
27-Jul-11,22.98
28-Jul-11,23.74
29-Jul-11,25.25
01-Aug-11,23.66
02-Aug-11,24.79
03-Aug-11,23.38
04-Aug-11,31.66
05-Aug-11,32
08-Aug-11,48
09-Aug-11,35.06
10-Aug-11,42.99
11-Aug-11,39
12-Aug-11,36.36
15-Aug-11,31.87
16-Aug-11,32.85
17-Aug-11,31.58
18-Aug-11,42.67
19-Aug-11,43.05
22-Aug-11,42.44
23-Aug-11,36.27
24-Aug-11,35.9
25-Aug-11,39.76
26-Aug-11,35.59
29-Aug-11,32.28
30-Aug-11,32.89
31-Aug-11,31.62
01-Sep-11,31.82
02-Sep-11,33.92
06-Sep-11,37
07-Sep-11,33.38
08-Sep-11,34.32
09-Sep-11,38.52
12-Sep-11,38.59
13-Sep-11,36.91
14-Sep-11,34.6
15-Sep-11,31.97
16-Sep-11,30.98
19-Sep-11,32.73
20-Sep-11,32.86
21-Sep-11,37.32
22-Sep-11,41.35
23-Sep-11,41.25
26-Sep-11,39.02
27-Sep-11,37.71
28-Sep-11,41.08
29-Sep-11,38.84
30-Sep-11,42.96
03-Oct-11,45.45
04-Oct-11,40.82
05-Oct-11,37.81
06-Oct-11,36.27
07-Oct-11,36.2
10-Oct-11,33.02
11-Oct-11,32.86
12-Oct-11,31.26
13-Oct-11,30.7
14-Oct-11,28.24
17-Oct-11,33.39
18-Oct-11,31.56
19-Oct-11,34.44
20-Oct-11,34.78
21-Oct-11,31.32
24-Oct-11,29.26
25-Oct-11,32.22
26-Oct-11,29.86
27-Oct-11,25.46
28-Oct-11,24.53
31-Oct-11,29.96
01-Nov-11,34.77
02-Nov-11,32.74
03-Nov-11,30.5
04-Nov-11,30.16
07-Nov-11,29.85
08-Nov-11,27.48
09-Nov-11,36.16
10-Nov-11,32.81
11-Nov-11,30.04
14-Nov-11,31.13
15-Nov-11,31.22
16-Nov-11,33.51
17-Nov-11,34.51
18-Nov-11,32
21-Nov-11,32.91
22-Nov-11,31.97
23-Nov-11,33.98
25-Nov-11,34.47
28-Nov-11,32.13
29-Nov-11,30.64
30-Nov-11,27.8
01-Dec-11,27.41
02-Dec-11,27.52
05-Dec-11,27.84
06-Dec-11,28.13
07-Dec-11,28.67
08-Dec-11,30.59
09-Dec-11,26.38
12-Dec-11,25.67
13-Dec-11,25.41
14-Dec-11,26.04
15-Dec-11,25.11
16-Dec-11,24.29
19-Dec-11,24.92
20-Dec-11,23.22
21-Dec-11,21.43
22-Dec-11,21.16
23-Dec-11,20.73
27-Dec-11,21.91
28-Dec-11,23.52
29-Dec-11,22.65
30-Dec-11,23.4
03-Jan-12,22.97
04-Jan-12,22.22
05-Jan-12,21.48
06-Jan-12,20.63
09-Jan-12,21.07
10-Jan-12,20.69
11-Jan-12,21.05
12-Jan-12,20.47
13-Jan-12,20.91
17-Jan-12,22.2
18-Jan-12,20.89
19-Jan-12,19.87
20-Jan-12,18.28
23-Jan-12,18.67
24-Jan-12,18.91
25-Jan-12,18.31
26-Jan-12,18.57
27-Jan-12,18.53
30-Jan-12,19.4
31-Jan-12,19.44
01-Feb-12,18.55
02-Feb-12,17.98
03-Feb-12,17.1
06-Feb-12,17.76
07-Feb-12,17.65
08-Feb-12,18.16
09-Feb-12,18.63
10-Feb-12,20.79
13-Feb-12,19.04
14-Feb-12,19.54
15-Feb-12,21.14
16-Feb-12,19.22
17-Feb-12,17.78
21-Feb-12,18.19
22-Feb-12,18.19
23-Feb-12,16.8
24-Feb-12,17.31
27-Feb-12,18.19
28-Feb-12,17.96
29-Feb-12,18.43
01-Mar-12,17.26
02-Mar-12,17.29
05-Mar-12,18.05
06-Mar-12,20.87
07-Mar-12,19.07
08-Mar-12,17.95
09-Mar-12,17.11
12-Mar-12,15.64
13-Mar-12,14.8
14-Mar-12,15.31
15-Mar-12,15.42
16-Mar-12,14.47
19-Mar-12,15.04
20-Mar-12,15.58
21-Mar-12,15.13
22-Mar-12,15.57
23-Mar-12,14.82
26-Mar-12,14.26
27-Mar-12,15.59
28-Mar-12,15.47
29-Mar-12,15.48
30-Mar-12,15.5
02-Apr-12,15.64
03-Apr-12,15.66
04-Apr-12,16.44
05-Apr-12,16.7
09-Apr-12,18.81
10-Apr-12,20.39
11-Apr-12,20.02
12-Apr-12,17.2
13-Apr-12,19.55
16-Apr-12,19.55
17-Apr-12,18.46
18-Apr-12,18.64
19-Apr-12,18.36
20-Apr-12,17.44
23-Apr-12,18.97
24-Apr-12,18.1
25-Apr-12,16.82
26-Apr-12,16.24
27-Apr-12,16.32
30-Apr-12,17.15
01-May-12,16.6
02-May-12,16.88
03-May-12,17.56
04-May-12,19.16
07-May-12,18.94
08-May-12,19.05
09-May-12,20.08
10-May-12,18.83
11-May-12,19.89
14-May-12,21.87
15-May-12,21.97
16-May-12,22.27
17-May-12,24.49
18-May-12,25.1
21-May-12,22.01
22-May-12,22.48
23-May-12,22.33
24-May-12,21.54
25-May-12,21.76
29-May-12,21.03
30-May-12,24.14
31-May-12,24.06
01-Jun-12,26.66
04-Jun-12,26.12
05-Jun-12,24.68
06-Jun-12,22.16
07-Jun-12,21.72
08-Jun-12,21.23
11-Jun-12,23.56
12-Jun-12,22.09
13-Jun-12,24.27
14-Jun-12,21.68
15-Jun-12,21.11
18-Jun-12,18.32
19-Jun-12,18.38
20-Jun-12,17.24
21-Jun-12,20.08
22-Jun-12,18.11
25-Jun-12,20.38
26-Jun-12,19.72
27-Jun-12,19.45
28-Jun-12,19.71
29-Jun-12,17.08
02-Jul-12,16.74
03-Jul-12,16.66
05-Jul-12,17.5
06-Jul-12,17.1
09-Jul-12,17.98
10-Jul-12,18.72
11-Jul-12,17.95
12-Jul-12,18.33
13-Jul-12,16.74
16-Jul-12,17.11
17-Jul-12,16.48
18-Jul-12,16.16
19-Jul-12,15.45
20-Jul-12,16.27
23-Jul-12,18.62
24-Jul-12,20.47
25-Jul-12,19.34
26-Jul-12,17.53
27-Jul-12,16.7
30-Jul-12,18.03
31-Jul-12,18.93
01-Aug-12,18.96
02-Aug-12,17.57
03-Aug-12,15.64
06-Aug-12,15.95
07-Aug-12,15.99
08-Aug-12,15.32
09-Aug-12,15.28
10-Aug-12,14.74
13-Aug-12,13.7
14-Aug-12,14.85
15-Aug-12,14.63
16-Aug-12,14.29
17-Aug-12,13.45
20-Aug-12,14.02
21-Aug-12,15.02
22-Aug-12,15.11
23-Aug-12,15.96
24-Aug-12,15.18
27-Aug-12,16.35
28-Aug-12,16.49
29-Aug-12,17.06
30-Aug-12,17.83
31-Aug-12,17.47
04-Sep-12,17.98
05-Sep-12,17.74
06-Sep-12,15.6
07-Sep-12,14.38
10-Sep-12,16.28
11-Sep-12,16.41
12-Sep-12,15.8
13-Sep-12,14.05
14-Sep-12,14.51
17-Sep-12,14.59
18-Sep-12,14.18
19-Sep-12,13.88
20-Sep-12,14.07
21-Sep-12,13.98
24-Sep-12,14.15
25-Sep-12,15.43
26-Sep-12,16.81
27-Sep-12,14.84
28-Sep-12,15.73
01-Oct-12,16.32
02-Oct-12,15.71
03-Oct-12,15.43
04-Oct-12,14.55
05-Oct-12,14.33
08-Oct-12,15.11
09-Oct-12,16.37
10-Oct-12,16.29
11-Oct-12,15.59
12-Oct-12,16.14
15-Oct-12,15.27
16-Oct-12,15.22
17-Oct-12,15.07
18-Oct-12,15.03
19-Oct-12,17.06
22-Oct-12,16.62
23-Oct-12,18.83
24-Oct-12,18.33
25-Oct-12,18.12
26-Oct-12,17.81
31-Oct-12,18.6
01-Nov-12,16.69
02-Nov-12,17.59
05-Nov-12,18.42
06-Nov-12,17.58
07-Nov-12,19.08
08-Nov-12,18.49
09-Nov-12,18.61
12-Nov-12,16.68
13-Nov-12,16.65
14-Nov-12,17.92
15-Nov-12,17.99
16-Nov-12,16.41
19-Nov-12,15.24
20-Nov-12,15.08
21-Nov-12,15.31
23-Nov-12,15.14
26-Nov-12,15.5
27-Nov-12,15.92
28-Nov-12,15.51
29-Nov-12,15.06
30-Nov-12,15.87
03-Dec-12,16.64
04-Dec-12,17.12
05-Dec-12,16.46
06-Dec-12,16.58
07-Dec-12,15.9
10-Dec-12,16.05
11-Dec-12,15.57
12-Dec-12,15.95
13-Dec-12,16.56
14-Dec-12,17
17-Dec-12,16.34
18-Dec-12,15.57
19-Dec-12,17.36
20-Dec-12,17.67
21-Dec-12,17.84
24-Dec-12,18.59
26-Dec-12,19.48
27-Dec-12,19.47
28-Dec-12,22.72
31-Dec-12,18.02
02-Jan-13,14.68
03-Jan-13,14.56
04-Jan-13,13.83
07-Jan-13,13.79
08-Jan-13,13.62
09-Jan-13,13.81
10-Jan-13,13.49
11-Jan-13,13.36
14-Jan-13,13.52
15-Jan-13,13.55
16-Jan-13,13.42
17-Jan-13,13.57
18-Jan-13,12.46
22-Jan-13,12.43
23-Jan-13,12.46
24-Jan-13,12.69
25-Jan-13,12.89
28-Jan-13,13.57
29-Jan-13,13.31
30-Jan-13,14.32
31-Jan-13,14.28
01-Feb-13,12.9
04-Feb-13,14.67
05-Feb-13,13.72
06-Feb-13,13.41
07-Feb-13,13.5
08-Feb-13,13.02
11-Feb-13,12.94
12-Feb-13,12.64
13-Feb-13,12.98
14-Feb-13,12.66
15-Feb-13,12.46
19-Feb-13,12.31
20-Feb-13,14.68
21-Feb-13,15.22
22-Feb-13,14.17
25-Feb-13,18.99
26-Feb-13,16.87
27-Feb-13,14.73
28-Feb-13,15.51
01-Mar-13,15.36
04-Mar-13,14.01
05-Mar-13,13.48
06-Mar-13,13.53
07-Mar-13,13.06
08-Mar-13,12.59
11-Mar-13,11.56
12-Mar-13,12.27
13-Mar-13,11.83
14-Mar-13,11.3
15-Mar-13,11.3
18-Mar-13,13.36
19-Mar-13,14.39
20-Mar-13,12.67
21-Mar-13,13.99
22-Mar-13,13.57
25-Mar-13,13.74
26-Mar-13,12.77
27-Mar-13,13.15
28-Mar-13,12.7
01-Apr-13,13.58
02-Apr-13,12.78
03-Apr-13,14.21
04-Apr-13,13.89
05-Apr-13,13.92
08-Apr-13,13.19
09-Apr-13,12.84
10-Apr-13,12.36
11-Apr-13,12.24
12-Apr-13,12.06
15-Apr-13,17.27
16-Apr-13,13.96
17-Apr-13,16.51
18-Apr-13,17.56
19-Apr-13,14.97
22-Apr-13,14.39
23-Apr-13,13.48
24-Apr-13,13.61
25-Apr-13,13.62
26-Apr-13,13.61
29-Apr-13,13.71
30-Apr-13,13.52
01-May-13,14.49
02-May-13,13.59
03-May-13,12.85
06-May-13,12.66
07-May-13,12.83
08-May-13,12.66
09-May-13,13.13
10-May-13,12.59
13-May-13,12.55
14-May-13,12.77
15-May-13,12.81
16-May-13,13.07
17-May-13,12.45
20-May-13,13.02
21-May-13,13.37
22-May-13,13.82
23-May-13,14.07
24-May-13,13.99
28-May-13,14.48
29-May-13,14.83
30-May-13,14.53
31-May-13,16.3
03-Jun-13,16.28
04-Jun-13,16.27
05-Jun-13,17.5
06-Jun-13,16.63
07-Jun-13,15.14
10-Jun-13,15.44
11-Jun-13,17.07
12-Jun-13,18.59
13-Jun-13,16.41
14-Jun-13,17.15
17-Jun-13,16.8
18-Jun-13,16.61
19-Jun-13,16.64
20-Jun-13,20.49
21-Jun-13,18.9
24-Jun-13,20.11
25-Jun-13,18.47
26-Jun-13,17.21
27-Jun-13,16.86
28-Jun-13,16.86
01-Jul-13,16.37
02-Jul-13,16.44
03-Jul-13,16.2
05-Jul-13,14.89
08-Jul-13,14.78
09-Jul-13,14.35
10-Jul-13,14.21
11-Jul-13,14.01
12-Jul-13,13.84
15-Jul-13,13.79
16-Jul-13,14.42
17-Jul-13,13.78
18-Jul-13,13.77
19-Jul-13,12.54
22-Jul-13,12.29
23-Jul-13,12.66
24-Jul-13,13.18
25-Jul-13,12.97
26-Jul-13,12.72
29-Jul-13,13.39
30-Jul-13,13.39
31-Jul-13,13.45
01-Aug-13,12.94
02-Aug-13,11.98
05-Aug-13,11.84
06-Aug-13,12.72
07-Aug-13,12.98
08-Aug-13,12.73
09-Aug-13,13.41
12-Aug-13,12.81
13-Aug-13,12.31
14-Aug-13,13.04
15-Aug-13,14.73
16-Aug-13,14.37
19-Aug-13,15.1
20-Aug-13,14.91
21-Aug-13,15.94
22-Aug-13,14.76
23-Aug-13,13.98
26-Aug-13,14.99
27-Aug-13,16.77
28-Aug-13,16.49
29-Aug-13,16.81
30-Aug-13,17.01
03-Sep-13,16.61
04-Sep-13,15.88
05-Sep-13,15.77
06-Sep-13,15.85
09-Sep-13,15.63
10-Sep-13,14.53
11-Sep-13,13.82
12-Sep-13,14.29
13-Sep-13,14.16
16-Sep-13,14.38
17-Sep-13,14.53
18-Sep-13,13.59
19-Sep-13,13.16
20-Sep-13,13.12
23-Sep-13,14.31
24-Sep-13,14.08
25-Sep-13,14.01
26-Sep-13,14.06
27-Sep-13,15.46
30-Sep-13,16.6
01-Oct-13,15.54
02-Oct-13,16.6
03-Oct-13,17.67
04-Oct-13,16.74
07-Oct-13,19.41
08-Oct-13,20.34
09-Oct-13,19.6
10-Oct-13,16.48
11-Oct-13,15.72
14-Oct-13,16.07
15-Oct-13,18.66
16-Oct-13,14.71
17-Oct-13,13.48
18-Oct-13,13.04
21-Oct-13,13.16
22-Oct-13,13.33
23-Oct-13,13.42
24-Oct-13,13.2
25-Oct-13,13.09
28-Oct-13,13.31
29-Oct-13,13.41
30-Oct-13,13.65
31-Oct-13,13.75
01-Nov-13,13.28
04-Nov-13,12.93
05-Nov-13,13.27
06-Nov-13,12.67
07-Nov-13,13.91
08-Nov-13,12.9
11-Nov-13,12.53
12-Nov-13,12.82
13-Nov-13,12.52
14-Nov-13,12.37
15-Nov-13,12.19
18-Nov-13,13.1
19-Nov-13,13.39
20-Nov-13,13.4
21-Nov-13,12.66
22-Nov-13,12.26
25-Nov-13,12.79
26-Nov-13,12.81
27-Nov-13,12.98
29-Nov-13,13.7
02-Dec-13,14.23
03-Dec-13,14.55
04-Dec-13,14.7
05-Dec-13,15.08
06-Dec-13,13.79
09-Dec-13,13.49
10-Dec-13,13.91
11-Dec-13,15.42
12-Dec-13,15.54
13-Dec-13,15.76
16-Dec-13,16.03
17-Dec-13,16.21
18-Dec-13,13.8
19-Dec-13,14.15
20-Dec-13,13.79
23-Dec-13,13.04
24-Dec-13,12.48
26-Dec-13,12.33
27-Dec-13,12.46
30-Dec-13,13.56
31-Dec-13,13.72
02-Jan-14,14.23
03-Jan-14,13.76
06-Jan-14,13.55
07-Jan-14,12.92
08-Jan-14,12.87
09-Jan-14,12.89
10-Jan-14,12.14
13-Jan-14,13.28
14-Jan-14,12.28
15-Jan-14,12.28
16-Jan-14,12.53
17-Jan-14,12.44
21-Jan-14,12.87
22-Jan-14,12.84
23-Jan-14,13.77
24-Jan-14,18.14
27-Jan-14,17.42
28-Jan-14,15.8
29-Jan-14,17.35
30-Jan-14,17.29
31-Jan-14,18.41
03-Feb-14,21.44
04-Feb-14,19.11
05-Feb-14,19.95
06-Feb-14,17.23
07-Feb-14,15.29
10-Feb-14,15.26
11-Feb-14,14.51
12-Feb-14,14.3
13-Feb-14,14.14
14-Feb-14,13.57
18-Feb-14,13.87
19-Feb-14,15.5
20-Feb-14,14.79
21-Feb-14,14.68
24-Feb-14,14.23
25-Feb-14,13.67
26-Feb-14,14.35
27-Feb-14,14.04
28-Feb-14,14
03-Mar-14,16
04-Mar-14,14.1
05-Mar-14,13.89
06-Mar-14,14.21
07-Mar-14,14.11
10-Mar-14,14.2
11-Mar-14,14.8
12-Mar-14,14.47
13-Mar-14,16.22
14-Mar-14,17.82
17-Mar-14,15.64
18-Mar-14,14.52
19-Mar-14,15.12
20-Mar-14,14.52
21-Mar-14,15
24-Mar-14,15.09
25-Mar-14,14.02
26-Mar-14,14.93
27-Mar-14,14.62
28-Mar-14,14.41
31-Mar-14,13.88
01-Apr-14,13.1
02-Apr-14,13.09
03-Apr-14,13.37
04-Apr-14,13.96
07-Apr-14,15.57
08-Apr-14,14.89
09-Apr-14,13.82
10-Apr-14,15.89
11-Apr-14,17.03
14-Apr-14,16.11
15-Apr-14,15.61
16-Apr-14,14.18
17-Apr-14,13.36
21-Apr-14,13.25
22-Apr-14,13.19
23-Apr-14,13.27
24-Apr-14,13.32
25-Apr-14,14.06
28-Apr-14,13.97
29-Apr-14,13.71
30-Apr-14,13.41
01-May-14,13.25
02-May-14,12.91
05-May-14,13.29
06-May-14,13.8
07-May-14,13.4
08-May-14,13.43
09-May-14,12.92
12-May-14,12.23
13-May-14,12.13
14-May-14,12.17
15-May-14,13.17
16-May-14,12.44
19-May-14,12.42
20-May-14,12.96
21-May-14,11.91
22-May-14,12.03
23-May-14,11.36
27-May-14,11.51
28-May-14,11.68
29-May-14,11.57
30-May-14,11.4
02-Jun-14,11.58
03-Jun-14,11.87
04-Jun-14,12.08
05-Jun-14,11.68
06-Jun-14,10.73
09-Jun-14,11.15
10-Jun-14,10.99
11-Jun-14,11.6
12-Jun-14,12.56
13-Jun-14,12.18
16-Jun-14,12.65
17-Jun-14,12.06
18-Jun-14,10.61
19-Jun-14,10.62
20-Jun-14,10.85
23-Jun-14,10.98
24-Jun-14,12.13
25-Jun-14,11.59
26-Jun-14,11.63
27-Jun-14,11.26
30-Jun-14,11.57
01-Jul-14,11.15
02-Jul-14,10.82
03-Jul-14,10.32
07-Jul-14,11.33
08-Jul-14,11.98
09-Jul-14,11.65
10-Jul-14,12.59
11-Jul-14,12.08
14-Jul-14,11.82
15-Jul-14,11.96
16-Jul-14,11
17-Jul-14,14.54
18-Jul-14,12.06
21-Jul-14,12.81
22-Jul-14,12.24
23-Jul-14,11.52
24-Jul-14,11.84
25-Jul-14,12.69
28-Jul-14,12.56
29-Jul-14,13.28
30-Jul-14,13.33
31-Jul-14,16.95
01-Aug-14,17.03
04-Aug-14,15.12
05-Aug-14,16.87
06-Aug-14,16.37
07-Aug-14,16.66
08-Aug-14,15.77
11-Aug-14,14.23
12-Aug-14,14.13
13-Aug-14,12.9
14-Aug-14,12.42
15-Aug-14,13.15
18-Aug-14,12.32
19-Aug-14,12.21
20-Aug-14,11.78
21-Aug-14,11.76
22-Aug-14,11.47
25-Aug-14,11.7
26-Aug-14,11.63
27-Aug-14,11.78
28-Aug-14,12.05
29-Aug-14,11.98
02-Sep-14,12.25
03-Sep-14,12.36
04-Sep-14,12.64
05-Sep-14,12.09
08-Sep-14,12.66
09-Sep-14,13.5
10-Sep-14,12.88
11-Sep-14,12.8
12-Sep-14,13.31
15-Sep-14,14.12
16-Sep-14,12.73
17-Sep-14,12.65
18-Sep-14,12.03
19-Sep-14,12.11
22-Sep-14,13.69
23-Sep-14,14.93
24-Sep-14,13.27
25-Sep-14,15.64
26-Sep-14,14.85
29-Sep-14,15.98
30-Sep-14,16.31
01-Oct-14,16.71
02-Oct-14,16.16
03-Oct-14,14.55
06-Oct-14,15.46
07-Oct-14,17.2
08-Oct-14,15.11
09-Oct-14,18.76
10-Oct-14,21.24
13-Oct-14,24.64
14-Oct-14,22.79
15-Oct-14,26.25
16-Oct-14,25.2
17-Oct-14,21.99
20-Oct-14,18.57
21-Oct-14,16.08
22-Oct-14,17.87
23-Oct-14,16.53
24-Oct-14,16.11
27-Oct-14,16.04
28-Oct-14,14.39
29-Oct-14,15.15
30-Oct-14,14.52
31-Oct-14,14.03
03-Nov-14,14.73
04-Nov-14,14.89
05-Nov-14,14.17
06-Nov-14,13.67
07-Nov-14,13.12
10-Nov-14,12.67
11-Nov-14,12.92
12-Nov-14,13.02
13-Nov-14,13.79
14-Nov-14,13.31
17-Nov-14,13.99
18-Nov-14,13.86
19-Nov-14,13.96
20-Nov-14,13.58
21-Nov-14,12.9
24-Nov-14,12.62
25-Nov-14,12.25
26-Nov-14,12.07
28-Nov-14,13.33
01-Dec-14,14.29
02-Dec-14,12.85
03-Dec-14,12.47
04-Dec-14,12.38
05-Dec-14,11.82
08-Dec-14,14.21
09-Dec-14,14.89
10-Dec-14,18.53
11-Dec-14,20.08
12-Dec-14,21.08
15-Dec-14,20.42
16-Dec-14,23.57
17-Dec-14,19.44
18-Dec-14,16.81
19-Dec-14,16.49
22-Dec-14,15.25
23-Dec-14,14.8
24-Dec-14,14.37
26-Dec-14,14.5
29-Dec-14,15.06
30-Dec-14,15.92
31-Dec-14,19.2
02-Jan-15,17.79
05-Jan-15,19.92
06-Jan-15,21.12
07-Jan-15,19.31
08-Jan-15,17.01
09-Jan-15,17.55
12-Jan-15,19.6
13-Jan-15,20.56
14-Jan-15,21.48
15-Jan-15,22.39
16-Jan-15,20.95
20-Jan-15,19.89
21-Jan-15,18.85
22-Jan-15,16.4
23-Jan-15,16.66
26-Jan-15,15.52
27-Jan-15,17.22
28-Jan-15,20.44
29-Jan-15,18.76
30-Jan-15,20.97
02-Feb-15,19.43
03-Feb-15,17.33
04-Feb-15,18.33
05-Feb-15,16.85
06-Feb-15,17.29
09-Feb-15,18.55
10-Feb-15,17.23
11-Feb-15,16.96
12-Feb-15,15.34
13-Feb-15,14.69
17-Feb-15,15.8
18-Feb-15,15.45
19-Feb-15,15.29
20-Feb-15,14.3
23-Feb-15,14.56
24-Feb-15,13.69
25-Feb-15,13.84
26-Feb-15,13.91
27-Feb-15,13.34
02-Mar-15,13.04
03-Mar-15,13.86
04-Mar-15,14.23
05-Mar-15,14.04
06-Mar-15,15.2
09-Mar-15,15.06
10-Mar-15,16.69
11-Mar-15,16.87
12-Mar-15,15.42
13-Mar-15,16
16-Mar-15,15.61
17-Mar-15,15.66
18-Mar-15,13.97
19-Mar-15,14.07
20-Mar-15,13.02
23-Mar-15,13.41
24-Mar-15,13.62
25-Mar-15,15.44
26-Mar-15,15.8
27-Mar-15,15.07
30-Mar-15,14.51
31-Mar-15,15.29
01-Apr-15,15.11
02-Apr-15,14.67
06-Apr-15,14.74
07-Apr-15,14.78
08-Apr-15,13.98
09-Apr-15,13.09
10-Apr-15,12.58
13-Apr-15,13.94
14-Apr-15,13.67
15-Apr-15,12.84
16-Apr-15,12.6
17-Apr-15,13.89
20-Apr-15,13.3
21-Apr-15,13.25
22-Apr-15,12.71
23-Apr-15,12.48
24-Apr-15,12.29
27-Apr-15,13.12
28-Apr-15,12.41
29-Apr-15,13.39
30-Apr-15,14.55
01-May-15,12.7
04-May-15,12.85
05-May-15,14.31
06-May-15,15.15
07-May-15,15.13
08-May-15,12.86
11-May-15,13.85
12-May-15,13.86
13-May-15,13.76
14-May-15,12.74
15-May-15,12.38
18-May-15,12.73
19-May-15,12.85
20-May-15,12.88
21-May-15,12.11
22-May-15,12.13
26-May-15,14.06
27-May-15,13.27
28-May-15,13.31
29-May-15,13.84
01-Jun-15,13.97
02-Jun-15,14.24
03-Jun-15,13.66
04-Jun-15,14.71
05-Jun-15,14.21
08-Jun-15,15.29
09-Jun-15,14.47
10-Jun-15,13.22
11-Jun-15,12.85
12-Jun-15,13.78
15-Jun-15,15.39
16-Jun-15,14.81
17-Jun-15,14.5
18-Jun-15,13.19
19-Jun-15,13.96
22-Jun-15,12.74
23-Jun-15,12.11
24-Jun-15,13.26
25-Jun-15,14.01
26-Jun-15,14.02
29-Jun-15,18.85
30-Jun-15,18.23
01-Jul-15,16.09
02-Jul-15,16.79
06-Jul-15,17.01
07-Jul-15,16.09
08-Jul-15,19.66
09-Jul-15,19.97
10-Jul-15,16.83
13-Jul-15,13.9
14-Jul-15,13.37
15-Jul-15,13.23
16-Jul-15,12.11
17-Jul-15,11.95
20-Jul-15,12.25
21-Jul-15,12.22
22-Jul-15,12.12
23-Jul-15,12.63
24-Jul-15,13.74
27-Jul-15,15.6
28-Jul-15,13.44
29-Jul-15,12.5
30-Jul-15,12.13
31-Jul-15,12.12
03-Aug-15,12.56
04-Aug-15,13
05-Aug-15,12.51
06-Aug-15,13.77
07-Aug-15,13.39
10-Aug-15,12.23
11-Aug-15,13.71
12-Aug-15,13.61
13-Aug-15,13.49
14-Aug-15,12.83
17-Aug-15,13.02
18-Aug-15,13.79
19-Aug-15,15.25
20-Aug-15,19.14
21-Aug-15,28.03
24-Aug-15,40.74
25-Aug-15,36.02
26-Aug-15,30.32
27-Aug-15,26.1
28-Aug-15,26.05
31-Aug-15,28.43
01-Sep-15,31.4
02-Sep-15,26.09
03-Sep-15,25.61
04-Sep-15,27.8
08-Sep-15,24.9
09-Sep-15,26.23
10-Sep-15,24.37
11-Sep-15,23.2
14-Sep-15,24.25
15-Sep-15,22.54
16-Sep-15,21.35
17-Sep-15,21.14
18-Sep-15,22.28
21-Sep-15,20.14
22-Sep-15,22.44
23-Sep-15,22.13
24-Sep-15,23.47
25-Sep-15,23.62
28-Sep-15,27.63
29-Sep-15,26.83
30-Sep-15,24.5
01-Oct-15,22.55
02-Oct-15,20.94
05-Oct-15,19.54
06-Oct-15,19.4
07-Oct-15,18.4
08-Oct-15,17.42
09-Oct-15,17.08
12-Oct-15,16.17
13-Oct-15,17.67
14-Oct-15,18.03
15-Oct-15,16.05
16-Oct-15,15.05
19-Oct-15,14.98
20-Oct-15,15.75
21-Oct-15,16.7
22-Oct-15,14.45
23-Oct-15,14.46
26-Oct-15,15.29
27-Oct-15,15.43
28-Oct-15,14.33
29-Oct-15,14.61
30-Oct-15,15.07
02-Nov-15,14.15
03-Nov-15,14.54
04-Nov-15,15.51
05-Nov-15,15.05
06-Nov-15,14.33
09-Nov-15,16.52
10-Nov-15,15.29
11-Nov-15,16.06
12-Nov-15,18.37
13-Nov-15,20.08
16-Nov-15,18.16
17-Nov-15,18.84
18-Nov-15,16.85
19-Nov-15,16.99
20-Nov-15,15.47
23-Nov-15,15.62
24-Nov-15,15.93
25-Nov-15,15.19
27-Nov-15,15.12
30-Nov-15,16.13
01-Dec-15,14.67
02-Dec-15,15.91
03-Dec-15,18.11
04-Dec-15,14.81
07-Dec-15,15.84
08-Dec-15,17.6
09-Dec-15,19.61
10-Dec-15,19.34
11-Dec-15,24.39
14-Dec-15,22.73
15-Dec-15,20.95
16-Dec-15,17.86
17-Dec-15,18.94
18-Dec-15,20.7
21-Dec-15,18.7
22-Dec-15,16.6
23-Dec-15,15.57
24-Dec-15,15.74
28-Dec-15,16.91
29-Dec-15,16.08
30-Dec-15,17.29
31-Dec-15,18.21
04-Jan-16,20.7
05-Jan-16,19.34
06-Jan-16,20.59
07-Jan-16,24.99
08-Jan-16,27.01
11-Jan-16,24.3
12-Jan-16,22.47
13-Jan-16,25.22
14-Jan-16,23.95
15-Jan-16,27.02
19-Jan-16,26.05
20-Jan-16,27.59
21-Jan-16,26.69
22-Jan-16,22.34
25-Jan-16,24.15
26-Jan-16,22.5
27-Jan-16,23.11
28-Jan-16,22.42
29-Jan-16,20.2
01-Feb-16,19.98
02-Feb-16,21.98
03-Feb-16,21.65
04-Feb-16,21.84
05-Feb-16,23.38
08-Feb-16,26
09-Feb-16,26.54
10-Feb-16,26.29
11-Feb-16,28.14
12-Feb-16,25.4
16-Feb-16,24.11
17-Feb-16,22.31
18-Feb-16,21.64
19-Feb-16,20.53
22-Feb-16,19.38
23-Feb-16,20.98
24-Feb-16,20.72
25-Feb-16,19.11
26-Feb-16,19.81
29-Feb-16,20.55
01-Mar-16,17.7
02-Mar-16,17.09
03-Mar-16,16.7
04-Mar-16,16.86
07-Mar-16,17.35
08-Mar-16,18.67
09-Mar-16,18.34
10-Mar-16,18.05
11-Mar-16,16.5
14-Mar-16,16.92
15-Mar-16,16.84
16-Mar-16,14.99
17-Mar-16,14.44
18-Mar-16,14.02
21-Mar-16,13.79
22-Mar-16,14.17
23-Mar-16,14.94
24-Mar-16,14.74
28-Mar-16,15.24
29-Mar-16,13.82
30-Mar-16,13.56
31-Mar-16,13.95
01-Apr-16,13.1
04-Apr-16,14.12
05-Apr-16,15.42
06-Apr-16,14.09
07-Apr-16,16.16
08-Apr-16,15.36
11-Apr-16,16.26
12-Apr-16,14.85
13-Apr-16,13.84
14-Apr-16,13.72
15-Apr-16,13.62
18-Apr-16,13.35
19-Apr-16,13.24
20-Apr-16,13.28
21-Apr-16,13.95
22-Apr-16,13.22
25-Apr-16,14.08
26-Apr-16,13.96
27-Apr-16,13.77
28-Apr-16,15.22
29-Apr-16,15.7
02-May-16,14.68
03-May-16,15.6
04-May-16,16.05
05-May-16,15.91
06-May-16,14.72
09-May-16,14.57
10-May-16,13.63
11-May-16,14.69
12-May-16,14.41
13-May-16,15.04
16-May-16,14.68
17-May-16,15.57
18-May-16,15.95
19-May-16,16.33
20-May-16,15.2
23-May-16,15.82
24-May-16,14.42
25-May-16,13.9
26-May-16,13.43
27-May-16,13.12
31-May-16,14.19
01-Jun-16,14.2
02-Jun-16,13.63
03-Jun-16,13.47
06-Jun-16,13.65
07-Jun-16,14.05
08-Jun-16,14.08
09-Jun-16,14.64
10-Jun-16,17.03
13-Jun-16,20.97
14-Jun-16,20.5
15-Jun-16,20.14
16-Jun-16,19.37
17-Jun-16,19.41
20-Jun-16,18.37
21-Jun-16,18.48
22-Jun-16,21.17
23-Jun-16,17.25
24-Jun-16,25.76
27-Jun-16,23.85
28-Jun-16,18.75
29-Jun-16,16.64
30-Jun-16,15.63
01-Jul-16,14.77
05-Jul-16,15.58
06-Jul-16,14.96
07-Jul-16,14.76
08-Jul-16,13.2
11-Jul-16,13.54
12-Jul-16,13.55
13-Jul-16,13.04
14-Jul-16,12.82
15-Jul-16,12.67
18-Jul-16,12.44
19-Jul-16,11.97
20-Jul-16,11.77
21-Jul-16,12.74
22-Jul-16,12.02
25-Jul-16,12.87
26-Jul-16,13.05
27-Jul-16,12.83
28-Jul-16,12.72
29-Jul-16,11.87
01-Aug-16,12.44
02-Aug-16,13.37
03-Aug-16,12.86
04-Aug-16,12.42
05-Aug-16,11.39
08-Aug-16,11.5
09-Aug-16,11.66
10-Aug-16,12.05
11-Aug-16,11.68
12-Aug-16,11.55
15-Aug-16,11.81
16-Aug-16,12.64
17-Aug-16,12.19
18-Aug-16,11.43
19-Aug-16,11.34
22-Aug-16,12.27
23-Aug-16,12.38
24-Aug-16,13.45
25-Aug-16,13.63
26-Aug-16,13.65
29-Aug-16,12.94
30-Aug-16,13.12
31-Aug-16,13.42
01-Sep-16,13.48
02-Sep-16,11.98
06-Sep-16,12.02
07-Sep-16,11.94
08-Sep-16,12.51
09-Sep-16,17.5
12-Sep-16,15.16
13-Sep-16,17.85
14-Sep-16,18.14
15-Sep-16,16.3
16-Sep-16,15.37
19-Sep-16,15.53
20-Sep-16,15.92
21-Sep-16,13.3
22-Sep-16,12.02
23-Sep-16,12.29
26-Sep-16,14.5
27-Sep-16,13.1
28-Sep-16,12.39
29-Sep-16,14.02
30-Sep-16,13.29
03-Oct-16,13.57
04-Oct-16,13.63
05-Oct-16,12.99
06-Oct-16,12.84
07-Oct-16,13.48
10-Oct-16,13.38
11-Oct-16,15.36
12-Oct-16,15.91
13-Oct-16,16.69
14-Oct-16,16.12
17-Oct-16,16.21
18-Oct-16,15.28
19-Oct-16,14.41
20-Oct-16,13.75
21-Oct-16,13.34
24-Oct-16,13.02
25-Oct-16,13.46
26-Oct-16,14.24
27-Oct-16,15.36
28-Oct-16,16.19
31-Oct-16,17.06
01-Nov-16,18.56
02-Nov-16,19.32
03-Nov-16,22.08
04-Nov-16,22.51
07-Nov-16,18.71
08-Nov-16,18.74
09-Nov-16,14.38
10-Nov-16,14.74
11-Nov-16,14.17
14-Nov-16,14.48
15-Nov-16,13.37
16-Nov-16,13.72
17-Nov-16,13.35
18-Nov-16,12.85
21-Nov-16,12.42
22-Nov-16,12.41
23-Nov-16,12.43
25-Nov-16,12.34
28-Nov-16,13.15
29-Nov-16,12.9
30-Nov-16,13.33
01-Dec-16,14.07
02-Dec-16,14.12
05-Dec-16,12.14
06-Dec-16,11.79
07-Dec-16,12.22
08-Dec-16,12.64
09-Dec-16,11.75
12-Dec-16,12.64
13-Dec-16,12.72
14-Dec-16,13.19
15-Dec-16,12.79
16-Dec-16,12.2
19-Dec-16,11.71
20-Dec-16,11.45
21-Dec-16,11.27
22-Dec-16,11.43
23-Dec-16,11.44
27-Dec-16,11.99
28-Dec-16,12.95
29-Dec-16,13.37
30-Dec-16,14.04
03-Jan-17,12.85
04-Jan-17,11.85
05-Jan-17,11.67
06-Jan-17,11.32
09-Jan-17,11.56
10-Jan-17,11.49
11-Jan-17,11.26
12-Jan-17,11.54
13-Jan-17,11.23
17-Jan-17,11.87
18-Jan-17,12.48
19-Jan-17,12.78
20-Jan-17,11.54
23-Jan-17,11.77
24-Jan-17,11.07
25-Jan-17,10.81
26-Jan-17,10.63
27-Jan-17,10.58
30-Jan-17,11.88
31-Jan-17,11.99
01-Feb-17,11.81
02-Feb-17,11.93
03-Feb-17,10.97
06-Feb-17,11.37
07-Feb-17,11.29
08-Feb-17,11.45
09-Feb-17,10.88
10-Feb-17,10.85
13-Feb-17,11.07
14-Feb-17,10.74
15-Feb-17,11.97
16-Feb-17,11.76
17-Feb-17,11.49
21-Feb-17,11.57
22-Feb-17,11.74
23-Feb-17,11.71
24-Feb-17,11.47
27-Feb-17,12.09
28-Feb-17,12.92
01-Mar-17,12.54
02-Mar-17,11.81
03-Mar-17,10.96
06-Mar-17,11.24
07-Mar-17,11.45
08-Mar-17,11.86
09-Mar-17,12.3
10-Mar-17,11.66
13-Mar-17,11.35
14-Mar-17,12.3
15-Mar-17,11.63
16-Mar-17,11.21
17-Mar-17,11.28
20-Mar-17,11.34
21-Mar-17,12.47
22-Mar-17,12.81
23-Mar-17,13.12
24-Mar-17,12.96
27-Mar-17,12.5
28-Mar-17,11.53
29-Mar-17,11.42
30-Mar-17,11.54
31-Mar-17,12.37
03-Apr-17,12.38
04-Apr-17,11.79
05-Apr-17,12.89
06-Apr-17,12.39
07-Apr-17,12.87
10-Apr-17,14.05
11-Apr-17,15.07
12-Apr-17,15.77
13-Apr-17,15.96
17-Apr-17,14.66
18-Apr-17,14.42
19-Apr-17,14.93
20-Apr-17,14.15
21-Apr-17,14.63
24-Apr-17,10.84
25-Apr-17,10.76
26-Apr-17,10.85
27-Apr-17,10.36
28-Apr-17,10.82
01-May-17,10.11
02-May-17,10.59
03-May-17,10.68
04-May-17,10.46
05-May-17,10.57
08-May-17,9.77
09-May-17,9.96
10-May-17,10.21
11-May-17,10.6
12-May-17,10.4
15-May-17,10.42
16-May-17,10.65
17-May-17,15.59
18-May-17,14.66
19-May-17,12.04
22-May-17,10.93
23-May-17,10.72
24-May-17,10.02
25-May-17,9.99
26-May-17,9.81
30-May-17,10.38
31-May-17,10.41
01-Jun-17,9.89
02-Jun-17,9.75
05-Jun-17,10.07
06-Jun-17,10.45
07-Jun-17,10.39
08-Jun-17,10.16
09-Jun-17,10.7
12-Jun-17,11.46
13-Jun-17,10.42
14-Jun-17,10.64
15-Jun-17,10.9
16-Jun-17,10.38
19-Jun-17,10.37
20-Jun-17,10.86
21-Jun-17,10.75
22-Jun-17,10.48
23-Jun-17,10.02
26-Jun-17,9.9
27-Jun-17,11.06
28-Jun-17,10.03
29-Jun-17,11.44
30-Jun-17,11.18
03-Jul-17,11.22
05-Jul-17,11.07
06-Jul-17,12.54
07-Jul-17,11.19
10-Jul-17,11.11
11-Jul-17,10.89
12-Jul-17,10.3
13-Jul-17,9.9
14-Jul-17,9.51
17-Jul-17,9.82
18-Jul-17,9.89
19-Jul-17,9.79
20-Jul-17,9.58
21-Jul-17,9.36
24-Jul-17,9.43
25-Jul-17,9.43
26-Jul-17,9.6
27-Jul-17,10.11
28-Jul-17,10.29
31-Jul-17,10.26
01-Aug-17,10.09
02-Aug-17,10.28
03-Aug-17,10.44
04-Aug-17,10.03
07-Aug-17,9.93
08-Aug-17,10.96
09-Aug-17,11.11
10-Aug-17,16.04
11-Aug-17,15.51
14-Aug-17,12.33
15-Aug-17,12.04
16-Aug-17,11.74
17-Aug-17,15.55
18-Aug-17,14.26
21-Aug-17,13.19
22-Aug-17,11.35
23-Aug-17,12.25
24-Aug-17,12.23
25-Aug-17,11.28
28-Aug-17,11.32
29-Aug-17,11.7
30-Aug-17,11.22
31-Aug-17,10.59
01-Sep-17,10.13
05-Sep-17,12.23
06-Sep-17,11.63
07-Sep-17,11.55
08-Sep-17,12.12
11-Sep-17,10.73
12-Sep-17,10.58
13-Sep-17,10.5
14-Sep-17,10.44
15-Sep-17,10.17
18-Sep-17,10.15
19-Sep-17,10.18
20-Sep-17,9.78
21-Sep-17,9.67
22-Sep-17,9.59
25-Sep-17,10.21
26-Sep-17,10.17
27-Sep-17,9.87
28-Sep-17,9.55
29-Sep-17,9.51
02-Oct-17,9.45
03-Oct-17,9.51
04-Oct-17,9.63
05-Oct-17,9.19
06-Oct-17,9.65
09-Oct-17,10.33
10-Oct-17,10.08
11-Oct-17,9.85
12-Oct-17,9.91
13-Oct-17,9.61
16-Oct-17,9.91
17-Oct-17,10.31
18-Oct-17,10.07
19-Oct-17,10.05
20-Oct-17,9.97
23-Oct-17,11.07
24-Oct-17,11.16
25-Oct-17,11.23
26-Oct-17,11.3
27-Oct-17,9.8
30-Oct-17,10.5
31-Oct-17,10.18
01-Nov-17,10.2
02-Nov-17,9.93
03-Nov-17,9.14
06-Nov-17,9.4
07-Nov-17,9.89
08-Nov-17,9.78
09-Nov-17,10.5
10-Nov-17,11.29
13-Nov-17,11.5
14-Nov-17,11.59
15-Nov-17,13.13
16-Nov-17,11.76
17-Nov-17,11.43
20-Nov-17,10.65
21-Nov-17,9.73
22-Nov-17,9.88
24-Nov-17,9.67
27-Nov-17,9.87
28-Nov-17,10.03
29-Nov-17,10.7
30-Nov-17,11.28
01-Dec-17,11.43
04-Dec-17,11.68
05-Dec-17,11.33
06-Dec-17,11.02
07-Dec-17,10.16
08-Dec-17,9.58
11-Dec-17,9.34
12-Dec-17,9.92
13-Dec-17,10.18
14-Dec-17,10.49
15-Dec-17,9.42
18-Dec-17,9.53
19-Dec-17,10.03
20-Dec-17,9.72
21-Dec-17,9.62
22-Dec-17,9.9
26-Dec-17,10.25
27-Dec-17,10.47
28-Dec-17,10.18
29-Dec-17,11.04
02-Jan-18,9.77
03-Jan-18,9.15
04-Jan-18,9.22
05-Jan-18,9.22
08-Jan-18,9.52
09-Jan-18,10.08
10-Jan-18,9.82
11-Jan-18,9.88
12-Jan-18,10.16
16-Jan-18,11.66
17-Jan-18,11.91
18-Jan-18,12.22
19-Jan-18,11.27
22-Jan-18,11.03
23-Jan-18,11.1
24-Jan-18,11.47
25-Jan-18,11.58
26-Jan-18,11.08
29-Jan-18,13.84
30-Jan-18,14.79
31-Jan-18,13.54
01-Feb-18,13.47
02-Feb-18,17.31
05-Feb-18,37.32
06-Feb-18,29.98
07-Feb-18,27.73
08-Feb-18,33.46
09-Feb-18,29.06
12-Feb-18,25.61
13-Feb-18,24.97
14-Feb-18,19.26
15-Feb-18,19.13
16-Feb-18,19.46
20-Feb-18,20.6
21-Feb-18,20.02
22-Feb-18,18.72
23-Feb-18,16.49
26-Feb-18,15.8
27-Feb-18,18.59
28-Feb-18,19.85
01-Mar-18,22.47
02-Mar-18,19.59
05-Mar-18,18.73
06-Mar-18,18.36
07-Mar-18,17.76
08-Mar-18,16.54
09-Mar-18,14.64
12-Mar-18,15.78
13-Mar-18,16.35
14-Mar-18,17.23
15-Mar-18,16.59
16-Mar-18,15.8
19-Mar-18,19.02
20-Mar-18,18.2
21-Mar-18,17.86
22-Mar-18,23.34
23-Mar-18,24.87
26-Mar-18,21.03
27-Mar-18,22.5
28-Mar-18,22.87
29-Mar-18,19.97
02-Apr-18,23.62
03-Apr-18,21.1
04-Apr-18,20.06
05-Apr-18,18.94
06-Apr-18,21.49
09-Apr-18,21.77
10-Apr-18,20.47
11-Apr-18,20.24
12-Apr-18,18.49
13-Apr-18,17.41
16-Apr-18,16.56
17-Apr-18,15.25
18-Apr-18,15.6
19-Apr-18,15.96
20-Apr-18,16.88
23-Apr-18,16.34
24-Apr-18,18.02
25-Apr-18,17.84
26-Apr-18,16.24
27-Apr-18,15.41
30-Apr-18,15.93
01-May-18,15.49
02-May-18,15.97
03-May-18,15.9
04-May-18,14.77
07-May-18,14.75
08-May-18,14.71
09-May-18,13.42
10-May-18,13.23
11-May-18,12.65
14-May-18,12.93
15-May-18,14.63
16-May-18,13.42
17-May-18,13.43
18-May-18,13.42
21-May-18,13.08
22-May-18,13.22
23-May-18,12.58
24-May-18,12.53
25-May-18,13.22
29-May-18,17.02
30-May-18,14.94
31-May-18,15.43
01-Jun-18,13.46
04-Jun-18,12.74
05-Jun-18,12.4
06-Jun-18,11.64
07-Jun-18,12.13
08-Jun-18,12.18
11-Jun-18,12.35
12-Jun-18,12.34
13-Jun-18,12.94
14-Jun-18,12.12
15-Jun-18,11.98
18-Jun-18,12.31
19-Jun-18,13.35
20-Jun-18,12.79
21-Jun-18,14.64
22-Jun-18,13.77
25-Jun-18,17.33
26-Jun-18,15.92
27-Jun-18,17.91
28-Jun-18,16.85
29-Jun-18,16.09
02-Jul-18,15.6
03-Jul-18,16.14
05-Jul-18,14.97
06-Jul-18,13.37
09-Jul-18,12.69
10-Jul-18,12.64
11-Jul-18,13.63
12-Jul-18,12.58
13-Jul-18,12.18
16-Jul-18,12.83
17-Jul-18,12.06
18-Jul-18,12.1
19-Jul-18,12.87
20-Jul-18,12.86
23-Jul-18,12.62
24-Jul-18,12.41
25-Jul-18,12.29
26-Jul-18,12.14
27-Jul-18,13.03
30-Jul-18,14.26
31-Jul-18,12.83
01-Aug-18,13.15
02-Aug-18,12.19
03-Aug-18,11.64
06-Aug-18,11.27
07-Aug-18,10.93
08-Aug-18,10.85
09-Aug-18,11.27
10-Aug-18,13.16
13-Aug-18,14.78
14-Aug-18,13.31
15-Aug-18,14.64
16-Aug-18,13.45
17-Aug-18,12.64
20-Aug-18,12.49
21-Aug-18,12.86
22-Aug-18,12.25
23-Aug-18,12.41
24-Aug-18,11.99
27-Aug-18,12.16
28-Aug-18,12.5
29-Aug-18,12.25
30-Aug-18,13.53
31-Aug-18,12.86
04-Sep-18,13.16
05-Sep-18,13.91
06-Sep-18,14.65
07-Sep-18,14.88
10-Sep-18,14.16
11-Sep-18,13.22
12-Sep-18,13.14
13-Sep-18,12.37
14-Sep-18,12.07
17-Sep-18,13.68
18-Sep-18,12.79
19-Sep-18,11.75
20-Sep-18,11.8
21-Sep-18,11.68
24-Sep-18,12.2
25-Sep-18,12.42
26-Sep-18,12.89
27-Sep-18,12.41
28-Sep-18,12.12
01-Oct-18,12
02-Oct-18,12.05
03-Oct-18,11.61
04-Oct-18,14.22
05-Oct-18,14.82
08-Oct-18,15.69
09-Oct-18,15.95
10-Oct-18,22.96
11-Oct-18,24.98
12-Oct-18,21.31
15-Oct-18,21.3
16-Oct-18,17.62
17-Oct-18,17.4
18-Oct-18,20.06
19-Oct-18,19.89
22-Oct-18,19.64
23-Oct-18,20.71
24-Oct-18,25.23
25-Oct-18,24.22
26-Oct-18,24.16
29-Oct-18,24.7
30-Oct-18,23.35
31-Oct-18,21.23
01-Nov-18,19.34
02-Nov-18,19.51
05-Nov-18,19.96
06-Nov-18,19.91
07-Nov-18,16.36
08-Nov-18,16.72
09-Nov-18,17.36
12-Nov-18,20.45
13-Nov-18,20.02
14-Nov-18,21.25
15-Nov-18,19.98
16-Nov-18,18.14
19-Nov-18,20.1
20-Nov-18,22.48
21-Nov-18,20.8
23-Nov-18,21.52
26-Nov-18,18.9
27-Nov-18,19.02
28-Nov-18,18.49
29-Nov-18,18.79
30-Nov-18,18.07
03-Dec-18,16.44
04-Dec-18,20.74
06-Dec-18,21.19
07-Dec-18,23.23
10-Dec-18,22.64
11-Dec-18,21.76
12-Dec-18,21.46
13-Dec-18,20.65
14-Dec-18,21.63
17-Dec-18,24.52
18-Dec-18,25.58
19-Dec-18,25.58
20-Dec-18,28.38
21-Dec-18,30.11
24-Dec-18,36.07
26-Dec-18,30.41
27-Dec-18,29.96
28-Dec-18,28.34
31-Dec-18,25.42
02-Jan-19,23.22
03-Jan-19,25.45
04-Jan-19,21.38
07-Jan-19,21.4
08-Jan-19,20.47
09-Jan-19,19.98
10-Jan-19,19.5
11-Jan-19,18.19
14-Jan-19,19.07
15-Jan-19,18.6
16-Jan-19,19.04
17-Jan-19,18.06
18-Jan-19,17.8
22-Jan-19,20.8
23-Jan-19,19.52
24-Jan-19,18.89
25-Jan-19,17.42
28-Jan-19,18.87
29-Jan-19,19.13
30-Jan-19,17.66
31-Jan-19,16.57
01-Feb-19,16.14
04-Feb-19,15.73
05-Feb-19,15.57
06-Feb-19,15.38
07-Feb-19,16.37
08-Feb-19,15.72
11-Feb-19,15.97
12-Feb-19,15.43
13-Feb-19,15.65
14-Feb-19,16.22
15-Feb-19,14.91
19-Feb-19,14.88
20-Feb-19,14.02
21-Feb-19,14.46
22-Feb-19,13.51
25-Feb-19,14.85
26-Feb-19,15.17
27-Feb-19,14.7
28-Feb-19,14.7
01-Mar-19,13.57
04-Mar-19,14.63
05-Mar-19,14.74
06-Mar-19,15.74
07-Mar-19,16.59
08-Mar-19,16.05
11-Mar-19,14.33
12-Mar-19,13.77
13-Mar-19,13.41
14-Mar-19,13.5
15-Mar-19,12.88
18-Mar-19,13.1
19-Mar-19,13.56
20-Mar-19,13.91
21-Mar-19,13.63
22-Mar-19,16.48
25-Mar-19,16.33
26-Mar-19,14.68
27-Mar-19,15.15
28-Mar-19,14.43
29-Mar-19,13.71
01-Apr-19,13.4
02-Apr-19,13.36
03-Apr-19,13.74
04-Apr-19,13.58
05-Apr-19,12.82
08-Apr-19,13.18
09-Apr-19,14.28
10-Apr-19,13.3
11-Apr-19,13.02
12-Apr-19,12.01
15-Apr-19,12.32
16-Apr-19,12.18
17-Apr-19,12.6
18-Apr-19,12.09
22-Apr-19,12.42
23-Apr-19,12.28
24-Apr-19,13.14
25-Apr-19,13.25
26-Apr-19,12.73
29-Apr-19,13.11
30-Apr-19,13.12
01-May-19,14.8
02-May-19,14.42
03-May-19,12.87
06-May-19,15.44
07-May-19,19.32
08-May-19,19.4
09-May-19,19.1
10-May-19,16.04
13-May-19,20.55
14-May-19,18.06
15-May-19,16.44
16-May-19,15.29
17-May-19,15.96
20-May-19,16.31
21-May-19,14.95
22-May-19,14.75
23-May-19,16.92
24-May-19,15.85
28-May-19,17.5
29-May-19,17.9
30-May-19,17.3
31-May-19,18.71
03-Jun-19,18.86
04-Jun-19,16.97
05-Jun-19,16.09
06-Jun-19,15.93
07-Jun-19,16.3
10-Jun-19,15.94
11-Jun-19,15.99
12-Jun-19,15.91
13-Jun-19,15.82
14-Jun-19,15.28
17-Jun-19,15.35
18-Jun-19,15.15
19-Jun-19,14.33
20-Jun-19,14.75
21-Jun-19,15.4
24-Jun-19,15.26
25-Jun-19,16.28
26-Jun-19,16.21
27-Jun-19,15.82
28-Jun-19,15.08
01-Jul-19,14.06
02-Jul-19,12.93
03-Jul-19,12.57
05-Jul-19,13.28
08-Jul-19,13.96
09-Jul-19,14.09
10-Jul-19,13.03
11-Jul-19,12.93
12-Jul-19,12.39
15-Jul-19,12.68
16-Jul-19,12.86
17-Jul-19,13.97
18-Jul-19,13.53
19-Jul-19,14.45
22-Jul-19,13.53
23-Jul-19,12.61
24-Jul-19,12.07
25-Jul-19,12.74
26-Jul-19,12.16
29-Jul-19,12.83
30-Jul-19,13.94
31-Jul-19,16.12
01-Aug-19,17.87
02-Aug-19,17.61
05-Aug-19,24.59
06-Aug-19,20.17
07-Aug-19,19.49
08-Aug-19,16.91
09-Aug-19,17.97
12-Aug-19,21.09
13-Aug-19,17.52
14-Aug-19,22.1
15-Aug-19,21.18
16-Aug-19,18.47
19-Aug-19,16.88
20-Aug-19,17.5
21-Aug-19,15.8
22-Aug-19,16.68
23-Aug-19,19.87
26-Aug-19,19.32
27-Aug-19,20.31
28-Aug-19,19.35
29-Aug-19,17.88
30-Aug-19,18.98
03-Sep-19,19.66
04-Sep-19,17.33
05-Sep-19,16.27
06-Sep-19,15
09-Sep-19,15.27
10-Sep-19,15.2
11-Sep-19,14.61
12-Sep-19,14.22
13-Sep-19,13.74
16-Sep-19,14.67
17-Sep-19,14.44
18-Sep-19,13.95
19-Sep-19,14.05
20-Sep-19,15.32
23-Sep-19,14.91
24-Sep-19,17.05
25-Sep-19,15.96
26-Sep-19,16.07
27-Sep-19,17.22
30-Sep-19,16.24
01-Oct-19,18.56
02-Oct-19,20.56
03-Oct-19,19.12
04-Oct-19,17.04
07-Oct-19,17.86
08-Oct-19,20.28
09-Oct-19,18.64
10-Oct-19,17.57
11-Oct-19,15.58
14-Oct-19,14.57
15-Oct-19,13.54
16-Oct-19,13.68
17-Oct-19,13.79
18-Oct-19,14.25
21-Oct-19,14
22-Oct-19,14.46
23-Oct-19,14.01
24-Oct-19,13.71
25-Oct-19,12.65
28-Oct-19,13.11
29-Oct-19,13.2
30-Oct-19,12.33
31-Oct-19,13.22
01-Nov-19,12.3
04-Nov-19,12.83
05-Nov-19,13.1
06-Nov-19,12.62
07-Nov-19,12.73
08-Nov-19,12.07
11-Nov-19,12.69
12-Nov-19,12.68
13-Nov-19,13
14-Nov-19,13.05
15-Nov-19,12.05
18-Nov-19,12.46
19-Nov-19,12.86
20-Nov-19,12.78
21-Nov-19,13.13
22-Nov-19,12.34
25-Nov-19,11.87
26-Nov-19,11.54
27-Nov-19,11.75
29-Nov-19,12.62
02-Dec-19,14.91
03-Dec-19,15.96
04-Dec-19,14.8
05-Dec-19,14.52
06-Dec-19,13.62
09-Dec-19,15.86
10-Dec-19,15.68
11-Dec-19,14.99
12-Dec-19,13.94
13-Dec-19,12.63
16-Dec-19,12.14
17-Dec-19,12.29
18-Dec-19,12.58
19-Dec-19,12.5
20-Dec-19,12.51
23-Dec-19,12.61
24-Dec-19,12.67
26-Dec-19,12.65
27-Dec-19,13.43
30-Dec-19,14.82
31-Dec-19,13.78
02-Jan-20,12.47
03-Jan-20,14.02
06-Jan-20,13.85
07-Jan-20,13.79
08-Jan-20,13.45
09-Jan-20,12.54
10-Jan-20,12.56
13-Jan-20,12.32
14-Jan-20,12.39
15-Jan-20,12.42
16-Jan-20,12.32
17-Jan-20,12.1
21-Jan-20,12.85
22-Jan-20,12.91
23-Jan-20,12.98
24-Jan-20,14.56
27-Jan-20,18.23
28-Jan-20,16.28
29-Jan-20,16.39
30-Jan-20,15.49
31-Jan-20,18.84
03-Feb-20,17.97
04-Feb-20,16.05
05-Feb-20,15.15
06-Feb-20,14.96
07-Feb-20,15.47
10-Feb-20,15.04
11-Feb-20,15.18
12-Feb-20,13.74
13-Feb-20,14.15
14-Feb-20,13.68
18-Feb-20,14.83
19-Feb-20,14.38
20-Feb-20,15.56
21-Feb-20,17.08
24-Feb-20,25.03
25-Feb-20,27.85
26-Feb-20,27.56
27-Feb-20,39.16
28-Feb-20,40.11
02-Mar-20,33.42
03-Mar-20,36.82
04-Mar-20,31.99
05-Mar-20,39.62
06-Mar-20,41.94
09-Mar-20,54.46
10-Mar-20,47.3
11-Mar-20,53.9
12-Mar-20,75.47
13-Mar-20,57.83
16-Mar-20,82.69
17-Mar-20,75.91
18-Mar-20,76.45
19-Mar-20,72
20-Mar-20,66.04
23-Mar-20,61.59
24-Mar-20,61.67
25-Mar-20,63.95
26-Mar-20,61
27-Mar-20,65.54
30-Mar-20,57.08
31-Mar-20,53.54
01-Apr-20,57.06
02-Apr-20,50.91
03-Apr-20,46.8
06-Apr-20,45.24
07-Apr-20,46.7
08-Apr-20,43.35
09-Apr-20,41.67
13-Apr-20,41.17
14-Apr-20,37.76
15-Apr-20,40.84
16-Apr-20,40.11
17-Apr-20,38.15
20-Apr-20,43.83
21-Apr-20,45.41
22-Apr-20,41.98
23-Apr-20,41.38
24-Apr-20,35.93
27-Apr-20,33.29
28-Apr-20,33.57
29-Apr-20,31.23
30-Apr-20,34.15
01-May-20,37.19
04-May-20,35.97
05-May-20,33.61
06-May-20,34.12
07-May-20,31.44
08-May-20,27.98
11-May-20,27.57
12-May-20,33.04
13-May-20,35.28
14-May-20,32.61
15-May-20,31.89
18-May-20,29.3
19-May-20,30.53
20-May-20,27.99
21-May-20,29.53
22-May-20,28.16
26-May-20,28.01
27-May-20,27.62
28-May-20,28.59
29-May-20,27.51
01-Jun-20,28.23
02-Jun-20,26.84
03-Jun-20,25.66
04-Jun-20,25.81
05-Jun-20,24.52
08-Jun-20,25.81
09-Jun-20,27.57
10-Jun-20,27.57
11-Jun-20,40.79
12-Jun-20,36.09
15-Jun-20,34.4
16-Jun-20,33.67
17-Jun-20,33.47
18-Jun-20,32.94
19-Jun-20,35.12
22-Jun-20,31.77
23-Jun-20,31.37
24-Jun-20,33.84
25-Jun-20,32.22
26-Jun-20,34.73
29-Jun-20,31.78
30-Jun-20,30.43
01-Jul-20,28.62
02-Jul-20,27.68
06-Jul-20,27.94
07-Jul-20,29.43
08-Jul-20,28.08
09-Jul-20,29.26
10-Jul-20,27.29
13-Jul-20,32.19
14-Jul-20,29.52
15-Jul-20,27.76
16-Jul-20,28
17-Jul-20,25.68
20-Jul-20,24.46
21-Jul-20,24.84
22-Jul-20,24.32
23-Jul-20,26.08
24-Jul-20,25.84
27-Jul-20,24.74
28-Jul-20,25.44
29-Jul-20,24.1
30-Jul-20,24.76
31-Jul-20,24.46
03-Aug-20,24.28
04-Aug-20,23.76
05-Aug-20,22.99
06-Aug-20,22.65
07-Aug-20,22.21
10-Aug-20,22.13
11-Aug-20,24.03
12-Aug-20,22.28
13-Aug-20,22.13
14-Aug-20,22.05
17-Aug-20,21.35
18-Aug-20,21.51
19-Aug-20,22.54
20-Aug-20,22.72
21-Aug-20,22.54
24-Aug-20,22.37
25-Aug-20,22.03
26-Aug-20,23.27
27-Aug-20,24.47
28-Aug-20,22.96
31-Aug-20,26.41
01-Sep-20,26.12
02-Sep-20,26.57
03-Sep-20,33.6
04-Sep-20,30.75
08-Sep-20,31.46
09-Sep-20,28.81
10-Sep-20,29.71
11-Sep-20,26.87
14-Sep-20,25.85
15-Sep-20,25.59
16-Sep-20,26.04
17-Sep-20,26.46
18-Sep-20,25.83
21-Sep-20,27.78
22-Sep-20,26.86
23-Sep-20,28.58
24-Sep-20,28.51
25-Sep-20,26.38
28-Sep-20,26.19
29-Sep-20,26.27
30-Sep-20,26.37
01-Oct-20,26.7
02-Oct-20,27.63
05-Oct-20,27.96
06-Oct-20,29.48
07-Oct-20,28.06
08-Oct-20,26.36
09-Oct-20,25
12-Oct-20,25.07
13-Oct-20,26.07
14-Oct-20,26.4
15-Oct-20,26.97
16-Oct-20,27.41
19-Oct-20,29.18
20-Oct-20,29.35
21-Oct-20,28.65
22-Oct-20,28.11
23-Oct-20,27.55
26-Oct-20,32.46
27-Oct-20,33.35
28-Oct-20,40.28
29-Oct-20,37.59
30-Oct-20,38.02
02-Nov-20,37.13
03-Nov-20,35.55
04-Nov-20,29.57
05-Nov-20,27.58
06-Nov-20,24.86
09-Nov-20,25.75
10-Nov-20,24.8
11-Nov-20,23.45
12-Nov-20,25.35
13-Nov-20,23.1
16-Nov-20,22.45
17-Nov-20,22.71
18-Nov-20,23.84
19-Nov-20,23.11
20-Nov-20,23.7
23-Nov-20,22.66
24-Nov-20,21.64
25-Nov-20,21.25
27-Nov-20,20.84
30-Nov-20,20.57
01-Dec-20,20.77
02-Dec-20,21.17
03-Dec-20,21.28
04-Dec-20,20.79
07-Dec-20,21.3
08-Dec-20,20.68
09-Dec-20,22.27
10-Dec-20,22.52
11-Dec-20,23.31
14-Dec-20,24.72
15-Dec-20,22.89
16-Dec-20,22.5
17-Dec-20,21.93
18-Dec-20,21.57
21-Dec-20,25.16
22-Dec-20,24.23
23-Dec-20,23.31
24-Dec-20,21.53
28-Dec-20,21.7
29-Dec-20,23.08
30-Dec-20,22.77
31-Dec-20,22.75
04-Jan-21,26.97
05-Jan-21,25.34
06-Jan-21,25.07
07-Jan-21,22.37
08-Jan-21,21.56
11-Jan-21,24.08
12-Jan-21,23.33
13-Jan-21,22.21
14-Jan-21,23.25
15-Jan-21,24.34
19-Jan-21,23.24
20-Jan-21,21.58
21-Jan-21,21.32
22-Jan-21,21.91
25-Jan-21,23.19
26-Jan-21,23.02
27-Jan-21,37.21
28-Jan-21,30.21
29-Jan-21,33.09
01-Feb-21,30.24
02-Feb-21,25.56
03-Feb-21,22.91
04-Feb-21,21.77
05-Feb-21,20.87
08-Feb-21,21.24
09-Feb-21,21.63
10-Feb-21,21.99
11-Feb-21,21.25
12-Feb-21,19.97
16-Feb-21,21.46
17-Feb-21,21.5
18-Feb-21,22.49
19-Feb-21,22.05
22-Feb-21,23.45
23-Feb-21,23.11
24-Feb-21,21.34
25-Feb-21,28.89
26-Feb-21,27.95
01-Mar-21,23.35
02-Mar-21,24.1
03-Mar-21,26.67
04-Mar-21,28.57
05-Mar-21,24.66
08-Mar-21,25.47
09-Mar-21,24.03
10-Mar-21,22.56
11-Mar-21,21.91
12-Mar-21,20.69
15-Mar-21,20.03
16-Mar-21,19.79
17-Mar-21,19.23
18-Mar-21,21.58
19-Mar-21,20.95
22-Mar-21,18.88
23-Mar-21,20.3
24-Mar-21,21.2
25-Mar-21,19.81
26-Mar-21,18.86
29-Mar-21,20.74
30-Mar-21,19.61
31-Mar-21,19.4
01-Apr-21,17.33
05-Apr-21,17.91
06-Apr-21,18.12
07-Apr-21,17.16
08-Apr-21,16.95
09-Apr-21,16.69
12-Apr-21,16.91
13-Apr-21,16.65
14-Apr-21,16.99
15-Apr-21,16.57
16-Apr-21,16.25
19-Apr-21,17.29
20-Apr-21,18.68
21-Apr-21,17.5
22-Apr-21,18.71
23-Apr-21,17.33
26-Apr-21,17.64
27-Apr-21,17.56
28-Apr-21,17.28
29-Apr-21,17.61
30-Apr-21,18.61
03-May-21,18.31
04-May-21,19.48
05-May-21,19.15
06-May-21,18.39
07-May-21,16.69
10-May-21,19.66
11-May-21,21.84
12-May-21,27.59
13-May-21,23.13
14-May-21,18.81
17-May-21,19.72
18-May-21,21.34
19-May-21,22.18
20-May-21,20.67
21-May-21,20.15
24-May-21,18.4
25-May-21,18.84
26-May-21,17.36
27-May-21,16.74
28-May-21,16.76
01-Jun-21,17.9
02-Jun-21,17.48
03-Jun-21,18.04
04-Jun-21,16.42
07-Jun-21,16.42
08-Jun-21,17.07
09-Jun-21,17.89
10-Jun-21,16.1
11-Jun-21,15.65
14-Jun-21,16.39
15-Jun-21,17.02
16-Jun-21,18.15
17-Jun-21,17.75
18-Jun-21,20.7
21-Jun-21,17.89
22-Jun-21,16.66
23-Jun-21,16.32
24-Jun-21,15.97
25-Jun-21,15.62
28-Jun-21,15.76
29-Jun-21,16.02
30-Jun-21,15.83
01-Jul-21,15.48
02-Jul-21,15.07
06-Jul-21,16.44
07-Jul-21,16.2
08-Jul-21,19
09-Jul-21,16.18
12-Jul-21,16.17
13-Jul-21,17.12
14-Jul-21,16.33
15-Jul-21,17.01
16-Jul-21,18.45
19-Jul-21,22.5
20-Jul-21,19.73
21-Jul-21,17.91
22-Jul-21,17.69
23-Jul-21,17.2
26-Jul-21,17.58
27-Jul-21,19.36
28-Jul-21,18.31
29-Jul-21,17.7
30-Jul-21,18.24
02-Aug-21,19.46
03-Aug-21,18.04
04-Aug-21,17.97
05-Aug-21,17.28
06-Aug-21,16.15
09-Aug-21,16.72
10-Aug-21,16.79
11-Aug-21,16.06
12-Aug-21,15.59
13-Aug-21,15.45
16-Aug-21,16.12
17-Aug-21,17.91
18-Aug-21,21.57
19-Aug-21,21.67
20-Aug-21,18.56
23-Aug-21,17.15
24-Aug-21,17.22
25-Aug-21,16.79
26-Aug-21,18.84
27-Aug-21,16.39
30-Aug-21,16.19
31-Aug-21,16.48
01-Sep-21,16.11
02-Sep-21,16.41
03-Sep-21,16.41
07-Sep-21,18.14
08-Sep-21,17.96
09-Sep-21,18.8
10-Sep-21,20.95
13-Sep-21,19.37
14-Sep-21,19.46
15-Sep-21,18.18
16-Sep-21,18.69
17-Sep-21,20.81
20-Sep-21,25.71
21-Sep-21,24.36
22-Sep-21,20.87
23-Sep-21,18.63
24-Sep-21,17.75
27-Sep-21,18.76
28-Sep-21,23.25
29-Sep-21,22.56
30-Sep-21,23.14
01-Oct-21,21.15
04-Oct-21,22.96
05-Oct-21,21.3
06-Oct-21,21
07-Oct-21,19.54
08-Oct-21,18.77
11-Oct-21,20
12-Oct-21,19.85
13-Oct-21,18.64
14-Oct-21,16.86
15-Oct-21,16.3
18-Oct-21,16.31
19-Oct-21,15.7
20-Oct-21,15.49
21-Oct-21,15.01
22-Oct-21,15.43
25-Oct-21,15.24
26-Oct-21,15.98
27-Oct-21,16.98
28-Oct-21,16.53
29-Oct-21,16.26
01-Nov-21,16.41
02-Nov-21,16.03
03-Nov-21,15.1
04-Nov-21,15.44
05-Nov-21,16.48
08-Nov-21,17.22
09-Nov-21,17.78
10-Nov-21,18.73
11-Nov-21,17.66
12-Nov-21,16.29
15-Nov-21,16.49
16-Nov-21,16.37
17-Nov-21,17.11
18-Nov-21,17.59
19-Nov-21,17.91
22-Nov-21,19.17
23-Nov-21,19.38
24-Nov-21,18.58
26-Nov-21,28.62
29-Nov-21,22.96
30-Nov-21,27.19
01-Dec-21,31.12
02-Dec-21,27.95
03-Dec-21,30.67
06-Dec-21,27.18
07-Dec-21,21.89
08-Dec-21,19.9
09-Dec-21,21.58
10-Dec-21,18.69
13-Dec-21,20.31
14-Dec-21,21.89
15-Dec-21,19.29
16-Dec-21,20.57
17-Dec-21,21.57
20-Dec-21,22.87
21-Dec-21,21.01
22-Dec-21,18.63
23-Dec-21,17.96
27-Dec-21,17.68
28-Dec-21,17.54
29-Dec-21,16.95
30-Dec-21,17.33
31-Dec-21,17.22
03-Jan-22,16.6
04-Jan-22,16.91
05-Jan-22,19.73
06-Jan-22,19.61
07-Jan-22,18.76
10-Jan-22,19.4
11-Jan-22,18.41
12-Jan-22,17.62
13-Jan-22,20.31
14-Jan-22,19.19
18-Jan-22,22.79
19-Jan-22,23.85
20-Jan-22,25.59
21-Jan-22,28.85
24-Jan-22,29.9
25-Jan-22,31.16
26-Jan-22,31.96
27-Jan-22,30.49
28-Jan-22,27.66
31-Jan-22,24.83
01-Feb-22,21.96
02-Feb-22,22.09
03-Feb-22,24.35
04-Feb-22,23.22
07-Feb-22,22.86
08-Feb-22,21.44
09-Feb-22,19.96
10-Feb-22,23.91
11-Feb-22,27.36
14-Feb-22,28.33
15-Feb-22,25.7
16-Feb-22,24.29
17-Feb-22,28.11
18-Feb-22,27.75
22-Feb-22,28.81
23-Feb-22,31.02
24-Feb-22,30.32
25-Feb-22,27.59
28-Feb-22,30.15
01-Mar-22,33.32
02-Mar-22,30.74
03-Mar-22,30.48
04-Mar-22,31.98
07-Mar-22,36.45
08-Mar-22,35.13
09-Mar-22,32.45
10-Mar-22,30.23
11-Mar-22,30.75
14-Mar-22,31.77
15-Mar-22,29.83
16-Mar-22,26.67
17-Mar-22,25.67
18-Mar-22,23.87
21-Mar-22,23.53
22-Mar-22,22.94
23-Mar-22,23.57
24-Mar-22,21.67
25-Mar-22,20.81
28-Mar-22,19.63
29-Mar-22,18.9
30-Mar-22,19.33
31-Mar-22,20.56
01-Apr-22,19.63
04-Apr-22,18.57
05-Apr-22,21.03
06-Apr-22,22.1
07-Apr-22,21.55
08-Apr-22,21.16
11-Apr-22,24.37
12-Apr-22,24.26
13-Apr-22,21.82
14-Apr-22,22.7
18-Apr-22,22.17
19-Apr-22,21.37
20-Apr-22,20.32
21-Apr-22,22.68
22-Apr-22,28.21
25-Apr-22,27.02
26-Apr-22,33.52
27-Apr-22,31.6
28-Apr-22,29.99
29-Apr-22,33.4
02-May-22,32.34
03-May-22,29.25
04-May-22,25.42
05-May-22,31.2
06-May-22,30.19
09-May-22,34.75
10-May-22,32.99
11-May-22,32.56
12-May-22,31.77
13-May-22,28.87
16-May-22,27.47
17-May-22,26.1
18-May-22,30.96
19-May-22,29.35
20-May-22,29.43
23-May-22,28.48
24-May-22,29.45
25-May-22,28.37
26-May-22,27.5
27-May-22,25.72
30-May-22,26.54
31-May-22,26.19
01-Jun-22,25.69
02-Jun-22,24.72
03-Jun-22,24.79
06-Jun-22,25.07
07-Jun-22,24.02
08-Jun-22,23.96
09-Jun-22,26.09
10-Jun-22,27.75
13-Jun-22,34.02
14-Jun-22,32.69
15-Jun-22,29.62
16-Jun-22,32.95
17-Jun-22,31.13
20-Jun-22,31.03
21-Jun-22,30.19
22-Jun-22,28.95
23-Jun-22,29.05
24-Jun-22,27.23
27-Jun-22,26.95
28-Jun-22,28.36
29-Jun-22,28.16
30-Jun-22,28.71
01-Jul-22,26.7
04-Jul-22,27.53
05-Jul-22,27.54
06-Jul-22,26.73
07-Jul-22,26.08
08-Jul-22,24.64
11-Jul-22,26.17
12-Jul-22,27.29
13-Jul-22,26.82
14-Jul-22,26.4
15-Jul-22,24.23
18-Jul-22,25.3
19-Jul-22,24.5
20-Jul-22,23.88
21-Jul-22,23.11
22-Jul-22,23.03
25-Jul-22,23.36
26-Jul-22,24.69
27-Jul-22,23.24
28-Jul-22,22.33
29-Jul-22,21.33
01-Aug-22,22.84
02-Aug-22,23.93
03-Aug-22,21.95
04-Aug-22,21.44
05-Aug-22,21.15
08-Aug-22,21.29
09-Aug-22,21.77
10-Aug-22,19.74
11-Aug-22,20.2
12-Aug-22,19.53
15-Aug-22,19.95
16-Aug-22,19.69
17-Aug-22,19.9
18-Aug-22,19.56
19-Aug-22,20.6
22-Aug-22,23.8
23-Aug-22,24.11
24-Aug-22,22.82
25-Aug-22,21.78
26-Aug-22,25.56
29-Aug-22,26.21
30-Aug-22,26.21
31-Aug-22,25.87
01-Sep-22,25.56
02-Sep-22,25.47
05-Sep-22,25.99
06-Sep-22,26.91
07-Sep-22,24.64
08-Sep-22,23.61
09-Sep-22,22.79
12-Sep-22,23.87
13-Sep-22,27.27
14-Sep-22,26.16
15-Sep-22,26.27
16-Sep-22,26.3
19-Sep-22,25.76
20-Sep-22,27.16
21-Sep-22,27.99
22-Sep-22,27.35
23-Sep-22,29.92
26-Sep-22,32.26
27-Sep-22,32.6
28-Sep-22,30.18
29-Sep-22,31.84
30-Sep-22,31.62
03-Oct-22,30.1
04-Oct-22,29.07
05-Oct-22,28.55
06-Oct-22,30.52
07-Oct-22,31.36
10-Oct-22,32.45
11-Oct-22,33.63
12-Oct-22,33.57
13-Oct-22,31.94
14-Oct-22,32.02
17-Oct-22,31.37
18-Oct-22,30.5
19-Oct-22,30.76
20-Oct-22,29.98
21-Oct-22,29.69
24-Oct-22,29.85
25-Oct-22,28.46
26-Oct-22,27.28
27-Oct-22,27.39
28-Oct-22,25.75
31-Oct-22,25.88
01-Nov-22,25.81
02-Nov-22,25.86
03-Nov-22,25.3
04-Nov-22,24.55
07-Nov-22,24.35
08-Nov-22,25.54
09-Nov-22,26.09
10-Nov-22,23.53
11-Nov-22,22.52
14-Nov-22,23.73
15-Nov-22,24.54
16-Nov-22,24.11
17-Nov-22,23.93
18-Nov-22,23.12
21-Nov-22,22.36
22-Nov-22,21.29
23-Nov-22,20.35
24-Nov-22,20.42
25-Nov-22,20.5
28-Nov-22,22.21
29-Nov-22,21.89
30-Nov-22,20.58
01-Dec-22,19.84
02-Dec-22,19.06
05-Dec-22,20.75
06-Dec-22,22.17
07-Dec-22,22.68
08-Dec-22,22.29
09-Dec-22,22.83
12-Dec-22,25
13-Dec-22,22.55
14-Dec-22,21.14
15-Dec-22,22.83
16-Dec-22,22.62
19-Dec-22,22.42
20-Dec-22,21.48
21-Dec-22,20.07
22-Dec-22,21.97
23-Dec-22,20.87
27-Dec-22,21.65
28-Dec-22,22.14
29-Dec-22,21.44
30-Dec-22,21.67
03-Jan-23,22.9
04-Jan-23,22.01
05-Jan-23,22.46
06-Jan-23,21.13
09-Jan-23,21.97
10-Jan-23,20.58
11-Jan-23,21.09
12-Jan-23,18.83
13-Jan-23,18.35
16-Jan-23,19.49
17-Jan-23,19.36
18-Jan-23,20.34
19-Jan-23,20.52
20-Jan-23,19.85
23-Jan-23,19.81
24-Jan-23,19.2
25-Jan-23,19.08
26-Jan-23,18.73
27-Jan-23,18.51
30-Jan-23,19.94
31-Jan-23,19.4
01-Feb-23,17.87
02-Feb-23,18.73
03-Feb-23,18.33
06-Feb-23,19.43
07-Feb-23,18.66
08-Feb-23,19.63
09-Feb-23,20.71
10-Feb-23,20.53
13-Feb-23,20.34
14-Feb-23,18.91
15-Feb-23,18.23
16-Feb-23,20.17
17-Feb-23,20.02
20-Feb-23,21.23
21-Feb-23,22.87
22-Feb-23,22.29
23-Feb-23,21.14
24-Feb-23,21.67
27-Feb-23,20.95
28-Feb-23,20.7
01-Mar-23,20.58
02-Mar-23,19.59
03-Mar-23,18.49
06-Mar-23,18.61
07-Mar-23,19.59
08-Mar-23,19.11
09-Mar-23,22.61
10-Mar-23,24.8
13-Mar-23,26.52
14-Mar-23,23.73
15-Mar-23,26.14
16-Mar-23,22.99
17-Mar-23,25.51
20-Mar-23,24.15
21-Mar-23,21.38
22-Mar-23,22.26
23-Mar-23,22.61
24-Mar-23,21.74
27-Mar-23,20.6
28-Mar-23,19.97
29-Mar-23,19.12
30-Mar-23,19.02
31-Mar-23,18.7
03-Apr-23,18.55
04-Apr-23,19
05-Apr-23,19.08
06-Apr-23,18.4
10-Apr-23,18.97
11-Apr-23,19.1
12-Apr-23,19.09
13-Apr-23,17.8
14-Apr-23,17.07
17-Apr-23,16.95
18-Apr-23,16.83
19-Apr-23,16.46
20-Apr-23,17.17
21-Apr-23,16.77
24-Apr-23,16.89
25-Apr-23,18.76
26-Apr-23,18.84
27-Apr-23,17.03
28-Apr-23,15.78
01-May-23,16.08
02-May-23,17.78
03-May-23,18.34
04-May-23,20.09
05-May-23,17.19
08-May-23,16.98
09-May-23,17.71
10-May-23,16.94
11-May-23,16.93
12-May-23,17.03
15-May-23,17.12
16-May-23,17.99
17-May-23,16.87
18-May-23,16.05
19-May-23,16.81
22-May-23,17.21
23-May-23,18.53
24-May-23,20.03
25-May-23,19.14
26-May-23,17.95
29-May-23,17.46
30-May-23,17.46
31-May-23,17.94
01-Jun-23,15.65
02-Jun-23,14.6
05-Jun-23,14.73
06-Jun-23,13.96
07-Jun-23,13.94
08-Jun-23,13.65
09-Jun-23,13.83
12-Jun-23,15.01
13-Jun-23,14.61
14-Jun-23,13.88
15-Jun-23,14.5
16-Jun-23,13.54
