No,BondID,OAPermID,ISIN,RIC,CurrentRating,PredNextRating,PredNextRatingProb,PredictedSpread,SpreadDelta,SpreadConfidence
0,15628314020,8589934570,US459056JQ10,459056JQ1=,Aaa,Aaa,1,N/A,N/A,N/A
1,15628357192,8589934158,US458182BV36,458182BV3=,Aaa,Aaa,1,319.5724034,506.1047065,0.581290114
2,15628361237,8589934158,US458182BW19,458182BW1=,Aaa,Aaa,1,267.3635123,510.7103379,0.581290114
3,15628378984,8589934158,US458182BY74,458182BY7=,Aaa,Aaa,1,401.2413088,499.6401102,0.581290114
4,15628392594,8589934158,US45818QAC33,45818QAC3=,Aaa,Aaa,1,501.7087913,518.9625096,0.581290114
5,15628397936,8589934175,US66938FJU93,66938FJU9=,A1,A2,0.805,N/A,N/A,N/A
6,15628406283,8589934339,US590188JB51,590188JB5=,A1,A2,0.715,91.73132295,11.95041109,0.581290114
7,15628406440,8589934158,US45818QAE98,45818QAE9=,Aaa,Aaa,1,461.1172449,501.5238939,0.581290114
8,15628410770,8589934158,US45818QAD16,45818QAD1=,Aaa,Aaa,1,473.6663057,505.9617233,0.581290114
9,15629238263,8589934570,XS0176297199,XS017629719=,Aaa,Aaa,1,N/A,N/A,N/A
10,15629252035,5000008374,US49306SAA42,49306SAA4=,A3,A3,0.67,222.7598207,-112.9473784,0.581290114
11,15629291954,8589934339,US59018YTM39,59018YTM3=,A1,A2,0.615,190.2591421,30.22992909,0.581290114
12,15629389194,8589934175,US949746JM44,949746JM4=,A1,A2,0.805,N/A,N/A,N/A
13,15629389957,8589934570,US45905CAA27,XS021228214=,Aaa,Aaa,1,N/A,N/A,N/A
14,15629529524,8589934159,US298785DV50,XS024615936=,Aaa,Aaa,1,571.589172,566.1726071,0.581290114
15,15629536976,8589934339,US22238HBB50,,Baa1,Baa1,0.88,N/A,N/A,N/A
16,15629538053,4296462551,US125581AY44,125581AY4=,Baa2,Baa2,0.78,-1.357313571,-292.1475994,0.462313243
17,15629942453,5000021791,US46625HHF01,46625HHF0=,A1,A3,0.53,259.5894691,123.9578271,0.581290114
18,15630627012,4298009762,US74977RCM43,74977RCM4=,Aa2,Aa2,0.75,N/A,N/A,N/A
19,15630627025,4298009762,US74977SCM26,NL054436858=,Aa2,Aa2,0.75,N/A,N/A,N/A
20,15630642801,4297220581,XS0548058022,FR054805802=,Aa3,Aa3,0.79,N/A,N/A,N/A
21,15630652402,5000021791,US46625HHV50,46625HHV5=,A1,A3,0.54,239.8106315,99.45378773,0.581290114
22,15630655135,4297220581,XS0552066861,FR055206686=,Aa3,Aa3,0.8,N/A,N/A,N/A
23,15630657675,4297220581,XS0553103358,FR055310335=,Aa3,Aa3,0.9,N/A,N/A,N/A
24,15630677020,4295856605,XS0558946397,AU055894639=,Aa3,Aa3,0.58,393.2797565,210.1798045,0.581290114
25,15630678072,4297220581,XS0559404362,,Aa3,Aa3,0.89,N/A,N/A,N/A
26,15630681867,8589934326,XS0560559329,,Aa3,Aa3,0.85,N/A,N/A,N/A
27,15630743186,4296785143,XS0584391428,,A2,A2,0.86,N/A,N/A,N/A
28,15630859481,4298009762,US21685WCJ45,21685WCJ4=,Aa2,Aa2,0.75,N/A,N/A,N/A
29,15630879105,4295895566,XS0637314807,,Aa2,Aa2,0.91,N/A,N/A,N/A
30,15630880303,8589934326,XS0637847889,,Aa3,Aa3,0.75,N/A,N/A,N/A
31,15630887593,4297220581,XS0641474712,FR064147471=,Aa3,Aa3,0.75,N/A,N/A,N/A
32,15630889020,4297220581,XS0641956205,FR064195620=,Aa3,Aa3,0.75,N/A,N/A,N/A
33,15630902704,4298009762,XS0647377752,,Aa2,Aa2,0.85,N/A,N/A,N/A
34,15630911753,5000021791,US46625HJB78,46625HJB7=,A1,A3,0.54,250.5213481,109.4779931,0.581290114
35,15630994065,8589934158,US4581X0BT40,4581X0BT4=,Aaa,Aaa,1,563.3515131,521.3732748,0.581290114
36,15631018463,8589934275,US404280AM17,404280AM1=,A3,A3,0.64,N/A,N/A,N/A
37,15631047028,5000021791,US48126BAA17,48126BAA1=,A1,A3,0.54,263.4704995,124.0322657,0.581290114
38,15631086406,8589934339,US06051GEN51,06051GEN5=,A1,A2,0.715,244.1478399,95.69035581,0.581290114
39,15631120499,4295895566,XS0757799928,,Aa2,Aa2,0.91,N/A,N/A,N/A
40,15631126410,4295884895,XS0762129962,,A2,A2,0.8,N/A,N/A,N/A
41,15631152173,4295856152,XS0774708324,AU077470832=,Aa3,A1,0.49,357.6721155,231.9731889,0.581290114
42,15631175530,5000042454,XS0783021941,,Aa2,Aa2,0.75,N/A,N/A,N/A
43,15631208562,4296420951,XS0796073475,,Aa3,Aa3,0.55,N/A,N/A,N/A
44,15631220520,4295895566,XS0801997080,GB080199708=,Aa3,Aa3,0.59,N/A,N/A,N/A
45,15631227484,4295857405,XS0805208914,AU080520891=,Aa3,A1,0.43,401.9690118,190.7128855,0.581290114
46,44642366229,8589934158,US4581X0BX51,4581X0BX5=,Aaa,Aaa,1,566.1554071,525.3761424,0.581290114
47,44642887840,4298009762,XS0820947256,NL082094725=,Aa2,Aa2,0.8,N/A,N/A,N/A
48,44644344965,4296420951,XS0850704015,,A1,A1,0.69,N/A,N/A,N/A
49,44645792594,4297220581,XS0875864562,,Aa3,Aa3,0.89,N/A,N/A,N/A
50,44645898528,4297220581,XS0876895813,,Aa3,Aa3,0.89,N/A,N/A,N/A
51,44646014111,4295857405,XS0879385069,AU087938506=,Aa3,A1,0.38,420.883869,272.3312035,0.581290114
52,44646720023,4296420951,XS0900117580,,Aa3,Aa3,0.56,N/A,N/A,N/A
53,44646816855,4295884895,XS0905057187,NL090505718=,A1,Aa3,0.44,N/A,N/A,N/A
54,44646947105,4295862904,XS0908822108,CA090882210=,Aa3,Aa3,0.79,N/A,N/A,N/A
55,44647715569,8589934175,XS0931157084,US093115708=,A1,A1,0.575,N/A,N/A,N/A
56,44648294861,5035428308,XS0944838167,,Aa3,Aa2,0.51,N/A,N/A,N/A
57,44649100194,4296462551,US125581GR39,,Baa2,Baa2,0.83,N/A,N/A,N/A
58,44649217132,4296730072,US25466AAD37,25466AAD3=,Baa1,Baa2,0.9,N/A,N/A,N/A
59,44651082643,4295878360,US064255AR31,064255AR3=,A1,A1,0.69,N/A,N/A,N/A
60,44651082832,4295878360,USJ0423YBK94,JP096996772=,A1,A1,0.69,N/A,N/A,N/A
61,44651546125,8589934158,US4581X0CC06,4581X0CC0=,Aaa,Aaa,1,N/A,N/A,N/A
62,44652051488,4296608294,US059613AB51,059613AB5=,Ba3,B2,0.85,N/A,N/A,N/A
63,44652051625,4296608294,USP14623AB16,CR098835580=,Ba3,B2,0.85,N/A,N/A,N/A
64,44652094171,4296424232,XS0988883731,KR098888373=,Aa2,Aa2,0.93,N/A,N/A,N/A
65,44652288885,4296424232,XS0994485471,KR099448547=,Aa2,Aa2,0.93,N/A,N/A,N/A
66,44652289710,4296424232,XS0994483260,KR099448326=,Aa2,Aa2,0.93,N/A,N/A,N/A
67,44652632073,4296424232,XS1004019086,KR100401908=,Aa2,Aa2,0.93,N/A,N/A,N/A
68,44653063342,5000001007,US865622BJ28,865622BJ2=,A1,A1,0.67,N/A,N/A,N/A
69,44653140145,4296424232,US500630CC01,500630CC0=,Aa2,Aa2,0.93,N/A,N/A,N/A
70,44653185093,8589934339,US06051GFC87,06051GFC8=,A1,A2,0.715,247.4987998,103.4844448,0.581290114
71,44653185101,8589934339,US06051GFB05,06051GFB0=,A1,A2,0.715,N/A,N/A,N/A
72,44653218346,8589934158,US4581X0CE61,4581X0CE6=,Aaa,Aaa,1,573.0849945,534.1317844,0.581290114
73,44653268085,5000021791,US46625HJT86,46625HJT8=,A1,A3,0.55,N/A,N/A,N/A
74,44653268090,5000021791,US46625HJU59,46625HJU5=,A1,A3,0.54,257.7907569,122.4259441,0.581290114
75,44653303435,8589934159,US298785GJ95,298785GJ9=,Aaa,Aaa,1,N/A,N/A,N/A
76,44653482628,8589934183,US91159HHG83,91159HHG8=,A3,A2,0.58,N/A,N/A,N/A
77,44653599486,4295908449,US947890AH22,947890AH2=,Baa1,Baa1,0.84,N/A,N/A,N/A
78,44653787956,8589934158,US4581X0CF37,4581X0CF3=,Aaa,Aaa,1,N/A,N/A,N/A
79,44654062674,4295878360,US064255AW26,064255AW2=,A1,A1,0.68,N/A,N/A,N/A
80,44654062679,4295878360,US064255AX09,064255AX0=,A1,A1,0.74,N/A,N/A,N/A
81,44654062813,4295878360,USJ0423YBR48,JP104474373=,A1,A1,0.74,N/A,N/A,N/A
82,44654062826,4295878360,USJ0423YBQ64,JP104458335=,A1,A1,0.68,N/A,N/A,N/A
83,44654135099,4296730072,US25466AAE10,25466AAE1=,Baa1,Baa2,0.92,95.2921663,-159.4740683,0.581290114
84,44654136033,4296457498,US002799AN46,,A1,A1,0.59,N/A,N/A,N/A
85,44654432512,8589934339,US06051GFG91,06051GFG9=,A1,A2,0.715,218.4568099,72.8423681,0.581290114
86,44654432536,8589934339,US06051GFF19,06051GFF1=,A1,A2,0.715,N/A,N/A,N/A
87,44654480915,4298009762,XS1054620775,,Aa2,Aa2,0.78,N/A,N/A,N/A
88,44654535751,4296424232,XS1056202846,KR105620284=,Aa2,Aa2,0.93,N/A,N/A,N/A
89,44654579235,5000084509,US05578DAG79,05578DAG7=,A1,Aa3,0.79,N/A,N/A,N/A
90,44654598868,4295878063,US60688XAG51,60688XAG5=,A1,A1,0.69,N/A,N/A,N/A
91,44654600542,4295878063,USJ45992PK42,JP105604815=,A1,A1,0.69,N/A,N/A,N/A
92,44654619292,4297066605,US85628UAF30,85628UAF3=,Baa3,Baa3,0.86,N/A,N/A,N/A
93,44654622737,4297066605,USY81647AB84,IN105910096=,Baa3,Baa3,0.86,N/A,N/A,N/A
94,44654748841,4296424232,XS1062029746,KR106202974=,Aa2,Aa2,0.93,N/A,N/A,N/A
95,44654799993,5000001007,XS1063244765,JP106324476=,A1,A1,0.71,N/A,N/A,N/A
96,44655004655,5000021791,US46625HJX98,46625HJX9=,A1,A3,0.55,N/A,N/A,N/A
97,44655073324,4296470941,US06739FHV67,06739FHV6=,A1,A2,0.45,N/A,N/A,N/A
98,44655454758,4296721032,US05969LAA98,05969LAA9=,Baa3,Baa3,0.93,N/A,N/A,N/A
99,44655454937,4296721032,USP13296AL53,MX107500979=,Baa3,Baa3,0.93,N/A,N/A,N/A
100,44655471352,4298009762,XS1072755090,,Aa3,Aa3,0.5,N/A,N/A,N/A
101,44655650478,4295900343,US40434CAD74,40434CAD7=,A1,A1,0.57,N/A,N/A,N/A
102,44655792501,4296470941,XS1056897058,GB105689705=,A1,A1,0.54,N/A,N/A,N/A
103,44655810098,5060588378,XS1084460051,SE108446005=,Aa3,Aa3,0.69,N/A,N/A,N/A
104,44655868714,5000084509,FR0012007458,FR0012007458=,Aa3,Aa3,0.79,N/A,N/A,N/A
105,44655946187,5000001007,US865622BN30,865622BN3=,A1,A1,0.67,N/A,N/A,N/A
106,44656291732,4296537663,XS1096403289,XS109640328=,Aaa,Aaa,1,N/A,N/A,N/A
107,44656518682,4295907462,US680033AC14,680033AC1=,A3,A3,0.69,N/A,N/A,N/A
108,44656645206,4296543409,XS1105388802,JP110538880=,A1,A1,0.73,N/A,N/A,N/A
109,44656701286,8589934175,US94974BGA26,94974BGA2=,A1,A2,0.805,N/A,N/A,N/A
110,44656703498,4295878360,USJ0423YBX16,JP110763263=,A1,A1,0.67,N/A,N/A,N/A
111,44656703701,4295878360,US064255BJ06,064255BJ0=,A1,A1,0.67,N/A,N/A,N/A
112,44656728487,4296168464,US22546QAP28,22546QAP2=,A1,A3,0.56,N/A,N/A,N/A
113,44656776196,4295903505,US637138AC26,637138AC2=,A3,A3,0.59,N/A,N/A,N/A
114,44656802075,4296543409,XS1111314651,JP111131465=,A1,A1,0.67,N/A,N/A,N/A
115,44656833308,4296063555,XS1112738478,FR111273847=,Aa3,Aa3,0.85,N/A,N/A,N/A
116,44656878820,4295878063,US60688XAP50,60688XAP5=,A1,A1,0.69,N/A,N/A,N/A
117,44656878941,4295878063,USJ46186AX06,JP111163839=,A1,A1,0.69,N/A,N/A,N/A
118,44657112886,5035166723,XS1115200468,IN111520046=,Baa3,Baa3,0.93,N/A,N/A,N/A
119,44657290453,8589934159,US298785GQ39,298785GQ3=,Aaa,Aaa,1,N/A,N/A,N/A
120,44657533492,4296959656,US69353REF10,69353REF1=,A2,A2,0.85,N/A,N/A,N/A
121,44657725080,4296424232,XS1138308835,KR113830883=,Aa2,Aa2,0.93,N/A,N/A,N/A
122,44657762229,4295868960,US500769GK42,500769GK4=,Aaa,Aaa,1,N/A,N/A,N/A
123,44657827519,8589934570,US45905UQX53,US45905UQX53=VSL,Aaa,Aaa,1,N/A,N/A,N/A
124,44657862766,8589934570,US459058DX80,459058DX8=,Aaa,Aaa,1,N/A,N/A,N/A
125,44658027709,4297066605,XS1151786107,IN115178610=,Baa3,Baa3,0.88,N/A,N/A,N/A
126,44658456381,8589934158,US4581X0CM87,4581X0CM8=,Aaa,Aaa,1,802.3943872,566.8634828,0.581290114
127,44658668180,5000021791,US46625HKC33,46625HKC3=,A1,A3,0.55,412.6893879,181.1937602,0.581290114
128,44658805297,4295907927,US78486QAD34,78486QAD3=,B2,A3,0.56,N/A,N/A,N/A
129,44658873295,4296424232,XS1183723011,KR118372301=,Aa2,Aa2,0.93,N/A,N/A,N/A
130,44658909176,8589934159,US298785GS94,298785GS9=,Aaa,Aaa,1,852.6049735,590.5236386,0.581290114
131,44658912281,4297905338,US55279HAK68,55279HAK6=,A3,A3,0.7,424.1492882,-22.57977298,0.581290114
132,46633194205,8589934175,US94974BGH78,94974BGH7=,A1,A2,0.81,N/A,N/A,N/A
133,46633277751,4296959656,US69353REK05,69353REK0=,A2,A2,0.86,N/A,N/A,N/A
134,46633294394,8589934570,US45905URL07,45905URL0=,Aaa,Aaa,1,N/A,N/A,N/A
135,46633541296,8589934333,US06738EAE59,06738EAE5=,Baa1,Baa2,0.85,244.5651268,-119.9460771,0.581290114
136,46633701952,4295878063,USJ46186BC59,JP120714198=,A1,A1,0.73,N/A,N/A,N/A
137,46633702349,4295878063,US60688XAU46,60688XAU4=,A1,A1,0.73,N/A,N/A,N/A
138,46633755289,4295893638,XS1210422074,TR121042207=,B3,B2,0.48,N/A,N/A,N/A
139,46633755292,4295893638,US00971YAF79,00971YAF7=,B3,B2,0.48,N/A,N/A,N/A
140,46633992504,4295895205,XS1219971774,GB121997177=,A3,A3,0.64,N/A,N/A,N/A
141,46633992645,4295895205,US853254AX89,853254AX8=,A3,A3,0.64,N/A,N/A,N/A
142,46634099090,4295868960,US500769GQ12,500769GQ1=,Aaa,Aaa,1,N/A,N/A,N/A
143,46634136292,8589934175,US94974BGK08,94974BGK0=,A1,A2,0.81,N/A,N/A,N/A
144,46634410374,5000610154,US21688AAE29,21688AAE2=,Aa2,Aa2,0.51,N/A,N/A,N/A
145,46634669835,4296959656,US69353REQ74,69353REQ7=,A2,A2,0.87,N/A,N/A,N/A
146,46634670135,5000008374,US49327M2K91,49327M2K9=,A3,A3,0.74,556.9366556,-62.22326504,0.581290114
147,46635101522,4295856982,XS1250970149,AU125097014=,A2,A2,0.75,N/A,N/A,N/A
148,46635229371,4295899345,US432748AB74,432748AB7=,Baa1,Baa1,0.77,N/A,N/A,N/A
149,46635383479,4296424232,XS1258415899,KR125841589=,Aa2,Aa2,0.93,N/A,N/A,N/A
150,46635532426,5000021791,US46625HMN79,46625HMN7=,A1,A3,0.54,333.3117479,137.4829726,0.581290114
151,46635533187,5000001412,US80282KAE64,80282KAE6=,Baa3,Baa3,0.83,N/A,N/A,N/A
152,46635533578,5000001007,US865622BW39,865622BW3=,A1,A1,0.71,N/A,N/A,N/A
153,46635548635,4296999124,XS1263875988,KR126387598=,Aa2,Aa2,1,N/A,N/A,N/A
154,46635571118,4295856982,XS1264445914,AU126444591=,A2,A2,0.75,N/A,N/A,N/A
155,46635637252,8589934570,US459058EP48,459058EP4=,Aaa,Aaa,1,N/A,N/A,N/A
156,46635653944,4295856982,US55608RAQ39,AU126972679=,A1,A2,0.83,399.2996757,138.8306034,0.581290114
157,46635653999,4295856982,US55608PAQ72,55608PAQ7=,A1,A2,0.83,398.6421461,138.8291918,0.581290114
158,46635683088,8589934339,US06051GFS30,06051GFS3=,A1,A2,0.72,348.2153314,113.6628884,0.581290114
159,46635764951,4296424232,XS1272150902,KR127215090=,Aa2,Aa2,0.93,N/A,N/A,N/A
160,46635777168,4295868960,XS1272810844,DE127281084=,Aaa,Aaa,1,N/A,N/A,N/A
161,46635881744,8589934333,US06738EAJ47,06738EAJ4=,Baa1,Baa2,0.85,-0.726166288,-187.592553,0.391768278
162,46636108822,4296543409,XS1286029506,JP128602950=,A1,A1,0.71,N/A,N/A,N/A
163,46636296328,4296424232,US500630CG15,500630CG1=,Aa2,Aa2,0.93,N/A,N/A,N/A
164,46636305516,4296543409,US25159MAQ06,25159MAQ0=,A1,A1,0.71,N/A,N/A,N/A
165,46636442439,8589934175,US94974BGP94,94974BGP9=,A1,A2,0.81,N/A,N/A,N/A
166,46637091706,5001168020,US05253JAL52,05253JAL5=,Aa3,Aa3,0.85,475.2781192,200.0493201,0.581290114
167,46637193000,5001204503,US06652KAA16,06652KAA1=,Baa2,Baa2,0.8,522.8396838,-385.7241428,0.581290114
168,46637767092,8589934333,US06738EAN58,06738EAN5=,Baa1,Baa2,0.85,82.54719599,-131.3919091,0.581290114
169,46637813370,4296424232,US500630CJ53,US500630CJ5=,Aa2,Aa2,0.94,N/A,N/A,N/A
170,46637845251,4295856982,US55608PAW41,55608PAW4=,A1,A2,0.82,307.9786588,167.0625961,0.581290114
171,46637855154,4295856982,US55608RAW07,AU134777346=,A1,A2,0.82,308.4292562,167.0586124,0.581290114
172,46638410534,5000000933,US606822AD62,606822AD6=,A1,A1,0.67,N/A,N/A,N/A
173,46638493164,8589934275,US404280AW98,404280AW9=,A3,A3,0.66,N/A,N/A,N/A
174,46638514124,4295878766,US86562MAC47,86562MAC4=,A1,A1,0.7,N/A,N/A,N/A
175,46638534418,4295860596,XS1377675209,,Aa2,Aa2,0.64,N/A,N/A,N/A
176,46638578549,4295884742,XS1379220889,NL137922088=,Aaa,Aaa,1,N/A,N/A,N/A
177,46638724566,4296543239,US63983TBB08,63983TBB0=,Aaa,Aaa,1,N/A,N/A,N/A
178,46638724621,4296543239,XS1386139841,NL138613984=,Aaa,Aaa,1,N/A,N/A,N/A
179,46638731633,5000021791,US46625HQW33,46625HQW3=,A1,A3,0.54,322.0483193,165.3157727,0.581290114
180,46638793211,4296424232,XS1388938802,KR138893880=,Aa2,Aa2,0.93,N/A,N/A,N/A
181,46638833367,4296537663,US45950VHX73,45950VHX7=,Aaa,Aaa,1,N/A,N/A,N/A
182,46638836875,8589934212,US780097BA81,780097BA8=,A3,A3,0.59,N/A,N/A,N/A
183,46638899367,4295878505,USJ4599LAL65,JP138989186=,A1,A1,0.7,N/A,N/A,N/A
184,46638899376,4295878505,US60687YAD13,60687YAD1=,A1,A1,0.7,N/A,N/A,N/A
185,46638911086,8589934159,US298785HD17,298785HD1=,Aaa,Aaa,1,689.8649723,572.6905704,0.581290114
186,46638931158,4295895205,XS1395052639,GB139505263=,A3,A3,0.63,N/A,N/A,N/A
187,46638931165,4295895205,US853254AZ38,853254AZ3=,A3,A3,0.63,N/A,N/A,N/A
188,46639020029,8589934339,US06051GFX25,06051GFX2=,A1,A2,0.72,302.4263342,141.368579,0.581290114
189,46639035286,8589934175,US949746RW34,949746RW3=,A1,A2,0.81,N/A,N/A,N/A
190,46639092367,4296543409,XS1401141467,JP140114146=,A1,A1,0.71,N/A,N/A,N/A
191,46639179843,8589934570,XS1404980929,,Aaa,Aaa,1,N/A,N/A,N/A
192,46639184122,8589934333,XS1397877652,GB139787765=,Baa1,Baa2,0.86,100.2991719,-214.7544327,0.581290114
193,46639314575,4295856627,US961214CX95,961214CX9=,Aa3,A2,0.3,457.8367861,271.3479299,0.581290114
194,46639355492,4295856152,US2027A1HT70,AU141429574=,Aa3,A1,0.39,434.6895246,236.871233,0.581290114
195,46639355502,4295856152,US2027A0HT97,2027A0HT9=,Aa3,A1,0.39,437.4561806,235.7594673,0.581290114
196,46639389381,4295857405,XS1416564653,AU141656465=,Aa3,A1,0.44,397.9732047,213.0602274,0.581290114
197,46639417907,4298009762,XS1418710304,NL141871030=,Aa2,Aa2,0.79,N/A,N/A,N/A
198,46639438847,8589934275,US404280BB43,404280BB4=,A3,A3,0.65,N/A,N/A,N/A
199,46639441015,4295857405,XS1419677205,AU141967720=,Aa3,A1,0.44,365.9865716,151.6513771,0.581290114
200,46639474967,8589934570,XS1422031978,,Aaa,Aaa,1,N/A,N/A,N/A
201,46639519915,8589934158,US4581X0CU04,4581X0CU0=,Aaa,Aaa,1,686.7475988,545.1057283,0.581290114
202,46639578104,5000021791,US46625HRS12,46625HRS1=,A1,A3,0.54,330.8403422,156.6298461,0.581290114
203,46639620604,4295857405,XS1431708020,AU143170802=,Aa3,A1,0.43,381.060027,178.9817806,0.581290114
204,46639677362,4295857405,XS1433243893,AU143324389=,Aa3,A1,0.4,411.573419,225.0624384,0.581290114
205,46639984832,8589934333,XS1441633549,GB144163354=,A2,A2,0.72,N/A,N/A,N/A
206,46639985718,5000728471,US63254AAS78,63254AAS7=,Aa3,Aa3,0.67,487.6434768,259.676562,0.581290114
207,46640017246,4295878766,US86562MAF77,86562MAF7=,A1,A1,0.7,N/A,N/A,N/A
208,46640114387,5000021791,US46625HRV41,46625HRV4=,A1,A3,0.54,373.1263063,159.0095501,0.581290114
209,46640161734,8589934183,US91159HHN35,91159HHN3=,A3,A2,0.55,253.1468636,-17.44813899,0.581290114
210,46640167449,8589934570,XS1457517644,,Aaa,Aaa,1,N/A,N/A,N/A
211,46640167475,8589934570,XS1457521919,,Aaa,Aaa,1,N/A,N/A,N/A
212,46640239882,4295868960,XS1462028371,,Aaa,Aaa,1,N/A,N/A,N/A
213,46640272059,4295884742,XS1465258900,NL146525890=,Aaa,Aaa,1,N/A,N/A,N/A
214,46640336027,4296424232,XS1469469172,KR146946917=,Aa2,Aa2,0.93,N/A,N/A,N/A
215,46640440905,8589934570,US45905UXK59,,Aaa,Aaa,1,N/A,N/A,N/A
216,46640442506,4295856627,US961214DC40,961214DC4=,Aa3,A1,0.32,486.1268718,261.1236777,0.581290114
217,46640563360,4296543409,XS1482752380,JP148275238=,A1,A1,0.71,N/A,N/A,N/A
218,46640576330,8589934275,XS1481811872,GB148181187=,A1,A1,0.5,N/A,N/A,N/A
219,46640600967,4296543409,US25159MAS61,25159MAS6=,A1,A1,0.71,N/A,N/A,N/A
220,46640622632,4295856152,US2027A1HY65,AU148545103=,Aa3,A1,0.39,506.5224285,253.0801943,0.581290114
221,46640622690,4295856152,US2027A0HY82,2027A0HY8=,Aa3,A1,0.39,506.0890829,252.9667107,0.581290114
222,46640721961,4296424232,US500630CL00,500630CL0=,Aa2,Aa2,0.93,N/A,N/A,N/A
223,46640724045,5000000933,US606822AH76,606822AH7=,A1,A1,0.72,N/A,N/A,N/A
224,46640724079,5000000933,US606822AJ33,606822AJ3=,A1,A1,0.7,N/A,N/A,N/A
225,46640745526,8589934212,US780097BD21,780097BD2=,A3,A3,0.58,N/A,N/A,N/A
226,46640745652,4295878505,US60687YAG44,60687YAG4=,A1,A1,0.7,N/A,N/A,N/A
227,46640942243,4297147213,XS1496463297,TR149646329=,B3,B2,0.47,N/A,N/A,N/A
228,46641192853,4295878766,US86562MAK62,86562MAK6=,A1,A1,0.7,N/A,N/A,N/A
229,46641310732,4297147213,US90015LAB36,90015LAB3=,B3,B2,0.47,N/A,N/A,N/A
230,46641316148,8589934339,US06051GGA13,06051GGA1=,A1,A2,0.69,289.0494697,127.5394415,0.581290114
231,46641338232,8589934175,US949746SH57,949746SH5=,A1,A2,0.81,N/A,N/A,N/A
232,46641369107,8589934570,US459058FT50,459058FT5=,Aaa,Aaa,1,N/A,N/A,N/A
233,46641689549,4296424232,XS1516267934,KR151626793=,Aa2,Aa2,0.93,N/A,N/A,N/A
234,46641951927,4296395040,XS1511593623,CL151159362=,A2,A1,0.39,N/A,N/A,N/A
235,46642163113,5000084509,US05578DAX03,05578DAX0=,A1,Aa3,0.81,406.4833104,124.3425157,0.581290114
236,46642629320,8589934333,US06738EAV74,06738EAV7=,Baa1,Baa2,0.86,12.10269885,-173.1972386,0.581286891
237,46642629399,8589934333,US06738EAU91,06738EAU9=,Baa1,Baa2,0.87,37.98269514,-149.379435,0.581290114
238,46642647546,8589934254,US53944YAD58,53944YAD5=,A3,A3,0.56,N/A,N/A,N/A
239,46642647554,4295857405,US6325C1CL16,AU154872485=,Aa3,Aa3,0.75,365.8969662,252.7870444,0.581290114
240,46642647594,4295857405,US6325C0DJ77,6325C0DJ7=,Aa3,Aa3,0.75,367.4463258,252.4665392,0.581290114
241,46642667579,4295878766,US86562MAN02,86562MAN0=,A1,A1,0.72,N/A,N/A,N/A
242,46642824329,4296424232,XS1550953936,KR155095393=,Aa2,Aa2,0.93,N/A,N/A,N/A
243,46642999295,8589934570,XS1559754822,XS155975482=,Aaa,Aaa,1,N/A,N/A,N/A
244,46643150432,4295856605,XS1564382353,AU156438235=,Aa3,Aa3,0.58,390.3982353,211.8277003,0.581290114
245,46643267703,5000000933,US606822AN45,606822AN4=,A1,A1,0.69,N/A,N/A,N/A
246,46643330294,8589934326,XS1569880229,FR156988022=,Aa3,Aa3,0.82,N/A,N/A,N/A
247,46643373311,4295878505,US60687YAK55,60687YAK5=,A1,A1,0.71,N/A,N/A,N/A
248,46643473849,4295856627,US961214DK65,961214DK6=,Aa3,A1,0.33,376.4503633,256.4154403,0.581290114
249,46643630440,4295856605,XS1579356319,AU157935631=,Aa3,Aa3,0.58,378.8118575,199.3491178,0.581290114
250,46643659981,4295893598,XS1578203462,TR157820346=,B3,B2,0.46,N/A,N/A,N/A
251,46643825742,4295884647,US456837AH61,456837AH6=,Baa1,Baa1,0.68,N/A,N/A,N/A
252,46643935896,5000084509,FR0013240645,FR0013240645=,Aa3,Aa3,0.67,N/A,N/A,N/A
253,46644049554,4295875726,XS1596778008,IT159677800=,Baa1,Baa1,0.63,N/A,N/A,N/A
254,46644066866,4296721032,USP13296AM37,MX159908224=,Baa3,Baa3,0.77,N/A,N/A,N/A
255,46644066902,4296721032,US05969LAB71,05969LAB7=,Baa3,Baa3,0.77,N/A,N/A,N/A
256,46644260820,4295893598,US90016BAE83,90016BAE8=,B3,B2,0.46,N/A,N/A,N/A
257,46644300477,8589934183,US91159HHR49,91159HHR4=,A3,A1,0.31,125.0222386,-29.32696395,0.581290114
258,46644413214,8589934570,XS1609294308,XS160929430=,Aaa,Aaa,1,N/A,N/A,N/A
259,46644617397,4295904676,US693475AT21,693475AT2=,A3,A3,0.69,N/A,N/A,N/A
260,46644641049,8589934159,US298785HM16,298785HM1=,Aaa,Aaa,1,616.0296315,555.8637474,0.581290114
261,46644731796,4295856605,XS1623117600,AU162311760=,Aa3,Aa3,0.51,410.4978067,227.964713,0.581290114
262,46658837707,4295893564,US984848AJ00,984848AJ0=,B3,B2,0.45,N/A,N/A,N/A
263,46658837769,4295893564,XS1634372954,TR163437295=,B3,B2,0.45,N/A,N/A,N/A
264,1.9276E+11,8589934158,US4581X0CY26,4581X0CY2=,Aaa,A1,0.4,621.5046507,556.315265,0.581290114
265,1.92761E+11,4295857405,XS1656120430,AU165612043=,Aa3,B3,0.4,376.7064717,162.8010141,0.581290114
266,1.92761E+11,4295856152,US2027A0JN00,2027A0JN0=,Aa3,B3,0.4,313.5574638,216.8033297,0.581290114
267,1.92761E+11,4295878505,US60687YAM12,60687YAM1=,A1,B3,0.4,N/A,N/A,N/A
268,1.92761E+11,4296543409,XS1668899104,JP166889910=,A1,B3,0.4,N/A,N/A,N/A
269,1.92761E+11,4295865671,US059514AE90,059514AE9=,Baa2,B3,0.4,28.77495802,-359.813395,0.581290114
270,1.92761E+11,5000000933,US606822AR58,606822AR5=,A1,B3,0.4,N/A,N/A,N/A
271,1.92761E+11,4295878766,US86562MAR16,86562MAR1=,A1,B3,0.4,N/A,N/A,N/A
272,1.92761E+11,4295893598,XS1686847549,,Ba1,B3,0.4,N/A,N/A,N/A
273,1.92761E+11,4296757902,XS1691349010,TR169134901=,B3,B3,0.4,N/A,N/A,N/A
274,1.92771E+11,4296959656,US69353RFG83,69353RFG8=,A2,Baa2,0.3,N/A,N/A,N/A
275,1.92771E+11,4295878766,US86562MAV28,86562MAV2=,A1,Baa2,0.3,N/A,N/A,N/A
276,1.92771E+11,4295863513,US05890PZA73,CL169921881=,A2,Baa2,0.3,N/A,N/A,N/A
277,1.92771E+11,4295903505,US05531FBB85,05531FBB8=,A3,Baa2,0.3,N/A,N/A,N/A
278,1.92771E+11,4296757902,US90014TAC53,90014TAC5=,B3,Baa2,0.3,N/A,N/A,N/A
279,1.92772E+11,8589934570,US459058GE72,459058GE7=,Aaa,Aaa,0.5,N/A,N/A,N/A
280,1.92774E+11,4295860592,XS1738999637,CA173899963=,Aa2,A1,0.49,N/A,N/A,N/A
281,1.92774E+11,5000001412,USU8029KAJ17,,Baa3,A1,0.49,N/A,N/A,N/A
282,1.92781E+11,4295878766,US86562MAY66,86562MAY6=,A1,Aaa,0.41,N/A,N/A,N/A
283,1.92783E+11,4295856627,US961214DW04,961214DW0=,Aa3,Aaa,0.27,374.3456055,274.4977464,0.581290114
284,1.92784E+11,4296424232,XS1759607671,KR175960767=,Aa2,A1,0.34,N/A,N/A,N/A
285,1.92784E+11,4295868960,US500769HS68,500769HS6=,Aaa,A1,0.34,N/A,N/A,N/A
286,1.92784E+11,4295856605,XS1757370579,AU175737057=,Aa3,A1,0.34,628.4648745,268.5776202,0.581290114
287,1.92786E+11,5000001412,US80282KAP12,80282KAP1=,Baa3,A2,0.42,N/A,N/A,N/A
288,1.92786E+11,8589934570,US45905US700,45905US70=,Aaa,A2,0.42,N/A,N/A,N/A
289,1.92786E+11,4295880962,XS1761537841,KR176153784=,A2,A2,0.42,N/A,N/A,N/A
290,1.92789E+11,5000000933,US606822AV60,606822AV6=,A1,A1,0.43,N/A,N/A,N/A
291,1.9279E+11,4295878505,US60687YAR09,60687YAR0=,A1,A1,0.41,N/A,N/A,N/A
292,1.9279E+11,4296462551,US125581GW24,,Baa2,A1,0.41,N/A,N/A,N/A
293,1.92791E+11,4296424232,XS1792141480,KR179214148=,Aa2,Baa2,0.35,N/A,N/A,N/A
294,1.92791E+11,4295857405,XS1252234437,AU125223443=,Aa3,Baa2,0.35,280.1419745,362.9196803,0.581290114
295,1.92791E+11,8589934254,US539439AR07,539439AR0=,A3,Baa2,0.35,N/A,N/A,N/A
296,1.92791E+11,4295856152,US2027A1JZ13,AU179466660=,Aa3,Baa2,0.35,337.4918602,246.6345353,0.581290114
297,1.92794E+11,8589934159,XS1811852109,XS181185210=,Aaa,Aaa,0.39,746.227049,535.4513855,0.581290114
298,1.92795E+11,4295904371,US49326EEG44,49326EEG4=,Baa1,Baa2,0.27,94.82977964,-182.0620758,0.581290114
299,1.92795E+11,8589934183,US91159HHS22,91159HHS2=,A3,Baa2,0.27,79.71675159,-40.69474862,0.581290114
300,1.92795E+11,4295903505,US867914BS12,867914BS1=,A3,Baa2,0.27,N/A,N/A,N/A
301,1.92796E+11,8589934254,US53944YAF07,53944YAF0=,A3,Baa2,0.29,N/A,N/A,N/A
302,1.92796E+11,4297147213,XS1814962582,TR181496258=,B3,Baa2,0.29,N/A,N/A,N/A
303,1.92797E+11,4295906733,US446150AM64,446150AM6=,Baa1,A1,0.28,N/A,N/A,N/A
304,1.92799E+11,4295903505,US05531FBE25,05531FBE2=,A3,A1,0.31,N/A,N/A,N/A
305,1.92799E+11,4295875731,IT0005331753,IT533175=,Baa2,A1,0.31,N/A,N/A,N/A
306,1.92805E+11,8589934570,US45905UR710,45905UR71=,Aaa,Aaa,0.41,N/A,N/A,N/A
307,1.92805E+11,4295878766,US86562MBC38,86562MBC3=,A1,Aaa,0.41,N/A,N/A,N/A
308,1.92805E+11,8589934159,US298785HR03,298785HR0=,Aaa,Aaa,0.41,N/A,N/A,N/A
309,1.92806E+11,5000000933,US606822BB97,606822BB9=,A1,A3,0.29,N/A,N/A,N/A
310,1.92807E+11,4296537663,US45950KCP30,45950KCP3=,Aaa,Aaa,0.69,N/A,N/A,N/A
311,1.92807E+11,4295903746,US200340AS60,200340AS6=,Baa1,Aaa,0.69,N/A,N/A,N/A
312,1.92807E+11,5037349820,US65540JAD00,65540JAD0=,A1,Aaa,0.69,N/A,N/A,N/A
313,1.92809E+11,8589934254,US539439AT62,539439AT6=,A3,A3,0.38,N/A,N/A,N/A
314,1.92809E+11,4296462551,US125581GY89,,Baa2,A3,0.38,N/A,N/A,N/A
315,1.92809E+11,4296540416,US44644AAE73,44644AAE7=,A3,A3,0.38,N/A,N/A,N/A
316,1.92811E+11,5000000933,US606822BC70,606822BC7=,A1,Aa2,0.62,N/A,N/A,N/A
317,1.92811E+11,4296543409,US25159MAW73,25159MAW7=,A1,Aa2,0.62,N/A,N/A,N/A
318,1.92811E+11,4295860600,US13607RAD26,13607RAD2=,Aa2,Aa2,0.62,N/A,N/A,N/A
319,1.92812E+11,8589934158,US4581X0DC96,4581X0DC9=,Aaa,Aaa,0.36,575.5672073,544.2004448,0.581290114
320,1.92812E+11,4296730072,US25466AAP66,25466AAP6=,Baa1,Aaa,0.36,36.65539921,-188.1986727,0.581290114
321,1.92812E+11,4295884742,XS1881598772,NL188159877=,Aaa,Aaa,0.36,N/A,N/A,N/A
322,1.92813E+11,4295884647,US456837AM56,456837AM5=,Baa1,Aa3,0.55,N/A,N/A,N/A
323,1.92813E+11,4295863540,XS1888338610,CL188833861=,A2,Aa3,0.55,N/A,N/A,N/A
324,1.92813E+11,8589934158,XS1885606522,XS188560652=,Aaa,Aa3,0.55,464.4081371,571.2179204,0.581290114
325,1.92813E+11,4295856152,XS1883914191,AU188391419=,Aa3,Aa3,0.55,380.9080359,228.3933295,0.581290114
326,1.92813E+11,4295857405,XS1883877729,AU188387772=,Aa3,Aa3,0.55,391.630712,220.3532462,0.581290114
327,1.92813E+11,5056415510,US06279JAA79,06279JAA7=,A3,Aa3,0.55,N/A,N/A,N/A
328,1.92813E+11,4297066605,XS1856795510,IN185679551=,Baa3,Aa3,0.55,N/A,N/A,N/A
329,1.92813E+11,8589934570,US459058GL16,459058GL1=,Aaa,Aa3,0.55,N/A,N/A,N/A
330,1.92814E+11,8589934213,US78013XW204,78013XW20=,A1,Baa1,0.24,N/A,N/A,N/A
331,1.92814E+11,4296537663,XS1890154294,XS189015429=,Aaa,Baa1,0.24,N/A,N/A,N/A
332,1.92815E+11,4295878766,US86562MBG42,86562MBG4=,A1,Aaa,0.46,N/A,N/A,N/A
333,1.92816E+11,4295904371,US49326EEH27,49326EEH2=,Baa1,Aaa,0.39,391.107283,-231.5260296,0.581290114
334,1.92816E+11,8589934159,US298785HT68,298785HT6=,Aaa,Aaa,0.39,N/A,N/A,N/A
335,1.92818E+11,4295884647,USN4580HAA51,NL191092589=,Baa1,A2,0.27,N/A,N/A,N/A
336,1.92818E+11,8589934570,US45905U6L39,45905U6L3=,Aaa,A2,0.27,N/A,N/A,N/A
337,1.92818E+11,8589934183,US91159HHU77,91159HHU7=,A3,A2,0.27,245.5391523,-79.4199727,0.581290114
338,1.92821E+11,4295903505,US05531FBF99,05531FBF9=,A3,A1,0.61,N/A,N/A,N/A
339,1.92823E+11,4295893548,XS1924354126,ES192435412=,Ba1,A2,0.44,N/A,N/A,N/A
340,1.92823E+11,4295860596,XS1923718560,CA192371856=,A2,A2,0.44,N/A,N/A,N/A
341,1.92825E+11,8589934159,US298785HV15,298785HV1=,Aaa,Aaa,0.31,N/A,N/A,N/A
342,1.92825E+11,8589934158,US4581X0DF28,4581X0DF2=,Aaa,Aaa,0.31,N/A,N/A,N/A
343,1.92826E+11,8589934175,US95000U2D40,95000U2D4=,A1,A1,0.43,N/A,N/A,N/A
344,1.92826E+11,4295868960,US500769HX53,500769HX5=,Aaa,A1,0.43,N/A,N/A,N/A
345,1.92826E+11,4297066605,US85628UAJ51,85628UAJ5=,Baa3,A1,0.43,N/A,N/A,N/A
346,1.92826E+11,4297147213,US90015LAF40,90015LAF4=,B3,A1,0.43,N/A,N/A,N/A
347,1.92826E+11,5000035789,US17325FAS74,17325FAS7=,Aa3,A1,0.43,N/A,N/A,N/A
348,1.92826E+11,4295904676,US693475AV76,693475AV7=,A3,A1,0.43,N/A,N/A,N/A
349,1.92826E+11,4295856627,XS1936918892,AU193691889=,A1,A1,0.43,N/A,N/A,N/A
350,1.92827E+11,4295903746,US200340AT44,200340AT4=,Baa1,Aa1,0.25,124.9599432,-197.538896,0.581290114
351,1.92827E+11,8589934183,US91159HHV50,91159HHV5=,A3,Aa1,0.25,N/A,N/A,N/A
352,1.92827E+11,4295882085,USY46006AD72,KR194354622=,A1,Aa1,0.25,N/A,N/A,N/A
353,1.92828E+11,4295860596,US06367WHH97,06367WHH9=,A2,Aaa,0.27,N/A,N/A,N/A
354,1.92831E+11,4295860592,XS1952159520,CA195215952=,A2,Baa1,0.39,N/A,N/A,N/A
355,1.92831E+11,5000069297,US17401QAU58,17401QAU5=,Baa1,Baa1,0.39,N/A,N/A,N/A
356,1.92832E+11,4296424232,US500630CW64,500630CW6=,Aa2,Aaa,0.89,N/A,N/A,N/A
357,1.92833E+11,4295946698,US222213AS92,222213AS9=,Aaa,Aaa,0.37,N/A,N/A,N/A
358,1.92833E+11,4295884742,US05591F2D14,05591F2D1=,Aaa,Aaa,0.37,N/A,N/A,N/A
359,1.92833E+11,4295856627,US961214EC31,961214EC3=,Aa3,Aaa,0.37,N/A,N/A,N/A
360,1.92834E+11,5000000933,US606822BE37,606822BE3=,A1,A1,0.27,N/A,N/A,N/A
361,1.92834E+11,5000063167,XS1959391019,QA195939101=,B3,A1,0.27,N/A,N/A,N/A
362,1.92834E+11,4295856152,US2027A1KB26,AU196044949=,Aa3,A1,0.27,N/A,N/A,N/A
363,1.92835E+11,4295893564,XS1958649854,TR195864985=,B3,A1,0.35,N/A,N/A,N/A
364,1.92835E+11,8589934570,US459058GQ03,459058GQ0=,Aaa,A1,0.35,N/A,N/A,N/A
365,1.92835E+11,8589934254,US53944YAH62,53944YAH6=,A3,A1,0.35,N/A,N/A,N/A
366,1.92835E+11,4295862902,US89114QCB23,89114QCB2=,A1,A1,0.35,N/A,N/A,N/A
367,1.92836E+11,4295908449,US947890AJ87,947890AJ8=,Baa1,Aaa,0.52,N/A,N/A,N/A
368,1.92836E+11,4295860596,XS1966819812,CA196681981=,Aa3,Aaa,0.52,N/A,N/A,N/A
369,1.92836E+11,8589934570,XS1964735994,XS196473599=,Aaa,Aaa,0.52,N/A,N/A,N/A
370,1.92837E+11,5001111203,XS1972573007,IN197257300=,Baa3,Aaa,0.53,N/A,N/A,N/A
371,1.92837E+11,4295860600,US13607GAP90,13607GAP9=,A2,Aaa,0.53,N/A,N/A,N/A
372,1.92837E+11,4297004377,XS1965523084,IN196552308=,Baa3,Aaa,0.53,N/A,N/A,N/A
373,1.92837E+11,4295893750,US90015WAH60,90015WAH6=,B3,Aaa,0.53,N/A,N/A,N/A
374,1.92838E+11,4295884647,US456837AQ60,456837AQ6=,Baa1,Baa1,0.37,N/A,N/A,N/A
375,1.92839E+11,5035391926,US8672EMAL86,8672EMAL8=,A2,B2,0.21,N/A,N/A,N/A
376,1.9284E+11,4295904676,US693475AW59,693475AW5=,A3,A1,0.42,N/A,N/A,N/A
377,1.92842E+11,8589934159,US298785HX70,298785HX7=,Aaa,Aaa,0.78,N/A,N/A,N/A
378,1.92844E+11,8589934570,US459058GV97,,Aaa,Baa1,0.44,N/A,N/A,N/A
379,1.92845E+11,8589934158,US4581X0DG01,4581X0DG0=,Aaa,Aaa,0.31,595.0742191,560.6136394,0.581290114
380,1.92845E+11,4295862902,US89114QCA40,89114QCA4=,A1,Aaa,0.31,N/A,N/A,N/A
381,1.92845E+11,5000001412,US80282KAW62,80282KAW6=,Baa3,Aaa,0.31,N/A,N/A,N/A
382,1.92846E+11,8589934570,US45905U3P79,,Aaa,Aaa,0.53,N/A,N/A,N/A
383,1.92847E+11,4295860596,US06367WMQ32,06367WMQ3=,A2,A2,0.23,N/A,N/A,N/A
384,1.92848E+11,5000063167,XS2023703064,,B3,Aaa,0.45,N/A,N/A,N/A
385,1.9285E+11,4296471853,XS2026825617,SE202682561=,A3,A3,0.4,N/A,N/A,N/A
386,1.92851E+11,4295878766,US86562MBP41,86562MBP4=,A1,A1,0.34,N/A,N/A,N/A
387,1.92851E+11,8589934213,US78013XZU52,78013XZU5=,A1,A1,0.34,N/A,N/A,N/A
388,1.92852E+11,5000000933,US606822BK96,606822BK9=,A1,A1,0.4,N/A,N/A,N/A
389,1.92852E+11,8589934570,XS2032666260,,Aaa,A1,0.4,N/A,N/A,N/A
390,1.92852E+11,4298528922,USP26054AB59,MX198782041=,Baa3,A1,0.4,N/A,N/A,N/A
391,1.92852E+11,8589934158,US4581X0DJ40,4581X0DJ4=,Aaa,A1,0.4,719.4774709,566.6360002,0.581290114
392,1.92852E+11,4295904676,US693475AX33,693475AX3=,A3,A1,0.4,N/A,N/A,N/A
393,1.92852E+11,4296080185,XS2031976678,DE203197667=,Aaa,A1,0.4,N/A,N/A,N/A
394,1.92853E+11,4295860592,US064159QE92,064159QE9=,A2,A2,0.4,N/A,N/A,N/A
395,1.92853E+11,4296419629,US174610AR61,174610AR6=,Baa1,A2,0.4,N/A,N/A,N/A
396,1.92853E+11,4295903505,US05531FBH55,05531FBH5=,A3,A2,0.4,N/A,N/A,N/A
397,1.92853E+11,4296865322,XS2035038731,DE203503873=,Aa1,A2,0.4,N/A,N/A,N/A
398,1.92853E+11,8589934183,US91159HHX17,91159HHX1=,A3,A2,0.4,N/A,N/A,N/A
399,1.92854E+11,8589934570,US459058HB25,,Aaa,Aaa,0.38,N/A,N/A,N/A
400,1.92854E+11,4295906733,US446150AQ78,446150AQ7=,Baa1,Aaa,0.38,N/A,N/A,N/A
401,1.92856E+11,4295893598,XS2041003901,TR204100390=,B2,A2,0.4,N/A,N/A,N/A
402,1.92856E+11,4296543409,XS2045822462,JP204582246=,A1,A2,0.4,N/A,N/A,N/A
403,1.92856E+11,8589934570,US45905U3T91,,Aaa,A2,0.4,N/A,N/A,N/A
404,1.92856E+11,4296959656,US05552JAA79,05552JAA7=,A2,A2,0.4,N/A,N/A,N/A
405,1.92857E+11,8589934570,US459056HV23,459056HV2=,Aaa,Aaa,0.7,N/A,N/A,N/A
406,1.92857E+11,4295868960,US500769JC98,500769JC9=,Aaa,Aaa,0.7,N/A,N/A,N/A
407,1.92858E+11,4295904371,US49326EEJ82,49326EEJ8=,Baa1,A3,0.33,160.0501927,-167.380113,0.581290114
408,1.92858E+11,4295868960,US500769JD71,500769JD7=,Aaa,A3,0.33,N/A,N/A,N/A
409,1.92858E+11,5000021791,US48128GG791,,A2,A3,0.33,N/A,N/A,N/A
410,1.92859E+11,8589934570,US45905U4B74,,Aaa,A1,0.75,N/A,N/A,N/A
411,1.92859E+11,4296543409,XS2053914524,JP205391452=,A1,A1,0.75,N/A,N/A,N/A
412,1.9286E+11,4295878766,US86562MBU36,86562MBU3=,A1,Aaa,0.47,N/A,N/A,N/A
413,1.9286E+11,4296424232,US500630CY21,500630CY2=,Aa2,Aaa,0.47,N/A,N/A,N/A
414,1.92862E+11,8589934159,US298785JA59,298785JA5=,Aaa,A3,0.31,611.3839373,564.8534014,0.581290114
415,1.92863E+11,5000001412,US80282KAY29,80282KAY2=,Baa3,A1,0.37,N/A,N/A,N/A
416,1.92863E+11,5057476778,XS2064792307,GB206479230=,A1,A1,0.37,N/A,N/A,N/A
417,1.92863E+11,4295884742,US05591F2F61,05591F2F6=,Aaa,A1,0.37,N/A,N/A,N/A
418,1.92863E+11,4296537663,US45950KCR95,45950KCR9=,Aaa,A1,0.37,N/A,N/A,N/A
419,1.92864E+11,8589934570,US459058HJ50,459058HJ5=,Aaa,A2,0.51,N/A,N/A,N/A
420,1.92864E+11,4295860596,XS2068976195,CA206897619=,A2,A2,0.51,N/A,N/A,N/A
421,1.92865E+11,8589934570,XS2069096332,,Aaa,A1,0.74,N/A,N/A,N/A
422,1.92865E+11,8589934213,US78015K7C20,78015K7C2=,A1,A1,0.74,N/A,N/A,N/A
423,1.92866E+11,8589934570,US459058HL07,,Aaa,Aaa,0.42,N/A,N/A,N/A
424,1.92867E+11,4295904676,US693475AY16,693475AY1=,A3,A1,0.48,N/A,N/A,N/A
425,1.92868E+11,8589934570,US45905U4V39,,Aaa,Aaa,0.49,N/A,N/A,N/A
426,1.92868E+11,8589934213,US78014RBQ20,78014RBQ2=,A1,Aaa,0.49,N/A,N/A,N/A
427,1.92868E+11,4295862902,US89114R5B83,89114R5B8=,A1,Aaa,0.49,N/A,N/A,N/A
428,1.92869E+11,4295860596,US06367WSB09,06367WSB0=,A2,Aaa,0.26,N/A,N/A,N/A
429,1.92869E+11,4295856627,US961214EH28,961214EH2=,Aa3,Aaa,0.26,602.8007705,292.8405393,0.581290114
430,1.92871E+11,5000039357,FR0013464435,FR0013464435=,Baa2,Aaa,0.42,N/A,N/A,N/A
431,1.92872E+11,8589934570,US45905U5S90,,Aaa,Aaa,0.91,N/A,N/A,N/A
432,1.92874E+11,4295893548,XS2094608580,TR209460858=,B2,A1,0.45,N/A,N/A,N/A
433,1.92876E+11,4295878766,US86562MBW91,86562MBW9=,A1,Aaa,0.27,N/A,N/A,N/A
434,1.92876E+11,8589934570,XS2101560626,,Aaa,Aaa,0.27,N/A,N/A,N/A
435,1.92876E+11,8589934159,US298785JB33,298785JB3=,Aaa,Aaa,0.27,894.2007289,594.0579632,0.581290114
436,1.92876E+11,4295860592,US064159TF31,064159TF3=,A2,Aaa,0.27,N/A,N/A,N/A
437,1.92876E+11,4296543239,XS2101563646,NL210156364=,Aaa,Aaa,0.27,N/A,N/A,N/A
438,1.92876E+11,4295863439,US05970FAC59,05970FAC5=,A2,Aaa,0.27,N/A,N/A,N/A
439,1.92876E+11,4296395040,US05968AAG13,CL210235833=,A2,Aaa,0.27,N/A,N/A,N/A
440,1.92877E+11,4295856627,US961214EL30,961214EL3=,Aa3,B3,0.42,369.1845332,277.9027928,0.581290114
441,1.92877E+11,8589934158,US4581X0DK13,4581X0DK1=,Aaa,B3,0.42,882.9149311,584.904495,0.581290114
442,1.92877E+11,4295856605,US05252ADF57,05252ADF5=,Aa3,B3,0.42,175.9526797,205.508948,0.581290114
443,1.92877E+11,4295893556,US90015YAA73,90015YAA7=,B3,B3,0.42,N/A,N/A,N/A
444,1.92877E+11,4295856982,US55608PBE34,55608PBE3=,A1,B3,0.42,548.2094453,215.437297,0.581290114
445,1.92877E+11,4296543239,US639832AG92,639832AG9=,Aaa,B3,0.42,N/A,N/A,N/A
446,1.92877E+11,4296537663,US45950VNN28,45950VNN2=TWEB,Aaa,B3,0.42,N/A,N/A,N/A
447,1.92877E+11,4295893564,XS2104914069,TR210491406=,B3,B3,0.42,N/A,N/A,N/A
448,1.92878E+11,4295904676,US693475AZ80,693475AZ8=,A2,A1,0.29,N/A,N/A,N/A
449,1.92878E+11,4295860600,US13607GLZ53,13607GLZ5=,A2,A1,0.29,N/A,N/A,N/A
450,1.92879E+11,4295906733,US446150AS35,446150AS3=,Baa1,Aaa,0.36,N/A,N/A,N/A
451,1.92879E+11,4295893750,US90015WAJ27,90015WAJ2=,B3,Aaa,0.36,N/A,N/A,N/A
452,1.92879E+11,4295865713,US05968LAM46,05968LAM4=,Baa2,Aaa,0.36,193.084614,-277.1931147,0.581290114
453,1.9288E+11,8589934159,XS2113936376,XS211393637=,Aaa,Aaa,0.25,581.4924054,559.6272912,0.581290114
454,1.9288E+11,4296419629,US174610AS45,174610AS4=,Baa1,Aaa,0.25,96.13886143,-149.3292401,0.581290114
455,1.9288E+11,4296730072,US25466AAR23,25466AAR2=,Baa1,Aaa,0.25,105.8966064,-136.5448305,0.581290114
456,1.9288E+11,4295904371,US49326EEK55,49326EEK5=,Baa1,Aaa,0.25,222.7079976,-136.7161869,0.581290114
457,1.9288E+11,5000001412,US80282KAZ93,80282KAZ9=,Baa3,Aaa,0.25,N/A,N/A,N/A
458,1.9288E+11,8589934160,US29874QEE08,29874QEE0=,Aaa,Aaa,0.25,N/A,N/A,N/A
459,1.9288E+11,4295875731,IT0005398943,IT000539894=1M,Baa2,Aaa,0.25,N/A,N/A,N/A
460,1.92881E+11,4296424232,US500630DB19,500630DB1=,Aa2,Aaa,0.56,N/A,N/A,N/A
461,1.92882E+11,5000000933,US606822BR40,606822BR4=,A1,A1,0.41,N/A,N/A,N/A
462,1.92882E+11,4295946698,US222213AU49,222213AU4=,Aaa,A1,0.41,928.4051962,603.7216712,0.581290114
463,1.92883E+11,4295857405,XS2127894025,AU212789402=,Aa3,Aa3,0.38,37.11568805,417.5178238,0.581290114
464,1.92884E+11,8589934175,US949746SW25,949746SW2=,A1,Aaa,0.58,N/A,N/A,N/A
465,1.92884E+11,8589934570,US45905U5F79,45905U5F7=,Aaa,Aaa,0.58,N/A,N/A,N/A
466,1.92885E+11,4295868960,XS2137070194,DE213707019=,Aaa,Aaa,0.67,N/A,N/A,N/A
467,1.92885E+11,8589934570,US45905U5H36,45905U5H3=,Aaa,Aaa,0.67,N/A,N/A,N/A
468,1.92887E+11,8589934275,US404280CF48,404280CF4=,A3,Aaa,0.59,N/A,N/A,N/A
469,1.92887E+11,8589934158,US4581X0DL95,4581X0DL9=,Aaa,Aaa,0.59,993.3851018,602.3313722,0.581290114
470,1.92888E+11,8589934175,US95001D6K17,95001D6K1=,A1,Aaa,0.4,N/A,N/A,N/A
471,1.92888E+11,4296168464,US22550L2C42,22550L2C4=,A1,Aaa,0.4,756.5373303,79.8984131,0.581290114
472,1.92888E+11,4296470941,US06747PKV03,06747PKV0=,A1,Aaa,0.4,590.6846134,126.9786356,0.581290114
473,1.92889E+11,8589934159,US298785JD98,298785JD9=,Aaa,A1,0.25,1085.533263,595.8250725,0.581290114
474,1.92889E+11,8589934570,US459058JB07,459058JB0=,Aaa,A1,0.25,N/A,N/A,N/A
475,1.92889E+11,4298283335,US05969BAD55,05969BAD5=,Baa1,A1,0.25,N/A,N/A,N/A
476,1.9289E+11,5000076303,US50050HAM88,KR215993159=,Aa3,A1,0.42,N/A,N/A,N/A
477,1.9289E+11,4295860596,US06367WB850,06367WB85=,A2,A1,0.42,N/A,N/A,N/A
478,1.9289E+11,8589934175,US95001D6V71,,A1,A1,0.42,N/A,N/A,N/A
479,1.9289E+11,4296470941,US06747PML03,06747PML0=,A1,A1,0.42,N/A,N/A,N/A
480,1.92891E+11,4296419629,US174610AT28,174610AT2=,Baa1,Aaa,0.59,68.88656524,-169.2018692,0.581290114
481,1.92891E+11,4295884742,XS2170371319,NL217037131=,Aaa,Aaa,0.59,N/A,N/A,N/A
482,1.92892E+11,8589934570,US459058JC89,459058JC8=,Aaa,A2,0.35,N/A,N/A,N/A
483,1.92892E+11,8589934183,US91159HHZ64,91159HHZ6=,A3,A2,0.35,517.2155927,12.12938726,0.581290114
484,1.92893E+11,8589934175,XS2176891989,US217689198=,A1,A1,0.46,N/A,N/A,N/A
485,1.92893E+11,8589934159,US298785JE71,298785JE7=,Aaa,A1,0.46,624.8282703,589.9331506,0.581290114
486,1.92893E+11,4296865322,XS2177023137,DE217702313=,Aa1,A1,0.46,N/A,N/A,N/A
487,1.92893E+11,4295907751,US7591EPAQ39,7591EPAQ3=,A3,A1,0.46,N/A,N/A,N/A
488,1.92894E+11,4295884742,US05591F2H28,05591F2H2=,Aaa,Aaa,0.36,N/A,N/A,N/A
489,1.92894E+11,8589934570,US45905U5Q35,45905U5Q3=,Aaa,Aaa,0.36,N/A,N/A,N/A
490,1.92894E+11,4296543239,XS2180643889,NL218064388=,Aaa,Aaa,0.36,N/A,N/A,N/A
491,1.92894E+11,4296424232,XS2181972568,KR218197256=,Aa2,Aaa,0.36,N/A,N/A,N/A
492,1.92894E+11,5000001412,US80282KBB17,80282KBB1=,Baa3,Aaa,0.36,N/A,N/A,N/A
493,1.92894E+11,4295903994,US320517AD78,320517AD7=,Baa2,Aaa,0.36,N/A,N/A,N/A
494,1.92895E+11,8589934570,XS2183820708,XS218382070=,Aaa,Aaa,0.69,N/A,N/A,N/A
495,1.92895E+11,4295903505,US89788MAB81,89788MAB8=,A3,Aaa,0.69,N/A,N/A,N/A
496,1.92895E+11,4295907927,US78486QAE17,78486QAE1=,B2,Aaa,0.69,N/A,N/A,N/A
497,1.92895E+11,4295860592,US064159VL70,064159VL7=,A2,Aaa,0.69,N/A,N/A,N/A
498,1.92895E+11,8589934213,US78015K7H17,78015K7H1=,A1,Aaa,0.69,N/A,N/A,N/A
499,1.92895E+11,8589934159,US298785JF47,298785JF4=,Aaa,Aaa,0.69,N/A,N/A,N/A
500,1.92896E+11,4296543239,XS2189707966,NL218970796=,Aaa,A1,0.71,N/A,N/A,N/A
501,1.92896E+11,8589934158,US4581X0DN51,4581X0DN5=,Aaa,A1,0.71,1090.601423,601.9034231,0.581290114
502,1.92896E+11,4295862902,US89114QCH92,89114QCH9=,A1,A1,0.71,N/A,N/A,N/A
503,1.92897E+11,5000021791,US48128GU404,48128GU40=,A1,A1,0.46,1033.109931,157.5108944,0.581290114
504,2.32762E+11,4296543239,XS2198234879,NL219823487=,Aaa,Aaa,0.43,N/A,N/A,N/A
505,2.32763E+11,8589934183,US91159HJA95,91159HJA9=,A3,Aaa,0.63,183.6813072,2.660299817,0.581290114
506,2.32763E+11,5000000933,US606822BU78,606822BU7=,A1,Aaa,0.63,N/A,N/A,N/A
507,2.32763E+11,4295878766,US86562MCB46,86562MCB4=,A1,Aaa,0.63,N/A,N/A,N/A
508,2.32763E+11,4296470941,US06747Q7G69,06747Q7G6=,A1,Aaa,0.63,602.3603421,171.9079544,0.581290114
509,2.32763E+11,4295893638,US00971YAG52,00971YAG5=,B3,Aaa,0.63,N/A,N/A,N/A
510,2.32763E+11,4295881976,US82460N2A72,KR220012662=,A1,Aaa,0.63,N/A,N/A,N/A
511,2.32763E+11,4295884742,XS2210458159,NL221045815=,Aaa,Aaa,0.63,N/A,N/A,N/A
512,2.32763E+11,8589934570,US459058JE46,459058JE4=,Aaa,Aaa,0.63,N/A,N/A,N/A
513,2.32763E+11,5037349820,US65540KAD72,KR220183190=,A1,Aaa,0.63,N/A,N/A,N/A
514,2.32763E+11,4295868960,US500769JF20,500769JF2=,Aaa,Aaa,0.63,N/A,N/A,N/A
515,2.32763E+11,4296537663,US45950KCT51,45950KCT5=,Aaa,Aaa,0.63,N/A,N/A,N/A
516,2.32764E+11,4295868960,US500769JG03,500769JG0=,Aaa,A1,0.45,N/A,N/A,N/A
517,2.32764E+11,4296537663,US45950KCU25,45950KCU2=,Aaa,A1,0.45,N/A,N/A,N/A
518,2.32764E+11,4296543409,US25159MBA45,25159MBA4=,A1,A1,0.45,N/A,N/A,N/A
519,2.32764E+11,4295903505,US89788MAC64,89788MAC6=,A3,A1,0.45,N/A,N/A,N/A
520,2.32764E+11,5000021791,US48128GW483,48128GW48=,A1,A1,0.45,567.948779,195.4020905,0.581290114
521,2.32764E+11,8589934158,US4581X0DP00,4581X0DP0=,Aaa,A1,0.45,N/A,N/A,N/A
522,2.32764E+11,8589934200,US83051GAN88,83051GAN8=,Aa3,A1,0.45,N/A,N/A,N/A
523,2.32764E+11,4296080185,XS2225360903,DE222536090=,Aaa,A1,0.45,N/A,N/A,N/A
524,2.32765E+11,8589934570,XS2231185773,XS223118577=,Aaa,A1,0.5,N/A,N/A,N/A
525,2.32765E+11,8589934159,US298785JH03,298785JH0=,Aaa,A1,0.5,635.9474004,586.247464,0.581290114
526,2.32765E+11,8589934158,US4581X0DQ82,4581X0DQ8=,Aaa,A1,0.5,754.1948479,600.6285375,0.581290114
527,2.32765E+11,5000021791,US48128GX218,48128GX21=,A1,A1,0.5,1146.927755,153.8003333,0.581290114
528,2.32765E+11,4295878061,US86563VAT61,86563VAT6=,A1,A1,0.5,N/A,N/A,N/A
529,2.32765E+11,4295862902,US89114QCK22,89114QCK2=,A1,A1,0.5,N/A,N/A,N/A
530,2.32765E+11,4295868960,US500769JH85,500769JH8=,Aaa,A1,0.5,N/A,N/A,N/A
531,2.32765E+11,5000761472,XS2231589784,CN223158978=,A1,A1,0.5,N/A,N/A,N/A
532,2.32765E+11,4295860592,US064159YM27,064159YM2=,A2,A1,0.5,N/A,N/A,N/A
533,2.32766E+11,5000021791,XS1450869901,US145086990=,Aa3,A1,0.68,N/A,N/A,N/A
534,2.32766E+11,4295875735,XS2241390983,IT224139098=,Baa1,A1,0.68,N/A,N/A,N/A
535,2.32766E+11,8589934159,US298785JJ68,298785JJ6=,Aaa,A1,0.68,754.953542,594.5687194,0.581290114
536,2.32766E+11,4296424232,US500630DE57,500630DE5=,Aa2,A1,0.68,N/A,N/A,N/A
537,2.32766E+11,8589934570,US459058JL88,459058JL8=,Aaa,A1,0.68,N/A,N/A,N/A
538,2.32766E+11,4295860600,US13607GRR73,13607GRR7=,A2,A1,0.68,N/A,N/A,N/A
539,2.32766E+11,8589934213,US78015K7J72,78015K7J7=,A1,A1,0.68,N/A,N/A,N/A
540,2.32766E+11,4295946698,US222213AW05,222213AW0=,Aaa,A1,0.68,N/A,N/A,N/A
541,2.32767E+11,8589934570,XS2260719542,XS226071954=,Aaa,Aaa,0.79,N/A,N/A,N/A
542,2.32767E+11,4295893750,XS2266963003,TR226696300=,B3,Aaa,0.79,N/A,N/A,N/A
543,2.32767E+11,4296080185,XS2270152098,DE227015209=,Aaa,Aaa,0.79,N/A,N/A,N/A
544,2.32767E+11,4296543239,US63983TED37,63983TED3=,Aaa,Aaa,0.79,N/A,N/A,N/A
545,2.32767E+11,4296470941,XS2266963854,GB226696385=,A1,Aaa,0.79,322.4443879,314.9010513,0.581290114
546,2.32767E+11,4295884742,XS2259866577,NL225986657=,Aaa,Aaa,0.79,N/A,N/A,N/A
547,2.32767E+11,4296537663,XS2264182374,XS226418237=,Aaa,Aaa,0.79,N/A,N/A,N/A
548,2.32768E+11,4295878766,US86562MCF59,86562MCF5=,A1,A2,0.42,N/A,N/A,N/A
549,2.32768E+11,5000021791,US48128GZ379,48128GZ37=,A1,A2,0.42,527.693321,180.7325356,0.581290114
550,2.32768E+11,8589934159,US298785JK32,298785JK3=,Aaa,A2,0.42,838.6823825,646.664694,0.581290114
551,2.32768E+11,4295862902,US89114QCP19,89114QCP1=,A1,A2,0.42,N/A,N/A,N/A
552,2.32768E+11,4295860592,US064159F847,064159F84=,A1,A2,0.42,N/A,N/A,N/A
553,2.32768E+11,4296470941,XS2271224805,GB227122480=,A1,A2,0.42,335.4642886,321.4724936,0.581290114
554,2.32768E+11,5000610154,US21688AAQ58,21688AAQ5=,Aa2,A2,0.42,N/A,N/A,N/A
555,2.32768E+11,4295860600,US13607GRS56,13607GRS5=,A2,A2,0.42,N/A,N/A,N/A
556,2.32768E+11,4295860596,US06368EA361,06368EA36=,A2,A2,0.42,N/A,N/A,N/A
557,2.32769E+11,8589934570,XS2292934515,XS229293451=,Aaa,A1,0.67,N/A,N/A,N/A
558,2.32769E+11,8589934160,XS2292965824,XS229296582=,Aaa,A1,0.67,N/A,N/A,N/A
559,2.32769E+11,4295907927,US78486QAF81,78486QAF8=,B2,A1,0.67,N/A,N/A,N/A
560,2.32769E+11,4296543409,XS2292953069,JP229295306=,A1,A1,0.67,N/A,N/A,N/A
561,2.32769E+11,4296424232,US500630DH88,500630DH8=,Aa2,A1,0.67,N/A,N/A,N/A
562,2.32769E+11,4295875735,XS2294835017,IT229483501=,Baa1,A1,0.67,N/A,N/A,N/A
563,2.32769E+11,4298009762,XS2293915935,NL229391593=,A2,A1,0.67,N/A,N/A,N/A
564,2.32769E+11,4297066605,XS2281373089,IN228137308=,Baa3,A1,0.67,102.8784261,-241.8246897,0.581290114
565,2.32769E+11,4296757902,XS2274089288,TR227408928=,B3,A1,0.67,N/A,N/A,N/A
566,2.32769E+11,5038044574,FR0014001VD2,FR0014001VD2=,Aa2,A1,0.67,N/A,N/A,N/A
567,2.32769E+11,5000039820,US98105GAK85,KR228136573=,A1,A1,0.67,N/A,N/A,N/A
568,2.32769E+11,4295868960,US500769JJ42,500769JJ4=,Aaa,A1,0.67,N/A,N/A,N/A
569,2.32769E+11,8589934213,US78016EZM29,78016EZM2=,A1,A1,0.67,N/A,N/A,N/A
570,2.32769E+11,5000076303,XS2284249351,KR228424935=,Aa3,A1,0.67,N/A,N/A,N/A
571,2.32769E+11,4295893556,US90015YAB56,90015YAB5=,B3,A1,0.67,N/A,N/A,N/A
572,2.32769E+11,4296865322,XS2297663416,DE229766341=,Aa1,A1,0.67,N/A,N/A,N/A
573,2.32769E+11,4296168464,US22550L2E08,22550L2E0=,A1,A1,0.67,N/A,N/A,N/A
574,2.3277E+11,8589934159,US298785JL15,298785JL1=,Aaa,A1,0.36,613.0921483,608.3195518,0.581290114
575,2.3277E+11,5000001007,XS1198083757,JP119808375=,A1,A1,0.36,N/A,N/A,N/A
576,2.3277E+11,8589934570,US459058JT15,459058JT1=,Aaa,A1,0.36,N/A,N/A,N/A
577,2.3277E+11,4296424232,US500630DL90,500630DL9=,Aa2,A1,0.36,N/A,N/A,N/A
578,2.3277E+11,4296865322,XS2311370337,DE231137033=,Aa1,A1,0.36,N/A,N/A,N/A
579,2.3277E+11,4295860592,US0641593U89,0641593U8=,A1,A1,0.36,N/A,N/A,N/A
580,2.3277E+11,8589934158,US45818WCW47,45818WCW4=,Aaa,A1,0.36,N/A,N/A,N/A
581,2.3277E+11,8589934365,US38376HAG39,38376HAG3=,Aa3,A1,0.36,N/A,N/A,N/A
582,2.3277E+11,4295868960,US500769JM70,500769JM7=,Aaa,A1,0.36,N/A,N/A,N/A
583,2.3277E+11,4295862902,US89114QCQ91,89114QCQ9=,A1,A1,0.36,N/A,N/A,N/A
584,2.3277E+11,4296543409,XS2306518098,JP230651809=,A1,A1,0.36,N/A,N/A,N/A
585,2.3277E+11,4296080185,XS2298321667,DE229832166=,Aaa,A1,0.36,N/A,N/A,N/A
586,2.3277E+11,4295863439,XS2308279822,ES230827982=,A2,A1,0.36,N/A,N/A,N/A
587,2.32771E+11,4296424232,XS2327416603,KR232741660=,Aa2,Aa3,0.26,N/A,N/A,N/A
588,2.32771E+11,4295875735,XS2322452553,IT232245255=,Baa1,Aa3,0.26,N/A,N/A,N/A
589,2.32771E+11,4295863513,XS2318617185,CL231861718=,A2,Aa3,0.26,N/A,N/A,N/A
590,2.32771E+11,4295878061,USJ7771YKP18,JP231728066=,A1,Aa3,0.26,N/A,N/A,N/A
591,2.32771E+11,8589934158,US45818WCS35,45818WCS3=,Aaa,Aa3,0.26,N/A,N/A,N/A
592,2.32771E+11,4296999124,XS2324778815,KR232477881=,Aa2,Aa3,0.26,N/A,N/A,N/A
593,2.32772E+11,8589934570,US459058JW44,459058JW4=,Aaa,A1,0.62,N/A,N/A,N/A
594,2.32772E+11,8589934339,US06048WL996,06048WL99=,A1,A1,0.62,520.203972,183.039198,0.581290114
595,2.32772E+11,5000076303,US50050GAP37,50050GAP3=,Aa3,A1,0.62,N/A,N/A,N/A
596,2.32772E+11,5000021791,US48128G3G34,48128G3G3=,A1,A1,0.62,630.661154,184.1538175,0.581290114
597,2.32772E+11,5042373967,XS2334572562,CN233457256=,A1,A1,0.62,N/A,N/A,N/A
598,2.32772E+11,8589934213,US78016EZQ33,78016EZQ3=,A1,A1,0.62,N/A,N/A,N/A
599,2.32772E+11,8589934158,US4581X0DV77,4581X0DV7=,Aaa,A1,0.62,805.8620529,622.3529971,0.581290114
600,2.32772E+11,4296537663,US45950VNP75,45950VNP7=TWEB,Aaa,A1,0.62,N/A,N/A,N/A
601,2.32772E+11,8589934159,US298785JM97,298785JM9=,Aaa,A1,0.62,N/A,N/A,N/A
602,2.32772E+11,4295860592,US0641593X29,0641593X2=,A1,A1,0.62,N/A,N/A,N/A
603,2.32773E+11,4295856627,US961214ET65,961214ET6=,Aa3,A1,0.57,366.6101675,278.9839591,0.581290114
604,2.32773E+11,8589934159,US298785JN70,298785JN7=,Aaa,A1,0.57,N/A,N/A,N/A
605,2.32773E+11,4295907927,US78486QAH48,78486QAH4=,B2,A1,0.57,N/A,N/A,N/A
606,2.32773E+11,8589934570,US459058JX27,459058JX2=,Aaa,A1,0.57,N/A,N/A,N/A
607,2.32773E+11,5000021791,US48128G3S71,48128G3S7=,A1,A1,0.57,632.6593435,176.1863641,0.581290114
608,2.32773E+11,8589934339,US06048WM317,06048WM31=,A1,A1,0.57,578.5479869,168.1304224,0.581290114
609,2.32773E+11,4295884742,US05591F2K56,05591F2K5=,Aaa,A1,0.57,N/A,N/A,N/A
610,2.32773E+11,4296470941,US06748EPV91,06748EPV9=,A1,A1,0.57,868.7753875,187.6718151,0.581290114
611,2.32774E+11,4295882085,US409634AB87,409634AB8=,A1,Aa1,0.38,N/A,N/A,N/A
612,2.32774E+11,4295860600,US13607HVE97,13607HVE9=,A1,Aa1,0.38,N/A,N/A,N/A
613,2.32774E+11,4296999124,XS2355557781,KR235555778=,Aa2,Aa1,0.38,N/A,N/A,N/A
614,2.32774E+11,4295875735,XS2351324517,IT235132451=,Baa1,Aa1,0.38,N/A,N/A,N/A
615,2.32774E+11,4295862902,US89114TZD70,89114TZD7=,A1,Aa1,0.38,N/A,N/A,N/A
616,2.32774E+11,8589934158,US45818WDG87,45818WDG8=,Aaa,Aa1,0.38,801.6465193,604.3900259,0.581290114
617,2.32774E+11,4296537663,US45950VQB52,45950VQB5=,Aaa,Aa1,0.38,N/A,N/A,N/A
618,2.32774E+11,4295946698,US222213AX87,222213AX8=,Aaa,Aa1,0.38,N/A,N/A,N/A
619,2.32775E+11,4295860592,US0641594B99,0641594B9=,A1,Aa3,0.35,N/A,N/A,N/A
620,2.32775E+11,4298528922,US171653AA64,171653AA6=,Ba1,Aa3,0.35,N/A,N/A,N/A
621,2.32775E+11,8589934158,US4581X0DX34,4581X0DX3=,Aaa,Aa3,0.35,680.3192969,594.0247486,0.581290114
622,2.32775E+11,4296470941,US06748WRF22,06748WRF2=,A1,Aa3,0.35,473.946333,165.4605876,0.581290114
623,2.32775E+11,8589934213,US78016EZT71,78016EZT7=,A1,Aa3,0.35,N/A,N/A,N/A
624,2.32775E+11,4297147213,XS2332876106,TR233287610=,B3,Aa3,0.35,N/A,N/A,N/A
625,2.32775E+11,8589934339,US06048WM648,06048WM64=,A1,Aa3,0.35,591.5615881,165.0090771,0.581290114
626,2.32775E+11,4296865322,XS2360496470,,Aa1,Aa3,0.35,N/A,N/A,N/A
627,2.32775E+11,4295860596,US06368FAE97,06368FAE9=,A1,Aa3,0.35,N/A,N/A,N/A
628,2.32775E+11,4295868960,US500769JP02,500769JP0=,Aaa,Aa3,0.35,N/A,N/A,N/A
629,2.32775E+11,5000588708,XS2361821429,KR236182142=,Aa2,Aa3,0.35,N/A,N/A,N/A
630,2.32775E+11,4297220581,US22533AE527,22533AE52=,Aa3,Aa3,0.35,N/A,N/A,N/A
631,2.32776E+11,4295907751,US7591EPAT77,7591EPAT7=,A3,A1,0.48,N/A,N/A,N/A
632,2.32776E+11,8589934339,US06048WN224,06048WN22=,A1,A1,0.48,607.8216383,153.11381,0.581290114
633,2.32776E+11,4295904676,US693475BB04,693475BB0=,A3,A1,0.48,N/A,N/A,N/A
634,2.32776E+11,4296168464,US22550L2G55,22550L2G5=,A1,A1,0.48,721.3035986,137.9916271,0.581290114
635,2.32776E+11,4297218313,BE6329851198,BE6329851198=,Aa2,A1,0.48,N/A,N/A,N/A
636,2.32776E+11,5000021791,US48128G4N75,48128G4N7=,A1,A1,0.48,669.5869384,169.5820659,0.581290114
637,2.32776E+11,5037349820,US65540KAG04,KR236955931=,A1,A1,0.48,N/A,N/A,N/A
638,2.32776E+11,4296999124,XS2377388538,KR237738853=,Aa2,A1,0.48,N/A,N/A,N/A
639,2.32776E+11,5050707760,US48130UXY62,48130UXY6=,A1,A1,0.48,N/A,N/A,N/A
640,2.32776E+11,4295862904,US63307A2P94,63307A2P9=,A2,A1,0.48,N/A,N/A,N/A
641,2.32776E+11,4295860592,US0641596E11,CA0641596E1=,A1,A1,0.48,N/A,N/A,N/A
642,2.32776E+11,8589934213,US78016EZU45,78016EZU4=,A1,A1,0.48,N/A,N/A,N/A
643,2.32777E+11,5000021791,US48130CAX39,48130CAX3=,A1,A1,0.63,265.2816795,49.09611296,0.581290114
644,2.32777E+11,4295862902,US89114TZQ83,89114TZQ8=,A1,A1,0.63,N/A,N/A,N/A
645,2.32777E+11,4295878766,US86562MCJ71,86562MCJ7=,A1,A1,0.63,N/A,N/A,N/A
646,2.32777E+11,4295856152,US2027A1KF30,AU238759773=,Aa3,A1,0.63,376.5754012,259.0293354,0.581290114
647,2.32777E+11,8589934339,US06048WN554,06048WN55=,A1,A1,0.63,309.0959666,107.5883698,0.581290114
648,2.32777E+11,4296785143,XS2379967800,XS2379967800=LU,A1,A1,0.63,47.69698909,290.013408,0.581290114
649,2.32777E+11,8589934570,US459058JZ74,459058JZ7=,Aaa,A1,0.63,N/A,N/A,N/A
650,2.32777E+11,8589934159,US298785JP29,298785JP2=,Aaa,A1,0.63,851.9742759,593.8383869,0.581290114
651,2.32777E+11,4296537663,US45950KCX63,45950KCX6=,Aaa,A1,0.63,N/A,N/A,N/A
652,2.32777E+11,4295893750,US90015WAL72,90015WAL7=,B2,A1,0.63,N/A,N/A,N/A
653,2.32777E+11,4295863513,XS2384719667,CL238471966=,A2,A1,0.63,N/A,N/A,N/A
654,2.32777E+11,4295878061,US86563VAY56,86563VAY5=,A1,A1,0.63,N/A,N/A,N/A
655,2.32777E+11,4295860596,US06368FAC32,06368FAC3=,A1,A1,0.63,N/A,N/A,N/A
656,2.32777E+11,4295860592,US0641598K52,0641598K5=,A1,A1,0.63,N/A,N/A,N/A
657,2.32777E+11,8589934158,US45818WDJ27,45818WDJ2=TWEB,Aaa,A1,0.63,311.9481523,683.4967261,0.581290114
658,2.32777E+11,5050707760,US48130UYC34,48130UYC3=,A1,A1,0.63,N/A,N/A,N/A
659,2.32778E+11,8589934570,US45906M2G50,45906M2G5=,Aaa,A1,0.49,N/A,N/A,N/A
660,2.32778E+11,8589934213,US78016FZX58,78016FZX5=,A1,A1,0.49,218.0639114,96.86344777,0.581290114
661,2.32778E+11,4295860596,US06368GZW04,06368GZW0=,A1,A1,0.49,N/A,N/A,N/A
662,2.32778E+11,4295875735,XS2395954998,IT239595499=,Baa1,A1,0.49,N/A,N/A,N/A
663,2.32778E+11,4295863513,US05890MAB90,05890MAB9=,A2,A1,0.49,N/A,N/A,N/A
664,2.32778E+11,4296424232,XS2389120598,KR238912059=,Aa2,A1,0.49,N/A,N/A,N/A
665,2.32778E+11,4295878071,US656029AH80,656029AH8=,A1,A1,0.49,305.930213,163.5453178,0.581290114
666,2.32778E+11,4296080185,XS2396652682,DE239665268=,Aaa,A1,0.49,N/A,N/A,N/A
667,2.32778E+11,8589934339,US06048WP385,06048WP38=,A1,A1,0.49,618.713374,147.4872918,0.581290114
668,2.32778E+11,4295946698,US222213AY60,222213AY6=,Aaa,A1,0.49,851.4953685,598.5886814,0.581290114
669,2.32778E+11,8589934158,US45818WDA18,45818WDA1=TWEB,Aaa,A1,0.49,327.1520966,698.7006703,0.581290114
670,2.32778E+11,4295862904,US63305LGH06,63305LGH0=TWEB,A3,A1,0.49,N/A,N/A,N/A
671,2.32778E+11,4296537663,US45950VPG58,45950VPG5=TWEB,Aaa,A1,0.49,N/A,N/A,N/A
672,2.32778E+11,4297169786,XS2388372273,CN238837227=,A1,A1,0.49,N/A,N/A,N/A
673,2.32779E+11,8589934160,XS2404268380,XS240426838=,Aaa,Aaa,0.49,N/A,N/A,N/A
674,2.32779E+11,8589934213,US78016EYH43,78016EYH4=,A1,Aaa,0.49,N/A,N/A,N/A
675,2.32779E+11,8589934570,US459058KA05,459058KA0=,Aaa,Aaa,0.49,N/A,N/A,N/A
676,2.32779E+11,4295863439,US05971WAD56,ES240391317=,A2,Aaa,0.49,N/A,N/A,N/A
677,2.32779E+11,4296424232,US500630DP05,500630DP0=,Aa2,Aaa,0.49,N/A,N/A,N/A
678,2.32779E+11,4296543409,US25159MBE66,25159MBE6=,A1,Aaa,0.49,N/A,N/A,N/A
679,2.32779E+11,5000021791,US48128G5U00,48128G5U0=TWEB,A1,Aaa,0.49,-23.69001649,280.2543663,0.581290114
680,2.32779E+11,4295907927,US78486QAL59,78486QAL5=,B2,Aaa,0.49,N/A,N/A,N/A
681,2.32779E+11,8589934339,US06048WP617,06048WP61=TWEB,A1,Aaa,0.49,-35.20292894,261.7821989,0.581290114
682,2.32779E+11,4295868960,US500769JQ84,500769JQ8=,Aaa,Aaa,0.49,N/A,N/A,N/A
683,2.32779E+11,5000018341,XS2402147255,PL240214725=,A3,Aaa,0.49,N/A,N/A,N/A
684,2.32779E+11,5001167814,XS2400956020,CN240095602=,A1,Aaa,0.49,N/A,N/A,N/A
685,2.32779E+11,4296865322,XS2401605360,DE240160536=,Aa1,Aaa,0.49,N/A,N/A,N/A
686,2.32779E+11,4295860600,US13607HYF36,13607HYF3=,A1,Aaa,0.49,N/A,N/A,N/A
687,2.32779E+11,5000938266,XS2381275994,KR238127599=,Aa2,Aaa,0.49,N/A,N/A,N/A
688,2.3278E+11,8589934570,XS2404596129,XS240459612=,Aaa,Aa3,0.34,N/A,N/A,N/A
689,2.3278E+11,4295875731,IT0005467722,IT546772=,Baa2,Aa3,0.34,N/A,N/A,N/A
690,2.3278E+11,4295856627,US961214EW94,961214EW9=,Aa3,Aa3,0.34,447.3272713,270.0168897,0.581290114
691,2.3278E+11,4295875735,XS2407748016,IT240774801=,Baa1,Aa3,0.34,N/A,N/A,N/A
692,2.3278E+11,4295863540,XS2413637674,CL241363767=,A2,Aa3,0.34,N/A,N/A,N/A
693,2.3278E+11,8589934289,US87020PAP27,87020PAP2=,Aa3,Aa3,0.34,660.0865071,274.8723975,0.581290114
694,2.3278E+11,4297147213,XS2395576437,TR239557643=,B3,Aa3,0.34,N/A,N/A,N/A
695,2.3278E+11,5050707760,US48130UZB42,48130UZB4=,A1,Aa3,0.34,N/A,N/A,N/A
696,2.3278E+11,8589934339,US06048WQ607,06048WQ60=,A1,Aa3,0.34,N/A,N/A,N/A
697,2.3278E+11,5000076303,XS2407025845,KR240702584=,Aa3,Aa3,0.34,N/A,N/A,N/A
698,2.32781E+11,4295863540,US059520AC03,059520AC0=,A2,A1,0.39,N/A,N/A,N/A
699,2.32781E+11,8589934339,US06048WR365,06048WR36=,A1,A1,0.39,426.1455661,139.2928621,0.581290114
700,2.32781E+11,5000037433,XS2423012934,IT242301293=,Baa1,A1,0.39,N/A,N/A,N/A
701,2.32781E+11,4296537663,US45950VQV17,45950VQV1=,Aaa,A1,0.39,N/A,N/A,N/A
702,2.32782E+11,4295884742,US05591F2S82,05591F2S8=,Aaa,B3,0.48,583.6908921,530.5804222,0.581290114
703,2.32782E+11,8589934339,US06048WY205,06048WY20=,A1,B3,0.48,238.8121355,52.24550792,0.581290114
704,2.32782E+11,5051775086,US09709UV704,09709UV70=,A1,B3,0.48,-347.6126249,415.2353135,0.581290114
705,2.32782E+11,4295856605,US05252BDF31,US05252BDF31=,Aa3,B3,0.48,181.4828151,211.0390835,0.581290114
706,2.32782E+11,4295860600,US13607XEW39,13607XEW3=,Aa2,B3,0.48,N/A,N/A,N/A
707,2.32783E+11,8589934160,US29874QEX88,29874QEX8=,Aaa,A1,0.51,509.9884579,518.4268056,0.581290114
708,2.32783E+11,4295856152,US2027A0KK42,2027A0KK4=,Aa3,A1,0.51,414.837419,273.6810261,0.581290114
709,2.32783E+11,5000728453,US20271RAR12,20271RAR1=,Aa3,A1,0.51,237.3555542,166.3553195,0.581290114
710,2.32784E+11,8589934570,US45906M4A62,45906M4A6=,Aaa,A1,0.51,569.5232263,417.6569211,0.581290114
711,2.32784E+11,8589934158,US4581X0EJ31,4581X0EJ3=,Aaa,A1,0.51,540.3312145,542.4347713,0.581290114
712,2.32784E+11,4296537663,US45950VSE73,45950VSE7=TWEB,Aaa,A1,0.51,454.134635,517.4987838,0.581290114
713,2.32784E+11,5000021791,US48128G5Y22,48128G5Y2=,A1,A1,0.51,447.5217795,169.124239,0.581290114
714,2.32784E+11,5050707760,US48130UB617,48130UB61=,A1,A1,0.51,N/A,N/A,N/A
715,2.32784E+11,5000731377,XS1878117750,CA187811775=,Aa1,A1,0.51,N/A,N/A,N/A
716,2.32784E+11,5000076303,US50050GAT58,50050GAT5=,Aa3,A1,0.51,N/A,N/A,N/A
717,2.32785E+11,5037349820,US65540JAK43,65540JAK4=,A1,A1,0.39,200.2991938,78.21231193,0.581290114
718,2.32785E+11,4296543239,US63983TEH41,63983TEH4=,Aaa,A1,0.39,551.3130798,516.4943248,0.581290114
719,2.32785E+11,5000728471,US63254ABE73,63254ABE7=,Aa3,A1,0.39,331.9708186,220.9479825,0.581290114
720,2.32785E+11,4295857405,US6325C0EB33,6325C0EB3=,Aa3,A1,0.39,456.3011021,305.8543949,0.581290114
721,2.32785E+11,4295856982,US55608PBJ21,55608PBJ2=,A1,A1,0.39,455.9736627,171.5416241,0.581290114
722,2.32785E+11,4295862904,US63307A2T17,63307A2T1=,A2,A1,0.39,159.6294904,-22.34652342,0.581290114
723,2.32785E+11,4296470941,US06748XZU89,06748XZU8=,A1,A1,0.39,N/A,N/A,N/A
724,2.32786E+11,8589934213,US78014RMJ67,78014RMJ6=,A1,A1,0.33,222.5155263,52.00666664,0.581290114
725,2.32786E+11,4295860592,XS2429114825,CA242911482=,A1,A1,0.33,N/A,N/A,N/A
726,2.32787E+11,4295860592,US06417XAE13,06417XAE1=,A1,B3,0.49,N/A,N/A,N/A
727,2.32787E+11,5000039820,US98105EAM93,98105EAM9=,A1,B3,0.49,188.3758578,103.9682896,0.581290114
728,2.32787E+11,8589934175,US95001DCH17,95001DCH1=TWEB,A1,B3,0.49,N/A,N/A,N/A
729,2.32787E+11,4296757902,US90014TAH41,90014TAH4=,B3,B3,0.49,N/A,N/A,N/A
730,2.32787E+11,5000601425,US87166FAD50,87166FAD5=,Baa3,B3,0.49,N/A,N/A,N/A
731,2.32788E+11,4295878766,US86562MCQ15,86562MCQ1=,A1,A1,0.34,N/A,N/A,N/A
732,2.32788E+11,4296424232,XS2436141399,KR243614139=,Aa2,A1,0.34,N/A,N/A,N/A
733,2.32788E+11,4296080185,XS2437371250,,Aaa,A1,0.34,N/A,N/A,N/A
734,2.32788E+11,5050707760,US48133DL244,48133DL24=,Aa3,A1,0.34,N/A,N/A,N/A
735,2.32788E+11,8589934159,US298785JQ02,298785JQ0=,Aaa,A1,0.34,695.0820732,613.6878483,0.581290114
736,2.32788E+11,4297066605,XS2432299449,IN243229944=,Baa3,A1,0.34,-61.01867694,-250.2349849,0.581290114
737,2.32788E+11,4296999124,XS2436446079,KR243644607=,Aa2,A1,0.34,N/A,N/A,N/A
738,2.32788E+11,8589934213,US78016EYV37,78016EYV3=,A1,A1,0.34,N/A,N/A,N/A
739,2.32788E+11,5000039820,US98105GAL68,KR243028981=,A1,A1,0.34,N/A,N/A,N/A
740,2.32788E+11,8589934158,US4581X0EB05,4581X0EB0=,Aaa,A1,0.34,680.0428816,606.3420423,0.581290114
741,2.32788E+11,4295862902,US89114TZN52,89114TZN5=,A1,A1,0.34,N/A,N/A,N/A
742,2.32788E+11,4295860600,USC24285Y410,USC24285Y410=,A1,A1,0.34,N/A,N/A,N/A
743,2.32788E+11,4295868960,US500769JR67,500769JR6=,Aaa,A1,0.34,N/A,N/A,N/A
744,2.32788E+11,4296543239,US63983TEF84,63983TEF8=,Aaa,A1,0.34,N/A,N/A,N/A
745,2.32789E+11,4296424232,US500630DR60,500630DR6=,Aa2,A1,0.43,N/A,N/A,N/A
746,2.32789E+11,4295875735,XS2444704758,IT244470475=,Baa1,A1,0.43,N/A,N/A,N/A
747,2.32789E+11,5000076303,US50050HAR75,US50050HAR75=,Aa3,A1,0.43,N/A,N/A,N/A
748,2.32789E+11,5056414987,XS2447949475,CN244794947=,A2,A1,0.43,499.8316563,123.8660003,0.581290114
749,2.32789E+11,4296543409,XS2443529958,JP244352995=,A1,A1,0.43,N/A,N/A,N/A
750,2.32789E+11,4295868960,XS2448404009,DE244840400=,Aaa,A1,0.43,N/A,N/A,N/A
751,2.32789E+11,5046279231,XS2432530983,CN243253098=,A1,A1,0.43,N/A,N/A,N/A
752,2.3279E+11,4295862902,US89114TZV78,89114TZV7=,A1,A1,0.34,N/A,N/A,N/A
753,2.3279E+11,8589934159,US298785JR84,298785JR8=,Aaa,A1,0.34,617.0025717,585.5810807,0.581290114
754,2.3279E+11,4295860592,US06418BAE83,06418BAE8=,A1,A1,0.34,N/A,N/A,N/A
755,2.3279E+11,4295878061,US86563VBA61,86563VBA6=,A1,A1,0.34,N/A,N/A,N/A
756,2.3279E+11,4295860596,US06368FAJ84,06368FAJ8=,A1,A1,0.34,N/A,N/A,N/A
757,2.3279E+11,4295856982,US55608RBJ86,AU246066094=,A1,A1,0.34,456.4893293,171.5610122,0.581290114
758,2.3279E+11,8589934365,XS2459996315,GB245999631=,Aa3,A1,0.34,N/A,N/A,N/A
759,2.3279E+11,4297169786,XS2451854991,CN245185499=,A1,A1,0.34,N/A,N/A,N/A
760,2.32791E+11,4295860600,US13607HR535,13607HR53=,A1,Aaa,0.25,N/A,N/A,N/A
761,2.32791E+11,4295882085,US48723RAC97,48723RAC9=,A1,Aaa,0.25,N/A,N/A,N/A
762,2.32791E+11,8589934159,US298785JS67,298785JS6=,Aaa,Aaa,0.25,758.3342954,533.6399881,0.581290114
763,2.32791E+11,4295860592,US06417XAH44,06417XAH4=,A1,Aaa,0.25,N/A,N/A,N/A
764,2.32791E+11,4296168464,US22550L2H39,22550L2H3=,A1,Aaa,0.25,635.2966826,76.60528838,0.581290114
765,2.32791E+11,4295857405,XS2467639683,AU246763968=,Aa3,Aaa,0.25,N/A,N/A,N/A
766,2.32791E+11,4296080185,XS2461770237,,Aaa,Aaa,0.25,N/A,N/A,N/A
767,2.32792E+11,4295862902,US89114X6D05,89114X6D0=,A1,A1,0.62,216.8232545,45.4980714,0.581290114
768,2.32792E+11,4295868960,US500769JT24,500769JT2=,Aaa,A1,0.62,N/A,N/A,N/A
769,2.32792E+11,4296543409,US25159MBG15,25159MBG1=,A1,A1,0.62,N/A,N/A,N/A
770,2.32792E+11,4296126537,XS2470627931,GB247062793=,A1,A1,0.62,N/A,N/A,N/A
771,2.32793E+11,4295875735,XS2482615957,IT248261595=,Baa1,Aaa,0.6,N/A,N/A,N/A
772,2.32793E+11,4295856627,US961214FC22,961214FC2=,Aa3,Aaa,0.6,319.1826057,225.0525437,0.581290114
773,2.32793E+11,4296785143,US22553Q7H45,22553Q7H4=,A1,Aaa,0.6,572.2966364,-2.971928456,0.581290114
774,2.32793E+11,8589934160,XS2485364116,XS248536411=,Aaa,Aaa,0.6,N/A,N/A,N/A
775,2.32793E+11,4296424232,XS2487342300,KR248734230=,Aa2,Aaa,0.6,N/A,N/A,N/A
776,2.32793E+11,5047643874,XS2479371028,CN247937102=,A1,Aaa,0.6,N/A,N/A,N/A
777,2.32793E+11,4295900343,US40428HTA04,40428HTA0=,A1,Aaa,0.6,N/A,N/A,N/A
778,2.32793E+11,4296543239,XS2485170695,NL248517069=,Aaa,Aaa,0.6,N/A,N/A,N/A
779,2.32793E+11,4295857405,XS2485539527,,Aa3,Aaa,0.6,N/A,N/A,N/A
780,2.32794E+11,4295862902,US89115A2E11,89115A2E1=,A1,Aaa,0.56,N/A,N/A,N/A
781,2.32794E+11,4295946698,US222213BA75,222213BA7=,Aaa,Aaa,0.56,749.5188444,535.2700839,0.581290114
782,2.32794E+11,5000728471,US63254ABD90,63254ABD9=,Aa3,Aaa,0.56,485.7147772,221.9195443,0.581290114
783,2.32794E+11,4295860596,US06368D3S13,06368D3S1=,A1,Aaa,0.56,N/A,N/A,N/A
784,2.32795E+11,4295860596,US06374VC385,06374VC38=,A1,A1,0.48,N/A,N/A,N/A
785,2.32795E+11,5037349820,US65540KAJ43,KR249559482=,A1,A1,0.48,N/A,N/A,N/A
786,2.32795E+11,4295856982,XS2493208545,AU249320854=,A1,A1,0.48,147.324513,157.9860087,0.581290114
787,2.32795E+11,4298009762,XS2493168657,NL249316865=,Aa2,A1,0.48,N/A,N/A,N/A
788,2.32795E+11,4295868960,US500769JU96,500769JU9=,Aaa,A1,0.48,N/A,N/A,N/A
789,2.32795E+11,4295875735,XS2499922834,IT249992283=,Baa1,A1,0.48,N/A,N/A,N/A
790,2.32796E+11,8589934213,US78016FZS63,78016FZS6=,A1,Aaa,0.43,N/A,N/A,N/A
791,2.32796E+11,8589934570,US459058KJ14,459058KJ1=,Aaa,Aaa,0.43,N/A,N/A,N/A
792,2.32796E+11,4295860592,XS2506381917,CA250638191=,Aa2,Aaa,0.43,N/A,N/A,N/A
793,2.32796E+11,4295860600,US13607H6M92,13607H6M9=,A1,Aaa,0.43,N/A,N/A,N/A
794,2.32796E+11,5050707760,US48133MAX83,48133MAX8=,A1,Aaa,0.43,N/A,N/A,N/A
795,2.32797E+11,4296424232,US500630DU99,500630DU9=,Aa2,Aaa,0.5,N/A,N/A,N/A
796,2.32797E+11,8589934158,XS2523870215,XS252387021=,Aaa,Aaa,0.5,556.045654,531.4040597,0.581290114
797,2.32797E+11,8589934159,US298785JT41,298785JT4=,Aaa,Aaa,0.5,561.8160254,528.3053695,0.581290114
798,2.32797E+11,4295884895,XS2479387024,NL247938702=,Aa3,Aaa,0.5,N/A,N/A,N/A
799,2.32797E+11,5000601425,US87166FAE34,87166FAE3=,Baa3,Aaa,0.5,N/A,N/A,N/A
800,2.32797E+11,4296168464,US22550L2K67,22550L2K6=,A1,Aaa,0.5,323.3194567,27.28152895,0.581290114
801,2.32797E+11,4295905022,US87161CAN56,87161CAN5=,Baa2,Aaa,0.5,N/A,N/A,N/A
802,2.32797E+11,4295868960,XS2529305745,DE252930574=,Aaa,Aaa,0.5,N/A,N/A,N/A
803,2.32797E+11,4295884742,XS2524943243,NL252494324=,Aaa,Aaa,0.5,N/A,N/A,N/A
804,2.32797E+11,4295857405,XS2529514155,,Aa3,Aaa,0.5,N/A,N/A,N/A
805,2.32798E+11,4295878071,USJ5901UAF96,JP253301937=,A1,Aaa,0.62,192.1887678,99.15127391,0.581290114
806,2.32798E+11,8589934570,US459058KL69,459058KL6=,Aaa,Aaa,0.62,N/A,N/A,N/A
807,2.32798E+11,4295878061,USJ7771YNL76,JP253147113=,A1,Aaa,0.62,N/A,N/A,N/A
808,2.32798E+11,4295862902,US89115A2H42,89115A2H4=,A1,Aaa,0.62,N/A,N/A,N/A
809,2.32798E+11,4295860596,US06368LAQ95,06368LAQ9=,A1,Aaa,0.62,N/A,N/A,N/A
810,2.32798E+11,4296080185,XS2540778284,DE254077828=,Aaa,Aaa,0.62,N/A,N/A,N/A
811,2.32798E+11,4296543409,US25159MBH97,25159MBH9=,A1,Aaa,0.62,N/A,N/A,N/A
812,2.32798E+11,4296537663,US45950KDA51,45950KDA5=,Aaa,Aaa,0.62,N/A,N/A,N/A
813,2.32798E+11,4295860600,US13607GSA30,13607GSA3=,A1,Aaa,0.62,N/A,N/A,N/A
814,2.32798E+11,4295857405,XS2537085149,AU253708514=,Aa3,Aaa,0.62,N/A,N/A,N/A
815,2.32798E+11,5000076303,XS2539994546,KR253999454=,Aa3,Aaa,0.62,N/A,N/A,N/A
816,2.32798E+11,4295856627,XS2536438893,AU253643889=,Aa3,Aaa,0.62,N/A,N/A,N/A
817,2.32798E+11,4295856982,XS2533023136,AU253302313=,A1,Aaa,0.62,N/A,N/A,N/A
818,2.32798E+11,4295856605,XS2530001630,,Aa3,Aaa,0.62,N/A,N/A,N/A
819,2.32799E+11,4295856152,XS2550074913,AU255007491=,Aa3,Aa3,0.28,302.6075701,171.9077143,0.581290114
820,2.32799E+11,8589934213,US78016HZS20,78016HZS2=,A1,Aa3,0.28,202.0575599,60.97604827,0.581290114
821,2.32799E+11,4296470941,US06749NFM92,06749NFM9=,A1,Aa3,0.28,280.2945949,60.5626765,0.581290114
822,2.32799E+11,4296865322,XS2551489821,DE255148982=,Aaa,Aa3,0.28,N/A,N/A,N/A
823,2.32799E+11,4296537663,XS2549866668,XS254986666=,Aaa,Aa3,0.28,N/A,N/A,N/A
824,2.32799E+11,4295868960,XS2548008486,DE254800848=,Aaa,Aa3,0.28,N/A,N/A,N/A
825,2.32799E+11,5050707760,US48133PDZ36,48133PDZ3=,A1,Aa3,0.28,N/A,N/A,N/A
826,2.32799E+11,5000076303,XS2547718218,KR254771821=,Aa3,Aa3,0.28,N/A,N/A,N/A
827,2.328E+11,8589934158,XS2556925936,XS255692593=,Aaa,Aaa,0.52,560.0577712,446.3918355,0.581290114
828,2.328E+11,4295888234,SK4000022174,SK400002217=1M,A3,Aaa,0.52,N/A,N/A,N/A
829,2.328E+11,4296424232,XS2555224265,KR255522426=,Aa2,Aaa,0.52,310.7898018,241.8766836,0.581290114
830,2.328E+11,4295856627,US961214FK48,961214FK4=,Aa3,Aaa,0.52,222.6149892,171.9574863,0.581290114
831,2.328E+11,5000761472,XS2555170740,CN255517074=,A1,Aaa,0.52,N/A,N/A,N/A
832,2.328E+11,4297905338,US55279HAT77,55279HAT7=,A3,Aaa,0.52,155.0568891,-145.9557851,0.581290114
833,2.328E+11,4295875735,XS2551322451,IT255132245=,Baa1,Aaa,0.52,N/A,N/A,N/A
834,2.328E+11,4296540158,XS2555717292,GB255571729=,A1,Aaa,0.52,N/A,N/A,N/A
835,2.328E+11,4296080185,XS2552811601,DE255281160=,Aaa,Aaa,0.52,N/A,N/A,N/A
836,2.328E+11,4295868960,XS2551345239,DE255134523=,Aaa,Aaa,0.52,N/A,N/A,N/A
837,2.328E+11,4295884742,XS2558573049,NL255857304=,Aaa,Aaa,0.52,N/A,N/A,N/A
838,2.32801E+11,8589934570,XS2567264911,XS256726491=,Aaa,Aaa,0.72,N/A,N/A,N/A
839,2.32801E+11,5038044443,XS2564922370,US256492237=,Aa3,Aaa,0.72,319.8264631,262.7650407,0.581290114
840,2.32801E+11,4295856627,XS2566285115,AU256628511=,Aa3,Aaa,0.72,253.5732731,215.8626342,0.581290114
841,2.32801E+11,4295878766,XS2564061799,JP256406179=,A1,Aaa,0.72,N/A,N/A,N/A
842,2.32801E+11,5001168020,US05254JAA88,05254JAA8=,Aa3,Aaa,0.72,224.2779168,156.3028986,0.581290114
843,2.32801E+11,4295857405,HK0000895703,AU256612887=,Aa3,Aaa,0.72,142.6656883,179.0817937,0.581290114
844,2.32801E+11,4295860592,US06417XAL55,06417XAL5=,A1,Aaa,0.72,N/A,N/A,N/A
845,2.32801E+11,4295856605,XS2562502091,AU256250209=,Aa3,Aaa,0.72,N/A,N/A,N/A
846,2.32801E+11,4296537663,XS2569068724,XS256906872=,Aaa,Aaa,0.72,N/A,N/A,N/A
847,2.32801E+11,8589934160,XS2569413508,XS256941350=,Aaa,Aaa,0.72,N/A,N/A,N/A
848,2.32802E+11,8589934570,XS2575870535,XS257587053=,Aaa,Aaa,0.62,575.7904817,481.5932221,0.581290114
849,2.32802E+11,4295878766,US86562MCS70,86562MCS7=,A1,Aaa,0.62,217.2383745,76.66811104,0.581290114
850,2.32802E+11,8589934339,US06055JAX72,06055JAX7=,A1,Aaa,0.62,239.6672779,38.68284525,0.581290114
851,2.32802E+11,8589934159,US298785JU14,298785JU1=,Aaa,Aaa,0.62,537.1972043,535.6810876,0.581290114
852,2.32802E+11,4296168464,US22550L2M24,22550L2M2=,A3,Aaa,0.62,14.32922621,-211.6487841,0.581289766
853,2.32802E+11,4295868960,US500769JW52,500769JW5=,Aaa,Aaa,0.62,526.005931,523.1182497,0.581290114
854,2.32802E+11,4295860596,US06368LGV27,06368LGV2=,A1,Aaa,0.62,185.8380966,72.04273831,0.581290114
855,2.32802E+11,4295946698,US222213BB58,222213BB5=,Aaa,Aaa,0.62,554.8846894,543.4904687,0.581290114
856,2.32802E+11,8589934213,US78016FZW75,78016FZW7=,A1,Aaa,0.62,205.8386171,93.39028466,0.581290114
857,2.32802E+11,8589934158,US4581X0EH74,4581X0EH7=,Aaa,Aaa,0.62,524.5350924,523.8078489,0.581290114
858,2.32802E+11,5000728471,US63253QAB05,63253QAB0=,Aa3,Aaa,0.62,280.0857094,200.1777634,0.581290114
859,2.32802E+11,4295862902,US89115A2M37,89115A2M3=,A1,Aaa,0.62,193.982384,82.65178978,0.581290114
860,2.32802E+11,4295875731,IT0005528747,IT0005528747=TX,Baa2,Aaa,0.62,-78.5294622,-241.7880537,0.581290114
861,2.32802E+11,5000610154,US21688AAV44,21688AAV4=,Aa2,Aaa,0.62,373.5789787,261.0082371,0.581290114
862,2.32802E+11,5000728453,US20271RAQ39,20271RAQ3=,Aa3,Aaa,0.62,277.2880488,178.1701274,0.581290114
863,2.32802E+11,5050707760,US48133U2U53,48133U2U5=,A1,Aaa,0.62,N/A,N/A,N/A
864,2.32802E+11,4295856605,XS2580722432,AU258072243=,Aa3,Aaa,0.62,N/A,N/A,N/A
865,2.32802E+11,5000076303,XS2580261100,KR258026110=,Aa3,Aaa,0.62,N/A,N/A,N/A
866,2.32802E+11,4296543239,XS2580745565,NL258074556=,Aaa,Aaa,0.62,N/A,N/A,N/A
867,2.32802E+11,4295884742,XS2580286511,NL258028651=,Aaa,Aaa,0.62,N/A,N/A,N/A
868,2.32803E+11,4295868960,XS2587562070,DE258756207=,Aaa,Aa3,0.4,556.501238,490.6500171,0.581290114
869,2.32803E+11,4296424232,US500630DX39,500630DX3=,Aa2,Aa3,0.4,372.4872111,298.9385167,0.581290114
870,2.32803E+11,8589934159,US298785JV96,298785JV9=,Aaa,Aa3,0.4,539.5363095,550.4717173,0.581290114
871,2.32803E+11,8589934570,US459058KQ56,459058KQ5=,Aaa,Aa3,0.4,514.0166685,539.6290657,0.581290114
872,2.32803E+11,4295856627,XS2586740222,AU258674022=,Aa3,Aa3,0.4,264.9763131,238.3942982,0.581290114
873,2.32803E+11,4295860592,US06417XAP69,06417XAP6=,A1,Aa3,0.4,213.9757212,82.50441493,0.581290114
874,2.32803E+11,4295884895,XS2569724334,NL256972433=,Aa3,Aa3,0.4,312.8283618,211.1587504,0.581290114
875,2.32803E+11,4296757902,XS2581381634,TR258138163=,B3,Aa3,0.4,N/A,N/A,N/A
876,2.32803E+11,4297147213,US90015LAG23,90015LAG2=,B3,Aa3,0.4,N/A,N/A,N/A
877,2.32803E+11,4297905338,US55279HAV24,55279HAV2=,A3,Aa3,0.4,187.3810021,-87.73467035,0.581290114
878,2.32803E+11,4295884742,XS2581205825,NL258120582=,Aaa,Aa3,0.4,N/A,N/A,N/A
879,2.32803E+11,4296543239,XS2582808221,,Aaa,Aa3,0.4,N/A,N/A,N/A
880,2.32803E+11,4296537663,XS2589088488,XS258908848=,Aaa,Aa3,0.4,N/A,N/A,N/A
881,2.32803E+11,4295856982,XS2584138908,AU258413890=,A1,Aa3,0.4,N/A,N/A,N/A
882,2.32803E+11,4296080185,XS2582491788,DE258249178=,Aaa,Aa3,0.4,N/A,N/A,N/A
883,2.32804E+11,8589934275,XS2594999174,GB259499917=,A2,Aa3,0.42,192.2771221,15.07462108,0.581290114
884,2.32804E+11,8589934570,XS2597039721,,Aaa,Aa3,0.42,N/A,N/A,N/A
885,2.32804E+11,4295878071,US656029AL92,656029AL9=,A1,Aa3,0.42,186.1726605,93.46642135,0.581290114
886,2.32804E+11,4295878061,US86563VBH15,86563VBH1=,A1,Aa3,0.42,192.5183465,98.55233452,0.581290114
887,2.32804E+11,4295895566,XS2595036471,GB259503647=,Aa3,Aa3,0.42,428.9009913,148.7688981,0.581290114
888,2.32804E+11,5038044443,XS2584089267,US258408926=,Aa3,Aa3,0.42,314.9518218,199.3637006,0.581290114
889,2.32804E+11,4296080185,XS2596437918,DE259643791=,Aaa,Aa3,0.42,484.5763711,466.6941915,0.581290114
890,2.32804E+11,8589934365,XS2595379590,GB259537959=,Aa3,Aa3,0.42,266.1229501,243.2563091,0.581290114
891,2.32804E+11,4295900343,US40428HVL31,40428HVL3=,A1,Aa3,0.42,196.4939262,48.98227965,0.581290114
892,2.32804E+11,4295857405,XS2596077441,AU259607744=,Aa3,Aa3,0.42,335.5143426,163.6765325,0.581290114
893,2.32804E+11,4296543239,XS2591009688,NL259100968=,Aaa,Aa3,0.42,558.5399026,488.7504909,0.581290114
894,2.32805E+11,8589934570,US459058KT95,459058KT9=,Aaa,Aa3,0.42,548.5405504,539.3535197,0.581290114
895,2.32805E+11,4295868960,US500769JX36,500769JX3=,Aaa,Aa3,0.42,558.7269602,511.7853728,0.581290114
896,2.32805E+11,5050707760,US48133WD399,48133WD39=,A1,Aa3,0.42,346.2218291,18.77073469,0.581290114
897,2.32805E+11,4296470941,XS2602520202,GB260252020=,A1,Aa3,0.42,N/A,N/A,N/A
898,2.32806E+11,8589934213,US78016HZQ63,78016HZQ6=,A1,Aaa,0.63,220.4557536,83.95334148,0.581290114
899,2.32806E+11,8589934159,US298785JW79,298785JW7=,Aaa,Aaa,0.63,531.3022303,533.7202674,0.581290114
900,2.32806E+11,4295895566,XS2617409581,GB261740958=,Aa3,Aaa,0.63,294.1569102,198.4523745,0.581290114
901,2.32806E+11,4297066605,XS2615928863,IN261592886=,Baa3,Aaa,0.63,-209.1223638,-323.8640815,0.581290114
902,2.32806E+11,4295860600,US13607LNG40,13607LNG4=,A1,Aaa,0.63,205.8370166,65.80560834,0.581290114
903,2.32806E+11,4295860592,XS2615598112,CA261559811=,Aa2,Aaa,0.63,360.2522863,249.6350614,0.581290114
904,2.32806E+11,5000076303,US50050HAU05,US50050HAU05=,Aa3,Aaa,0.63,271.8846029,190.0542933,0.581290114
905,2.32806E+11,4295860596,US06368LNT97,06368LNT9=,A1,Aaa,0.63,197.0909094,51.16520412,0.581290114
906,2.32806E+11,4296783400,US61690U4T48,61690U4T4=,Aa3,Aaa,0.63,304.2843361,191.612184,0.581290114
907,2.32806E+11,4295868960,XS2618905421,DE261890542=,Aaa,Aaa,0.63,591.8282149,481.3900061,0.581290114
908,2.32806E+11,4296424232,XS2615920530,KR261592053=,Aa2,Aaa,0.63,N/A,N/A,N/A
909,2.32807E+11,8589934570,XS2624503681,XS262450368=,Aaa,A1,0.3,564.7068585,493.3876515,0.581290114
910,2.32807E+11,5050707760,XS1449811626,,Aa3,A1,0.3,N/A,N/A,N/A
911,2.32807E+11,5000018341,US06237MAA18,06237MAA1=,A3,A1,0.3,44.507095,-108.9563899,0.581290114
912,2.32807E+11,4295884742,XS2624016932,NL262401693=,Aaa,A1,0.3,602.7501269,549.3019469,0.581290114
913,2.32807E+11,5000700735,XS2623522930,CN262352293=,A1,A1,0.3,243.3415011,129.1588704,0.581290114
914,2.32807E+11,4296865322,XS2627035178,DE262703517=,Aaa,A1,0.3,573.4032431,489.2110714,0.581290114
915,2.32807E+11,4295946698,US222213BC32,222213BC3=,Aaa,A1,0.3,593.2912813,518.7327095,0.581290114
916,2.32807E+11,4295868960,XS2623965253,DE262396525=,Aaa,A1,0.3,498.4901852,441.54749,0.581290114
917,2.32807E+11,4296424232,XS2616082603,KR261608260=,Aa2,A1,0.3,N/A,N/A,N/A
918,2.32808E+11,4295868960,XS2629007209,DE262900720=,Aaa,Aa2,0.36,559.0259941,476.6926357,0.581290114
919,2.32808E+11,4296543239,XS2630112287,NL263011228=,Aaa,Aa2,0.36,561.8979104,526.0360685,0.581290114
920,2.32808E+11,4295875731,IT0005543720,IT554372=,Baa2,Aa2,0.36,2.730439113,-274.8270514,0.545714619
921,2.32808E+11,5000076303,XS2631788077,KR263178807=,Aa3,Aa2,0.36,N/A,N/A,N/A
922,2.32809E+11,4295862904,XS2633099440,CA263309944=,Aa3,Aa3,0.27,108.9778871,411.2346273,0.581290114
923,2.32809E+11,5000728471,US63253QAE44,63253QAE4=,Aa3,Aa3,0.27,297.3006109,181.709297,0.581290114
924,2.32809E+11,4295860592,US06418GAD97,06418GAD9=,A1,Aa3,0.27,194.6985996,43.54300555,0.581290114
925,2.32809E+11,4295856982,US55608PBM59,55608PBM5=,A1,Aa3,0.27,246.597952,88.36932822,0.581290114
926,2.32809E+11,4296865322,XS2633546721,DE263354672=,Aaa,Aa3,0.27,597.8811793,451.7955024,0.581290114
927,2.3281E+11,5037349820,US65540KAK16,US65540KAK16=,A1,Aaa,0.35,201.353921,79.33616124,0.581290114
928,2.3281E+11,5001112967,XS2632485897,CN263248589=,A1,Aaa,0.35,217.8327863,102.6159739,0.581290114
929,2.3281E+11,4296424232,XS2639840219,KR263984021=,Aa2,Aaa,0.35,N/A,N/A,N/A
930,2.32811E+11,4295878766,US86562MDD92,86562MDD9=,A1,A1,0.46,216.6188111,56.10422284,0.581290114
931,2.32811E+11,4296537663,US45950KDD90,45950KDD9=,Aaa,A1,0.46,496.4541665,470.3421803,0.581290114
932,2.32811E+11,8589934213,XS2646090972,CA264609097=,A1,A1,0.46,101.1912012,59.06714367,0.581290114
933,2.32812E+11,4295868960,US500769JY19,500769JY1=,Aaa,A1,0.31,509.0098069,504.9078661,0.581290114
934,2.32812E+11,8589934570,US459058KU68,459058KU6=,Aaa,A1,0.31,499.1545699,512.3397261,0.581290114
935,2.32812E+11,4295881976,US824596AC41,824596AC4=,A1,A1,0.31,94.68849684,18.8675467,0.581290114
936,2.32812E+11,4295862902,US89115A2U52,89115A2U5=,A1,A1,0.31,186.4203792,48.53286156,0.581290114
937,2.32812E+11,4295860600,US13607LSL89,13607LSL8=,A1,A1,0.31,160.2763664,29.68912267,0.581290114
938,2.32812E+11,4296424232,XS2650971117,KR265097111=,Aa2,A1,0.31,399.0883261,235.1867895,0.581290114
