No,BondID,OAPermID,ISIN,RIC,CurrentRating,PredNextRating,PredNextRatingProb
0,15628314020 ,8589934570 ,US459056JQ10,459056JQ1=,Aaa,Aaa,1
1,15628357192 ,8589934158 ,US458182BV36,458182BV3=,Aaa,Aaa,1
2,15628361237 ,8589934158 ,US458182BW19,458182BW1=,Aaa,Aaa,1
3,15628378984 ,8589934158 ,US458182BY74,458182BY7=,Aaa,Aaa,1
4,15628392594 ,8589934158 ,US45818QAC33,45818QAC3=,Aaa,Aaa,1
5,15628397936 ,8589934175 ,US66938FJU93,66938FJU9=,A1,A2,0.805
6,15628406283 ,8589934339 ,US590188JB51,590188JB5=,A1,A2,0.715
7,15628406440 ,8589934158 ,US45818QAE98,45818QAE9=,Aaa,Aaa,1
8,15628410770 ,8589934158 ,US45818QAD16,45818QAD1=,Aaa,Aaa,1
9,15629238263 ,8589934570 ,XS0176297199,XS017629719=,Aaa,Aaa,1
10,15629252035 ,5000008374 ,US49306SAA42,49306SAA4=,A3,A3,0.67
11,15629291954 ,8589934339 ,US59018YTM39,59018YTM3=,A1,A2,0.615
12,15629389194 ,8589934175 ,US949746JM44,949746JM4=,A1,A2,0.805
13,15629389957 ,8589934570 ,US45905CAA27,XS021228214=,Aaa,Aaa,1
14,15629529524 ,8589934159 ,US298785DV50,XS024615936=,Aaa,Aaa,1
15,15629536976 ,8589934339 ,US22238HBB50,,Baa1,Baa1,0.88
16,15629538053 ,4296462551 ,US125581AY44,125581AY4=,Baa2,Baa2,0.78
17,15629942453 ,5000021791 ,US46625HHF01,46625HHF0=,A1,A3,0.53
18,15630627012 ,4298009762 ,US74977RCM43,74977RCM4=,Aa2,Aa2,0.75
19,15630627025 ,4298009762 ,US74977SCM26,NL054436858=,Aa2,Aa2,0.75
20,15630642801 ,4297220581 ,XS0548058022,FR054805802=,Aa3,Aa3,0.79
21,15630652402 ,5000021791 ,US46625HHV50,46625HHV5=,A1,A3,0.54
22,15630655135 ,4297220581 ,XS0552066861,FR055206686=,Aa3,Aa3,0.8
23,15630657675 ,4297220581 ,XS0553103358,FR055310335=,Aa3,Aa3,0.9
24,15630677020 ,4295856605 ,XS0558946397,AU055894639=,Aa3,Aa3,0.58
25,15630678072 ,4297220581 ,XS0559404362,,Aa3,Aa3,0.89
26,15630681867 ,8589934326 ,XS0560559329,,Aa3,Aa3,0.85
27,15630743186 ,4296785143 ,XS0584391428,,A2,A2,0.86
28,15630859481 ,4298009762 ,US21685WCJ45,21685WCJ4=,Aa2,Aa2,0.75
29,15630879105 ,4295895566 ,XS0637314807,,Aa2,Aa2,0.91
30,15630880303 ,8589934326 ,XS0637847889,,Aa3,Aa3,0.75
31,15630887593 ,4297220581 ,XS0641474712,FR064147471=,Aa3,Aa3,0.75
32,15630889020 ,4297220581 ,XS0641956205,FR064195620=,Aa3,Aa3,0.75
33,15630902704 ,4298009762 ,XS0647377752,,Aa2,Aa2,0.85
34,15630911753 ,5000021791 ,US46625HJB78,46625HJB7=,A1,A3,0.54
35,15630994065 ,8589934158 ,US4581X0BT40,4581X0BT4=,Aaa,Aaa,1
36,15631018463 ,8589934275 ,US404280AM17,404280AM1=,A3,A3,0.64
37,15631047028 ,5000021791 ,US48126BAA17,48126BAA1=,A1,A3,0.54
38,15631086406 ,8589934339 ,US06051GEN51,06051GEN5=,A1,A2,0.715
39,15631120499 ,4295895566 ,XS0757799928,,Aa2,Aa2,0.91
40,15631126410 ,4295884895 ,XS0762129962,,A2,A2,0.8
41,15631152173 ,4295856152 ,XS0774708324,AU077470832=,Aa3,A1,0.49
42,15631175530 ,5000042454 ,XS0783021941,,Aa2,Aa2,0.75
43,15631208562 ,4296420951 ,XS0796073475,,Aa3,Aa3,0.55
44,15631220520 ,4295895566 ,XS0801997080,GB080199708=,Aa3,Aa3,0.59
45,15631227484 ,4295857405 ,XS0805208914,AU080520891=,Aa3,A1,0.43
46,44642366229 ,8589934158 ,US4581X0BX51,4581X0BX5=,Aaa,Aaa,1
47,44642887840 ,4298009762 ,XS0820947256,NL082094725=,Aa2,Aa2,0.8
48,44644344965 ,4296420951 ,XS0850704015,,A1,A1,0.69
49,44645792594 ,4297220581 ,XS0875864562,,Aa3,Aa3,0.89
50,44645898528 ,4297220581 ,XS0876895813,,Aa3,Aa3,0.89
51,44646014111 ,4295857405 ,XS0879385069,AU087938506=,Aa3,A1,0.38
52,44646720023 ,4296420951 ,XS0900117580,,Aa3,Aa3,0.56
53,44646816855 ,4295884895 ,XS0905057187,NL090505718=,A1,Aa3,0.44
54,44646947105 ,4295862904 ,XS0908822108,CA090882210=,Aa3,Aa3,0.79
55,44647715569 ,8589934175 ,XS0931157084,US093115708=,A1,A1,0.575
56,44648294861 ,5035428308 ,XS0944838167,,Aa3,Aa2,0.51
57,44649100194 ,4296462551 ,US125581GR39,,Baa2,Baa2,0.83
58,44649217132 ,4296730072 ,US25466AAD37,25466AAD3=,Baa1,Baa2,0.9
59,44651082643 ,4295878360 ,US064255AR31,064255AR3=,A1,A1,0.69
60,44651082832 ,4295878360 ,USJ0423YBK94,JP096996772=,A1,A1,0.69
61,44651546125 ,8589934158 ,US4581X0CC06,4581X0CC0=,Aaa,Aaa,1
62,44652051488 ,4296608294 ,US059613AB51,059613AB5=,Ba3,B2,0.85
63,44652051625 ,4296608294 ,USP14623AB16,CR098835580=,Ba3,B2,0.85
64,44652094171 ,4296424232 ,XS0988883731,KR098888373=,Aa2,Aa2,0.93
65,44652288885 ,4296424232 ,XS0994485471,KR099448547=,Aa2,Aa2,0.93
66,44652289710 ,4296424232 ,XS0994483260,KR099448326=,Aa2,Aa2,0.93
67,44652632073 ,4296424232 ,XS1004019086,KR100401908=,Aa2,Aa2,0.93
68,44653063342 ,5000001007 ,US865622BJ28,865622BJ2=,A1,A1,0.67
69,44653140145 ,4296424232 ,US500630CC01,500630CC0=,Aa2,Aa2,0.93
70,44653185093 ,8589934339 ,US06051GFC87,06051GFC8=,A1,A2,0.715
71,44653185101 ,8589934339 ,US06051GFB05,06051GFB0=,A1,A2,0.715
72,44653218346 ,8589934158 ,US4581X0CE61,4581X0CE6=,Aaa,Aaa,1
73,44653268085 ,5000021791 ,US46625HJT86,46625HJT8=,A1,A3,0.55
74,44653268090 ,5000021791 ,US46625HJU59,46625HJU5=,A1,A3,0.54
75,44653303435 ,8589934159 ,US298785GJ95,298785GJ9=,Aaa,Aaa,1
76,44653482628 ,8589934183 ,US91159HHG83,91159HHG8=,A3,A2,0.58
77,44653599486 ,4295908449 ,US947890AH22,947890AH2=,Baa1,Baa1,0.84
78,44653787956 ,8589934158 ,US4581X0CF37,4581X0CF3=,Aaa,Aaa,1
79,44654062674 ,4295878360 ,US064255AW26,064255AW2=,A1,A1,0.68
80,44654062679 ,4295878360 ,US064255AX09,064255AX0=,A1,A1,0.74
81,44654062813 ,4295878360 ,USJ0423YBR48,JP104474373=,A1,A1,0.74
82,44654062826 ,4295878360 ,USJ0423YBQ64,JP104458335=,A1,A1,0.68
83,44654135099 ,4296730072 ,US25466AAE10,25466AAE1=,Baa1,Baa2,0.92
84,44654136033 ,4296457498 ,US002799AN46,,A1,A1,0.59
85,44654432512 ,8589934339 ,US06051GFG91,06051GFG9=,A1,A2,0.715
86,44654432536 ,8589934339 ,US06051GFF19,06051GFF1=,A1,A2,0.715
87,44654480915 ,4298009762 ,XS1054620775,,Aa2,Aa2,0.78
88,44654535751 ,4296424232 ,XS1056202846,KR105620284=,Aa2,Aa2,0.93
89,44654579235 ,5000084509 ,US05578DAG79,05578DAG7=,A1,Aa3,0.79
90,44654598868 ,4295878063 ,US60688XAG51,60688XAG5=,A1,A1,0.69
91,44654600542 ,4295878063 ,USJ45992PK42,JP105604815=,A1,A1,0.69
92,44654619292 ,4297066605 ,US85628UAF30,85628UAF3=,Baa3,Baa3,0.86
93,44654622737 ,4297066605 ,USY81647AB84,IN105910096=,Baa3,Baa3,0.86
94,44654748841 ,4296424232 ,XS1062029746,KR106202974=,Aa2,Aa2,0.93
95,44654799993 ,5000001007 ,XS1063244765,JP106324476=,A1,A1,0.71
96,44655004655 ,5000021791 ,US46625HJX98,46625HJX9=,A1,A3,0.55
97,44655073324 ,4296470941 ,US06739FHV67,06739FHV6=,A1,A2,0.45
98,44655454758 ,4296721032 ,US05969LAA98,05969LAA9=,Baa3,Baa3,0.93
99,44655454937 ,4296721032 ,USP13296AL53,MX107500979=,Baa3,Baa3,0.93
100,44655471352 ,4298009762 ,XS1072755090,,Aa3,Aa3,0.5
101,44655650478 ,4295900343 ,US40434CAD74,40434CAD7=,A1,A1,0.57
102,44655792501 ,4296470941 ,XS1056897058,GB105689705=,A1,A1,0.54
103,44655810098 ,5060588378 ,XS1084460051,SE108446005=,Aa3,Aa3,0.69
104,44655868714 ,5000084509 ,FR0012007458,FR0012007458=,Aa3,Aa3,0.79
105,44655946187 ,5000001007 ,US865622BN30,865622BN3=,A1,A1,0.67
106,44656291732 ,4296537663 ,XS1096403289,XS109640328=,Aaa,Aaa,1
107,44656518682 ,4295907462 ,US680033AC14,680033AC1=,A3,A3,0.69
108,44656645206 ,4296543409 ,XS1105388802,JP110538880=,A1,A1,0.73
109,44656701286 ,8589934175 ,US94974BGA26,94974BGA2=,A1,A2,0.805
110,44656703498 ,4295878360 ,USJ0423YBX16,JP110763263=,A1,A1,0.67
111,44656703701 ,4295878360 ,US064255BJ06,064255BJ0=,A1,A1,0.67
112,44656728487 ,4296168464 ,US22546QAP28,22546QAP2=,A1,A3,0.56
113,44656776196 ,4295903505 ,US637138AC26,637138AC2=,A3,A3,0.59
114,44656802075 ,4296543409 ,XS1111314651,JP111131465=,A1,A1,0.67
115,44656833308 ,4296063555 ,XS1112738478,FR111273847=,Aa3,Aa3,0.85
116,44656878820 ,4295878063 ,US60688XAP50,60688XAP5=,A1,A1,0.69
117,44656878941 ,4295878063 ,USJ46186AX06,JP111163839=,A1,A1,0.69
118,44657112886 ,5035166723 ,XS1115200468,IN111520046=,Baa3,Baa3,0.93
119,44657290453 ,8589934159 ,US298785GQ39,298785GQ3=,Aaa,Aaa,1
120,44657533492 ,4296959656 ,US69353REF10,69353REF1=,A2,A2,0.85
121,44657725080 ,4296424232 ,XS1138308835,KR113830883=,Aa2,Aa2,0.93
122,44657762229 ,4295868960 ,US500769GK42,500769GK4=,Aaa,Aaa,1
123,44657827519 ,8589934570 ,US45905UQX53,US45905UQX53=VSL,Aaa,Aaa,1
124,44657862766 ,8589934570 ,US459058DX80,459058DX8=,Aaa,Aaa,1
125,44658027709 ,4297066605 ,XS1151786107,IN115178610=,Baa3,Baa3,0.88
126,44658456381 ,8589934158 ,US4581X0CM87,4581X0CM8=,Aaa,Aaa,1
127,44658668180 ,5000021791 ,US46625HKC33,46625HKC3=,A1,A3,0.55
128,44658805297 ,4295907927 ,US78486QAD34,78486QAD3=,B2,A3,0.56
129,44658873295 ,4296424232 ,XS1183723011,KR118372301=,Aa2,Aa2,0.93
130,44658909176 ,8589934159 ,US298785GS94,298785GS9=,Aaa,Aaa,1
131,44658912281 ,4297905338 ,US55279HAK68,55279HAK6=,A3,A3,0.7
132,46633194205 ,8589934175 ,US94974BGH78,94974BGH7=,A1,A2,0.81
133,46633277751 ,4296959656 ,US69353REK05,69353REK0=,A2,A2,0.86
134,46633294394 ,8589934570 ,US45905URL07,45905URL0=,Aaa,Aaa,1
135,46633541296 ,8589934333 ,US06738EAE59,06738EAE5=,Baa1,Baa2,0.85
136,46633701952 ,4295878063 ,USJ46186BC59,JP120714198=,A1,A1,0.73
137,46633702349 ,4295878063 ,US60688XAU46,60688XAU4=,A1,A1,0.73
138,46633755289 ,4295893638 ,XS1210422074,TR121042207=,B3,B2,0.48
139,46633755292 ,4295893638 ,US00971YAF79,00971YAF7=,B3,B2,0.48
140,46633992504 ,4295895205 ,XS1219971774,GB121997177=,A3,A3,0.64
141,46633992645 ,4295895205 ,US853254AX89,853254AX8=,A3,A3,0.64
142,46634099090 ,4295868960 ,US500769GQ12,500769GQ1=,Aaa,Aaa,1
143,46634136292 ,8589934175 ,US94974BGK08,94974BGK0=,A1,A2,0.81
144,46634410374 ,5000610154 ,US21688AAE29,21688AAE2=,Aa2,Aa2,0.51
145,46634669835 ,4296959656 ,US69353REQ74,69353REQ7=,A2,A2,0.87
146,46634670135 ,5000008374 ,US49327M2K91,49327M2K9=,A3,A3,0.74
147,46635101522 ,4295856982 ,XS1250970149,AU125097014=,A2,A2,0.75
148,46635229371 ,4295899345 ,US432748AB74,432748AB7=,Baa1,Baa1,0.77
149,46635383479 ,4296424232 ,XS1258415899,KR125841589=,Aa2,Aa2,0.93
150,46635532426 ,5000021791 ,US46625HMN79,46625HMN7=,A1,A3,0.54
151,46635533187 ,5000001412 ,US80282KAE64,80282KAE6=,Baa3,Baa3,0.83
152,46635533578 ,5000001007 ,US865622BW39,865622BW3=,A1,A1,0.71
153,46635548635 ,4296999124 ,XS1263875988,KR126387598=,Aa2,Aa2,1
154,46635571118 ,4295856982 ,XS1264445914,AU126444591=,A2,A2,0.75
155,46635637252 ,8589934570 ,US459058EP48,459058EP4=,Aaa,Aaa,1
156,46635653944 ,4295856982 ,US55608RAQ39,AU126972679=,A1,A2,0.83
157,46635653999 ,4295856982 ,US55608PAQ72,55608PAQ7=,A1,A2,0.83
158,46635683088 ,8589934339 ,US06051GFS30,06051GFS3=,A1,A2,0.72
159,46635764951 ,4296424232 ,XS1272150902,KR127215090=,Aa2,Aa2,0.93
160,46635777168 ,4295868960 ,XS1272810844,DE127281084=,Aaa,Aaa,1
161,46635881744 ,8589934333 ,US06738EAJ47,06738EAJ4=,Baa1,Baa2,0.85
162,46636108822 ,4296543409 ,XS1286029506,JP128602950=,A1,A1,0.71
163,46636296328 ,4296424232 ,US500630CG15,500630CG1=,Aa2,Aa2,0.93
164,46636305516 ,4296543409 ,US25159MAQ06,25159MAQ0=,A1,A1,0.71
165,46636442439 ,8589934175 ,US94974BGP94,94974BGP9=,A1,A2,0.81
166,46637091706 ,5001168020 ,US05253JAL52,05253JAL5=,Aa3,Aa3,0.85
167,46637193000 ,5001204503 ,US06652KAA16,06652KAA1=,Baa2,Baa2,0.8
168,46637767092 ,8589934333 ,US06738EAN58,06738EAN5=,Baa1,Baa2,0.85
169,46637813370 ,4296424232 ,US500630CJ53,US500630CJ5=,Aa2,Aa2,0.94
170,46637845251 ,4295856982 ,US55608PAW41,55608PAW4=,A1,A2,0.82
171,46637855154 ,4295856982 ,US55608RAW07,AU134777346=,A1,A2,0.82
172,46638410534 ,5000000933 ,US606822AD62,606822AD6=,A1,A1,0.67
173,46638493164 ,8589934275 ,US404280AW98,404280AW9=,A3,A3,0.66
174,46638514124 ,4295878766 ,US86562MAC47,86562MAC4=,A1,A1,0.7
175,46638534418 ,4295860596 ,XS1377675209,,Aa2,Aa2,0.64
176,46638578549 ,4295884742 ,XS1379220889,NL137922088=,Aaa,Aaa,1
177,46638724566 ,4296543239 ,US63983TBB08,63983TBB0=,Aaa,Aaa,1
178,46638724621 ,4296543239 ,XS1386139841,NL138613984=,Aaa,Aaa,1
179,46638731633 ,5000021791 ,US46625HQW33,46625HQW3=,A1,A3,0.54
180,46638793211 ,4296424232 ,XS1388938802,KR138893880=,Aa2,Aa2,0.93
181,46638833367 ,4296537663 ,US45950VHX73,45950VHX7=,Aaa,Aaa,1
182,46638836875 ,8589934212 ,US780097BA81,780097BA8=,A3,A3,0.59
183,46638899367 ,4295878505 ,USJ4599LAL65,JP138989186=,A1,A1,0.7
184,46638899376 ,4295878505 ,US60687YAD13,60687YAD1=,A1,A1,0.7
185,46638911086 ,8589934159 ,US298785HD17,298785HD1=,Aaa,Aaa,1
186,46638931158 ,4295895205 ,XS1395052639,GB139505263=,A3,A3,0.63
187,46638931165 ,4295895205 ,US853254AZ38,853254AZ3=,A3,A3,0.63
188,46639020029 ,8589934339 ,US06051GFX25,06051GFX2=,A1,A2,0.72
189,46639035286 ,8589934175 ,US949746RW34,949746RW3=,A1,A2,0.81
190,46639092367 ,4296543409 ,XS1401141467,JP140114146=,A1,A1,0.71
191,46639179843 ,8589934570 ,XS1404980929,,Aaa,Aaa,1
192,46639184122 ,8589934333 ,XS1397877652,GB139787765=,Baa1,Baa2,0.86
193,46639314575 ,4295856627 ,US961214CX95,961214CX9=,Aa3,A2,0.3
194,46639355492 ,4295856152 ,US2027A1HT70,AU141429574=,Aa3,A1,0.39
195,46639355502 ,4295856152 ,US2027A0HT97,2027A0HT9=,Aa3,A1,0.39
196,46639389381 ,4295857405 ,XS1416564653,AU141656465=,Aa3,A1,0.44
197,46639417907 ,4298009762 ,XS1418710304,NL141871030=,Aa2,Aa2,0.79
198,46639438847 ,8589934275 ,US404280BB43,404280BB4=,A3,A3,0.65
199,46639441015 ,4295857405 ,XS1419677205,AU141967720=,Aa3,A1,0.44
200,46639474967 ,8589934570 ,XS1422031978,,Aaa,Aaa,1
201,46639519915 ,8589934158 ,US4581X0CU04,4581X0CU0=,Aaa,Aaa,1
202,46639578104 ,5000021791 ,US46625HRS12,46625HRS1=,A1,A3,0.54
203,46639620604 ,4295857405 ,XS1431708020,AU143170802=,Aa3,A1,0.43
204,46639677362 ,4295857405 ,XS1433243893,AU143324389=,Aa3,A1,0.4
205,46639984832 ,8589934333 ,XS1441633549,GB144163354=,A2,A2,0.72
206,46639985718 ,5000728471 ,US63254AAS78,63254AAS7=,Aa3,Aa3,0.67
207,46640017246 ,4295878766 ,US86562MAF77,86562MAF7=,A1,A1,0.7
208,46640114387 ,5000021791 ,US46625HRV41,46625HRV4=,A1,A3,0.54
209,46640161734 ,8589934183 ,US91159HHN35,91159HHN3=,A3,A2,0.55
210,46640167449 ,8589934570 ,XS1457517644,,Aaa,Aaa,1
211,46640167475 ,8589934570 ,XS1457521919,,Aaa,Aaa,1
212,46640239882 ,4295868960 ,XS1462028371,,Aaa,Aaa,1
213,46640272059 ,4295884742 ,XS1465258900,NL146525890=,Aaa,Aaa,1
214,46640336027 ,4296424232 ,XS1469469172,KR146946917=,Aa2,Aa2,0.93
215,46640440905 ,8589934570 ,US45905UXK59,,Aaa,Aaa,1
216,46640442506 ,4295856627 ,US961214DC40,961214DC4=,Aa3,A1,0.32
217,46640563360 ,4296543409 ,XS1482752380,JP148275238=,A1,A1,0.71
218,46640576330 ,8589934275 ,XS1481811872,GB148181187=,A1,A1,0.5
219,46640600967 ,4296543409 ,US25159MAS61,25159MAS6=,A1,A1,0.71
220,46640622632 ,4295856152 ,US2027A1HY65,AU148545103=,Aa3,A1,0.39
221,46640622690 ,4295856152 ,US2027A0HY82,2027A0HY8=,Aa3,A1,0.39
222,46640721961 ,4296424232 ,US500630CL00,500630CL0=,Aa2,Aa2,0.93
223,46640724045 ,5000000933 ,US606822AH76,606822AH7=,A1,A1,0.72
224,46640724079 ,5000000933 ,US606822AJ33,606822AJ3=,A1,A1,0.7
225,46640745526 ,8589934212 ,US780097BD21,780097BD2=,A3,A3,0.58
226,46640745652 ,4295878505 ,US60687YAG44,60687YAG4=,A1,A1,0.7
227,46640942243 ,4297147213 ,XS1496463297,TR149646329=,B3,B2,0.47
228,46641192853 ,4295878766 ,US86562MAK62,86562MAK6=,A1,A1,0.7
229,46641310732 ,4297147213 ,US90015LAB36,90015LAB3=,B3,B2,0.47
230,46641316148 ,8589934339 ,US06051GGA13,06051GGA1=,A1,A2,0.69
231,46641338232 ,8589934175 ,US949746SH57,949746SH5=,A1,A2,0.81
232,46641369107 ,8589934570 ,US459058FT50,459058FT5=,Aaa,Aaa,1
233,46641689549 ,4296424232 ,XS1516267934,KR151626793=,Aa2,Aa2,0.93
234,46641951927 ,4296395040 ,XS1511593623,CL151159362=,A2,A1,0.39
235,46642163113 ,5000084509 ,US05578DAX03,05578DAX0=,A1,Aa3,0.81
236,46642629320 ,8589934333 ,US06738EAV74,06738EAV7=,Baa1,Baa2,0.86
237,46642629399 ,8589934333 ,US06738EAU91,06738EAU9=,Baa1,Baa2,0.87
238,46642647546 ,8589934254 ,US53944YAD58,53944YAD5=,A3,A3,0.56
239,46642647554 ,4295857405 ,US6325C1CL16,AU154872485=,Aa3,Aa3,0.75
240,46642647594 ,4295857405 ,US6325C0DJ77,6325C0DJ7=,Aa3,Aa3,0.75
241,46642667579 ,4295878766 ,US86562MAN02,86562MAN0=,A1,A1,0.72
242,46642824329 ,4296424232 ,XS1550953936,KR155095393=,Aa2,Aa2,0.93
243,46642999295 ,8589934570 ,XS1559754822,XS155975482=,Aaa,Aaa,1
244,46643150432 ,4295856605 ,XS1564382353,AU156438235=,Aa3,Aa3,0.58
245,46643267703 ,5000000933 ,US606822AN45,606822AN4=,A1,A1,0.69
246,46643330294 ,8589934326 ,XS1569880229,FR156988022=,Aa3,Aa3,0.82
247,46643373311 ,4295878505 ,US60687YAK55,60687YAK5=,A1,A1,0.71
248,46643473849 ,4295856627 ,US961214DK65,961214DK6=,Aa3,A1,0.33
249,46643630440 ,4295856605 ,XS1579356319,AU157935631=,Aa3,Aa3,0.58
250,46643659981 ,4295893598 ,XS1578203462,TR157820346=,B3,B2,0.46
251,46643825742 ,4295884647 ,US456837AH61,456837AH6=,Baa1,Baa1,0.68
252,46643935896 ,5000084509 ,FR0013240645,FR0013240645=,Aa3,Aa3,0.67
253,46644049554 ,4295875726 ,XS1596778008,IT159677800=,Baa1,Baa1,0.63
254,46644066866 ,4296721032 ,USP13296AM37,MX159908224=,Baa3,Baa3,0.77
255,46644066902 ,4296721032 ,US05969LAB71,05969LAB7=,Baa3,Baa3,0.77
256,46644260820 ,4295893598 ,US90016BAE83,90016BAE8=,B3,B2,0.46
257,46644300477 ,8589934183 ,US91159HHR49,91159HHR4=,A3,A1,0.31
258,46644413214 ,8589934570 ,XS1609294308,XS160929430=,Aaa,Aaa,1
259,46644617397 ,4295904676 ,US693475AT21,693475AT2=,A3,A3,0.69
260,46644641049 ,8589934159 ,US298785HM16,298785HM1=,Aaa,Aaa,1
261,46644731796 ,4295856605 ,XS1623117600,AU162311760=,Aa3,Aa3,0.51
262,46658837707 ,4295893564 ,US984848AJ00,984848AJ0=,B3,B2,0.45
263,46658837769 ,4295893564 ,XS1634372954,TR163437295=,B3,B2,0.45
264,192760000000 ,8589934158 ,US4581X0CY26,4581X0CY2=,Aaa,A1,0.4
265,192761000000 ,4295857405 ,XS1656120430,AU165612043=,Aa3,B3,0.4
266,192761000000 ,4295856152 ,US2027A0JN00,2027A0JN0=,Aa3,B3,0.4
267,192761000000 ,4295878505 ,US60687YAM12,60687YAM1=,A1,B3,0.4
268,192761000000 ,4296543409 ,XS1668899104,JP166889910=,A1,B3,0.4
269,192761000000 ,4295865671 ,US059514AE90,059514AE9=,Baa2,B3,0.4
270,192761000000 ,5000000933 ,US606822AR58,606822AR5=,A1,B3,0.4
271,192761000000 ,4295878766 ,US86562MAR16,86562MAR1=,A1,B3,0.4
272,192761000000 ,4295893598 ,XS1686847549,,Ba1,B3,0.4
273,192761000000 ,4296757902 ,XS1691349010,TR169134901=,B3,B3,0.4
274,192771000000 ,4296959656 ,US69353RFG83,69353RFG8=,A2,Baa2,0.3
275,192771000000 ,4295878766 ,US86562MAV28,86562MAV2=,A1,Baa2,0.3
276,192771000000 ,4295863513 ,US05890PZA73,CL169921881=,A2,Baa2,0.3
277,192771000000 ,4295903505 ,US05531FBB85,05531FBB8=,A3,Baa2,0.3
278,192771000000 ,4296757902 ,US90014TAC53,90014TAC5=,B3,Baa2,0.3
279,192772000000 ,8589934570 ,US459058GE72,459058GE7=,Aaa,Aaa,0.5
280,192774000000 ,4295860592 ,XS1738999637,CA173899963=,Aa2,A1,0.49
281,192774000000 ,5000001412 ,USU8029KAJ17,,Baa3,A1,0.49
282,192781000000 ,4295878766 ,US86562MAY66,86562MAY6=,A1,Aaa,0.41
283,192783000000 ,4295856627 ,US961214DW04,961214DW0=,Aa3,Aaa,0.27
284,192784000000 ,4296424232 ,XS1759607671,KR175960767=,Aa2,A1,0.34
285,192784000000 ,4295868960 ,US500769HS68,500769HS6=,Aaa,A1,0.34
286,192784000000 ,4295856605 ,XS1757370579,AU175737057=,Aa3,A1,0.34
287,192786000000 ,5000001412 ,US80282KAP12,80282KAP1=,Baa3,A2,0.42
288,192786000000 ,8589934570 ,US45905US700,45905US70=,Aaa,A2,0.42
289,192786000000 ,4295880962 ,XS1761537841,KR176153784=,A2,A2,0.42
290,192789000000 ,5000000933 ,US606822AV60,606822AV6=,A1,A1,0.43
291,192790000000 ,4295878505 ,US60687YAR09,60687YAR0=,A1,A1,0.41
292,192790000000 ,4296462551 ,US125581GW24,,Baa2,A1,0.41
293,192791000000 ,4296424232 ,XS1792141480,KR179214148=,Aa2,Baa2,0.35
294,192791000000 ,4295857405 ,XS1252234437,AU125223443=,Aa3,Baa2,0.35
295,192791000000 ,8589934254 ,US539439AR07,539439AR0=,A3,Baa2,0.35
296,192791000000 ,4295856152 ,US2027A1JZ13,AU179466660=,Aa3,Baa2,0.35
297,192794000000 ,8589934159 ,XS1811852109,XS181185210=,Aaa,Aaa,0.39
298,192795000000 ,4295904371 ,US49326EEG44,49326EEG4=,Baa1,Baa2,0.27
299,192795000000 ,8589934183 ,US91159HHS22,91159HHS2=,A3,Baa2,0.27
300,192795000000 ,4295903505 ,US867914BS12,867914BS1=,A3,Baa2,0.27
301,192796000000 ,8589934254 ,US53944YAF07,53944YAF0=,A3,Baa2,0.29
302,192796000000 ,4297147213 ,XS1814962582,TR181496258=,B3,Baa2,0.29
303,192797000000 ,4295906733 ,US446150AM64,446150AM6=,Baa1,A1,0.28
304,192799000000 ,4295903505 ,US05531FBE25,05531FBE2=,A3,A1,0.31
305,192799000000 ,4295875731 ,IT0005331753,IT533175=,Baa2,A1,0.31
306,192805000000 ,8589934570 ,US45905UR710,45905UR71=,Aaa,Aaa,0.41
307,192805000000 ,4295878766 ,US86562MBC38,86562MBC3=,A1,Aaa,0.41
308,192805000000 ,8589934159 ,US298785HR03,298785HR0=,Aaa,Aaa,0.41
309,192806000000 ,5000000933 ,US606822BB97,606822BB9=,A1,A3,0.29
310,192807000000 ,4296537663 ,US45950KCP30,45950KCP3=,Aaa,Aaa,0.69
311,192807000000 ,4295903746 ,US200340AS60,200340AS6=,Baa1,Aaa,0.69
312,192807000000 ,5037349820 ,US65540JAD00,65540JAD0=,A1,Aaa,0.69
313,192809000000 ,8589934254 ,US539439AT62,539439AT6=,A3,A3,0.38
314,192809000000 ,4296462551 ,US125581GY89,,Baa2,A3,0.38
315,192809000000 ,4296540416 ,US44644AAE73,44644AAE7=,A3,A3,0.38
316,192811000000 ,5000000933 ,US606822BC70,606822BC7=,A1,Aa2,0.62
317,192811000000 ,4296543409 ,US25159MAW73,25159MAW7=,A1,Aa2,0.62
318,192811000000 ,4295860600 ,US13607RAD26,13607RAD2=,Aa2,Aa2,0.62
319,192812000000 ,8589934158 ,US4581X0DC96,4581X0DC9=,Aaa,Aaa,0.36
320,192812000000 ,4296730072 ,US25466AAP66,25466AAP6=,Baa1,Aaa,0.36
321,192812000000 ,4295884742 ,XS1881598772,NL188159877=,Aaa,Aaa,0.36
322,192813000000 ,4295884647 ,US456837AM56,456837AM5=,Baa1,Aa3,0.55
323,192813000000 ,4295863540 ,XS1888338610,CL188833861=,A2,Aa3,0.55
324,192813000000 ,8589934158 ,XS1885606522,XS188560652=,Aaa,Aa3,0.55
325,192813000000 ,4295856152 ,XS1883914191,AU188391419=,Aa3,Aa3,0.55
326,192813000000 ,4295857405 ,XS1883877729,AU188387772=,Aa3,Aa3,0.55
327,192813000000 ,5056415510 ,US06279JAA79,06279JAA7=,A3,Aa3,0.55
328,192813000000 ,4297066605 ,XS1856795510,IN185679551=,Baa3,Aa3,0.55
329,192813000000 ,8589934570 ,US459058GL16,459058GL1=,Aaa,Aa3,0.55
330,192814000000 ,8589934213 ,US78013XW204,78013XW20=,A1,Baa1,0.24
331,192814000000 ,4296537663 ,XS1890154294,XS189015429=,Aaa,Baa1,0.24
332,192815000000 ,4295878766 ,US86562MBG42,86562MBG4=,A1,Aaa,0.46
333,192816000000 ,4295904371 ,US49326EEH27,49326EEH2=,Baa1,Aaa,0.39
334,192816000000 ,8589934159 ,US298785HT68,298785HT6=,Aaa,Aaa,0.39
335,192818000000 ,4295884647 ,USN4580HAA51,NL191092589=,Baa1,A2,0.27
336,192818000000 ,8589934570 ,US45905U6L39,45905U6L3=,Aaa,A2,0.27
337,192818000000 ,8589934183 ,US91159HHU77,91159HHU7=,A3,A2,0.27
338,192821000000 ,4295903505 ,US05531FBF99,05531FBF9=,A3,A1,0.61
339,192823000000 ,4295893548 ,XS1924354126,ES192435412=,Ba1,A2,0.44
340,192823000000 ,4295860596 ,XS1923718560,CA192371856=,A2,A2,0.44
341,192825000000 ,8589934159 ,US298785HV15,298785HV1=,Aaa,Aaa,0.31
342,192825000000 ,8589934158 ,US4581X0DF28,4581X0DF2=,Aaa,Aaa,0.31
343,192826000000 ,8589934175 ,US95000U2D40,95000U2D4=,A1,A1,0.43
344,192826000000 ,4295868960 ,US500769HX53,500769HX5=,Aaa,A1,0.43
345,192826000000 ,4297066605 ,US85628UAJ51,85628UAJ5=,Baa3,A1,0.43
346,192826000000 ,4297147213 ,US90015LAF40,90015LAF4=,B3,A1,0.43
347,192826000000 ,5000035789 ,US17325FAS74,17325FAS7=,Aa3,A1,0.43
348,192826000000 ,4295904676 ,US693475AV76,693475AV7=,A3,A1,0.43
349,192826000000 ,4295856627 ,XS1936918892,AU193691889=,A1,A1,0.43
350,192827000000 ,4295903746 ,US200340AT44,200340AT4=,Baa1,Aa1,0.25
351,192827000000 ,8589934183 ,US91159HHV50,91159HHV5=,A3,Aa1,0.25
352,192827000000 ,4295882085 ,USY46006AD72,KR194354622=,A1,Aa1,0.25
353,192828000000 ,4295860596 ,US06367WHH97,06367WHH9=,A2,Aaa,0.27
354,192831000000 ,4295860592 ,XS1952159520,CA195215952=,A2,Baa1,0.39
355,192831000000 ,5000069297 ,US17401QAU58,17401QAU5=,Baa1,Baa1,0.39
356,192832000000 ,4296424232 ,US500630CW64,500630CW6=,Aa2,Aaa,0.89
357,192833000000 ,4295946698 ,US222213AS92,222213AS9=,Aaa,Aaa,0.37
358,192833000000 ,4295884742 ,US05591F2D14,05591F2D1=,Aaa,Aaa,0.37
359,192833000000 ,4295856627 ,US961214EC31,961214EC3=,Aa3,Aaa,0.37
360,192834000000 ,5000000933 ,US606822BE37,606822BE3=,A1,A1,0.27
361,192834000000 ,5000063167 ,XS1959391019,QA195939101=,B3,A1,0.27
362,192834000000 ,4295856152 ,US2027A1KB26,AU196044949=,Aa3,A1,0.27
363,192835000000 ,4295893564 ,XS1958649854,TR195864985=,B3,A1,0.35
364,192835000000 ,8589934570 ,US459058GQ03,459058GQ0=,Aaa,A1,0.35
365,192835000000 ,8589934254 ,US53944YAH62,53944YAH6=,A3,A1,0.35
366,192835000000 ,4295862902 ,US89114QCB23,89114QCB2=,A1,A1,0.35
367,192836000000 ,4295908449 ,US947890AJ87,947890AJ8=,Baa1,Aaa,0.52
368,192836000000 ,4295860596 ,XS1966819812,CA196681981=,Aa3,Aaa,0.52
369,192836000000 ,8589934570 ,XS1964735994,XS196473599=,Aaa,Aaa,0.52
370,192837000000 ,5001111203 ,XS1972573007,IN197257300=,Baa3,Aaa,0.53
371,192837000000 ,4295860600 ,US13607GAP90,13607GAP9=,A2,Aaa,0.53
372,192837000000 ,4297004377 ,XS1965523084,IN196552308=,Baa3,Aaa,0.53
373,192837000000 ,4295893750 ,US90015WAH60,90015WAH6=,B3,Aaa,0.53
374,192838000000 ,4295884647 ,US456837AQ60,456837AQ6=,Baa1,Baa1,0.37
375,192839000000 ,5035391926 ,US8672EMAL86,8672EMAL8=,A2,B2,0.21
376,192840000000 ,4295904676 ,US693475AW59,693475AW5=,A3,A1,0.42
377,192842000000 ,8589934159 ,US298785HX70,298785HX7=,Aaa,Aaa,0.78
378,192844000000 ,8589934570 ,US459058GV97,,Aaa,Baa1,0.44
379,192845000000 ,8589934158 ,US4581X0DG01,4581X0DG0=,Aaa,Aaa,0.31
380,192845000000 ,4295862902 ,US89114QCA40,89114QCA4=,A1,Aaa,0.31
381,192845000000 ,5000001412 ,US80282KAW62,80282KAW6=,Baa3,Aaa,0.31
382,192846000000 ,8589934570 ,US45905U3P79,,Aaa,Aaa,0.53
383,192847000000 ,4295860596 ,US06367WMQ32,06367WMQ3=,A2,A2,0.23
384,192848000000 ,5000063167 ,XS2023703064,,B3,Aaa,0.45
385,192850000000 ,4296471853 ,XS2026825617,SE202682561=,A3,A3,0.4
386,192851000000 ,4295878766 ,US86562MBP41,86562MBP4=,A1,A1,0.34
387,192851000000 ,8589934213 ,US78013XZU52,78013XZU5=,A1,A1,0.34
388,192852000000 ,5000000933 ,US606822BK96,606822BK9=,A1,A1,0.4
389,192852000000 ,8589934570 ,XS2032666260,,Aaa,A1,0.4
390,192852000000 ,4298528922 ,USP26054AB59,MX198782041=,Baa3,A1,0.4
391,192852000000 ,8589934158 ,US4581X0DJ40,4581X0DJ4=,Aaa,A1,0.4
392,192852000000 ,4295904676 ,US693475AX33,693475AX3=,A3,A1,0.4
393,192852000000 ,4296080185 ,XS2031976678,DE203197667=,Aaa,A1,0.4
394,192853000000 ,4295860592 ,US064159QE92,064159QE9=,A2,A2,0.4
395,192853000000 ,4296419629 ,US174610AR61,174610AR6=,Baa1,A2,0.4
396,192853000000 ,4295903505 ,US05531FBH55,05531FBH5=,A3,A2,0.4
397,192853000000 ,4296865322 ,XS2035038731,DE203503873=,Aa1,A2,0.4
398,192853000000 ,8589934183 ,US91159HHX17,91159HHX1=,A3,A2,0.4
399,192854000000 ,8589934570 ,US459058HB25,,Aaa,Aaa,0.38
400,192854000000 ,4295906733 ,US446150AQ78,446150AQ7=,Baa1,Aaa,0.38
401,192856000000 ,4295893598 ,XS2041003901,TR204100390=,B2,A2,0.4
402,192856000000 ,4296543409 ,XS2045822462,JP204582246=,A1,A2,0.4
403,192856000000 ,8589934570 ,US45905U3T91,,Aaa,A2,0.4
404,192856000000 ,4296959656 ,US05552JAA79,05552JAA7=,A2,A2,0.4
405,192857000000 ,8589934570 ,US459056HV23,459056HV2=,Aaa,Aaa,0.7
406,192857000000 ,4295868960 ,US500769JC98,500769JC9=,Aaa,Aaa,0.7
407,192858000000 ,4295904371 ,US49326EEJ82,49326EEJ8=,Baa1,A3,0.33
408,192858000000 ,4295868960 ,US500769JD71,500769JD7=,Aaa,A3,0.33
409,192858000000 ,5000021791 ,US48128GG791,,A2,A3,0.33
410,192859000000 ,8589934570 ,US45905U4B74,,Aaa,A1,0.75
411,192859000000 ,4296543409 ,XS2053914524,JP205391452=,A1,A1,0.75
412,192860000000 ,4295878766 ,US86562MBU36,86562MBU3=,A1,Aaa,0.47
413,192860000000 ,4296424232 ,US500630CY21,500630CY2=,Aa2,Aaa,0.47
414,192862000000 ,8589934159 ,US298785JA59,298785JA5=,Aaa,A3,0.31
415,192863000000 ,5000001412 ,US80282KAY29,80282KAY2=,Baa3,A1,0.37
416,192863000000 ,5057476778 ,XS2064792307,GB206479230=,A1,A1,0.37
417,192863000000 ,4295884742 ,US05591F2F61,05591F2F6=,Aaa,A1,0.37
418,192863000000 ,4296537663 ,US45950KCR95,45950KCR9=,Aaa,A1,0.37
419,192864000000 ,8589934570 ,US459058HJ50,459058HJ5=,Aaa,A2,0.51
420,192864000000 ,4295860596 ,XS2068976195,CA206897619=,A2,A2,0.51
421,192865000000 ,8589934570 ,XS2069096332,,Aaa,A1,0.74
422,192865000000 ,8589934213 ,US78015K7C20,78015K7C2=,A1,A1,0.74
423,192866000000 ,8589934570 ,US459058HL07,,Aaa,Aaa,0.42
424,192867000000 ,4295904676 ,US693475AY16,693475AY1=,A3,A1,0.48
425,192868000000 ,8589934570 ,US45905U4V39,,Aaa,Aaa,0.49
426,192868000000 ,8589934213 ,US78014RBQ20,78014RBQ2=,A1,Aaa,0.49
427,192868000000 ,4295862902 ,US89114R5B83,89114R5B8=,A1,Aaa,0.49
428,192869000000 ,4295860596 ,US06367WSB09,06367WSB0=,A2,Aaa,0.26
429,192869000000 ,4295856627 ,US961214EH28,961214EH2=,Aa3,Aaa,0.26
430,192871000000 ,5000039357 ,FR0013464435,FR0013464435=,Baa2,Aaa,0.42
431,192872000000 ,8589934570 ,US45905U5S90,,Aaa,Aaa,0.91
432,192874000000 ,4295893548 ,XS2094608580,TR209460858=,B2,A1,0.45
433,192876000000 ,4295878766 ,US86562MBW91,86562MBW9=,A1,Aaa,0.27
434,192876000000 ,8589934570 ,XS2101560626,,Aaa,Aaa,0.27
435,192876000000 ,8589934159 ,US298785JB33,298785JB3=,Aaa,Aaa,0.27
436,192876000000 ,4295860592 ,US064159TF31,064159TF3=,A2,Aaa,0.27
437,192876000000 ,4296543239 ,XS2101563646,NL210156364=,Aaa,Aaa,0.27
438,192876000000 ,4295863439 ,US05970FAC59,05970FAC5=,A2,Aaa,0.27
439,192876000000 ,4296395040 ,US05968AAG13,CL210235833=,A2,Aaa,0.27
440,192877000000 ,4295856627 ,US961214EL30,961214EL3=,Aa3,B3,0.42
441,192877000000 ,8589934158 ,US4581X0DK13,4581X0DK1=,Aaa,B3,0.42
442,192877000000 ,4295856605 ,US05252ADF57,05252ADF5=,Aa3,B3,0.42
443,192877000000 ,4295893556 ,US90015YAA73,90015YAA7=,B3,B3,0.42
444,192877000000 ,4295856982 ,US55608PBE34,55608PBE3=,A1,B3,0.42
445,192877000000 ,4296543239 ,US639832AG92,639832AG9=,Aaa,B3,0.42
446,192877000000 ,4296537663 ,US45950VNN28,45950VNN2=TWEB,Aaa,B3,0.42
447,192877000000 ,4295893564 ,XS2104914069,TR210491406=,B3,B3,0.42
448,192878000000 ,4295904676 ,US693475AZ80,693475AZ8=,A2,A1,0.29
449,192878000000 ,4295860600 ,US13607GLZ53,13607GLZ5=,A2,A1,0.29
450,192879000000 ,4295906733 ,US446150AS35,446150AS3=,Baa1,Aaa,0.36
451,192879000000 ,4295893750 ,US90015WAJ27,90015WAJ2=,B3,Aaa,0.36
452,192879000000 ,4295865713 ,US05968LAM46,05968LAM4=,Baa2,Aaa,0.36
453,192880000000 ,8589934159 ,XS2113936376,XS211393637=,Aaa,Aaa,0.25
454,192880000000 ,4296419629 ,US174610AS45,174610AS4=,Baa1,Aaa,0.25
455,192880000000 ,4296730072 ,US25466AAR23,25466AAR2=,Baa1,Aaa,0.25
456,192880000000 ,4295904371 ,US49326EEK55,49326EEK5=,Baa1,Aaa,0.25
457,192880000000 ,5000001412 ,US80282KAZ93,80282KAZ9=,Baa3,Aaa,0.25
458,192880000000 ,8589934160 ,US29874QEE08,29874QEE0=,Aaa,Aaa,0.25
459,192880000000 ,4295875731 ,IT0005398943,IT000539894=1M,Baa2,Aaa,0.25
460,192881000000 ,4296424232 ,US500630DB19,500630DB1=,Aa2,Aaa,0.56
461,192882000000 ,5000000933 ,US606822BR40,606822BR4=,A1,A1,0.41
462,192882000000 ,4295946698 ,US222213AU49,222213AU4=,Aaa,A1,0.41
463,192883000000 ,4295857405 ,XS2127894025,AU212789402=,Aa3,Aa3,0.38
464,192884000000 ,8589934175 ,US949746SW25,949746SW2=,A1,Aaa,0.58
465,192884000000 ,8589934570 ,US45905U5F79,45905U5F7=,Aaa,Aaa,0.58
466,192885000000 ,4295868960 ,XS2137070194,DE213707019=,Aaa,Aaa,0.67
467,192885000000 ,8589934570 ,US45905U5H36,45905U5H3=,Aaa,Aaa,0.67
468,192887000000 ,8589934275 ,US404280CF48,404280CF4=,A3,Aaa,0.59
469,192887000000 ,8589934158 ,US4581X0DL95,4581X0DL9=,Aaa,Aaa,0.59
470,192888000000 ,8589934175 ,US95001D6K17,95001D6K1=,A1,Aaa,0.4
471,192888000000 ,4296168464 ,US22550L2C42,22550L2C4=,A1,Aaa,0.4
472,192888000000 ,4296470941 ,US06747PKV03,06747PKV0=,A1,Aaa,0.4
473,192889000000 ,8589934159 ,US298785JD98,298785JD9=,Aaa,A1,0.25
474,192889000000 ,8589934570 ,US459058JB07,459058JB0=,Aaa,A1,0.25
475,192889000000 ,4298283335 ,US05969BAD55,05969BAD5=,Baa1,A1,0.25
476,192890000000 ,5000076303 ,US50050HAM88,KR215993159=,Aa3,A1,0.42
477,192890000000 ,4295860596 ,US06367WB850,06367WB85=,A2,A1,0.42
478,192890000000 ,8589934175 ,US95001D6V71,,A1,A1,0.42
479,192890000000 ,4296470941 ,US06747PML03,06747PML0=,A1,A1,0.42
480,192891000000 ,4296419629 ,US174610AT28,174610AT2=,Baa1,Aaa,0.59
481,192891000000 ,4295884742 ,XS2170371319,NL217037131=,Aaa,Aaa,0.59
482,192892000000 ,8589934570 ,US459058JC89,459058JC8=,Aaa,A2,0.35
483,192892000000 ,8589934183 ,US91159HHZ64,91159HHZ6=,A3,A2,0.35
484,192893000000 ,8589934175 ,XS2176891989,US217689198=,A1,A1,0.46
485,192893000000 ,8589934159 ,US298785JE71,298785JE7=,Aaa,A1,0.46
486,192893000000 ,4296865322 ,XS2177023137,DE217702313=,Aa1,A1,0.46
487,192893000000 ,4295907751 ,US7591EPAQ39,7591EPAQ3=,A3,A1,0.46
488,192894000000 ,4295884742 ,US05591F2H28,05591F2H2=,Aaa,Aaa,0.36
489,192894000000 ,8589934570 ,US45905U5Q35,45905U5Q3=,Aaa,Aaa,0.36
490,192894000000 ,4296543239 ,XS2180643889,NL218064388=,Aaa,Aaa,0.36
491,192894000000 ,4296424232 ,XS2181972568,KR218197256=,Aa2,Aaa,0.36
492,192894000000 ,5000001412 ,US80282KBB17,80282KBB1=,Baa3,Aaa,0.36
493,192894000000 ,4295903994 ,US320517AD78,320517AD7=,Baa2,Aaa,0.36
494,192895000000 ,8589934570 ,XS2183820708,XS218382070=,Aaa,Aaa,0.69
495,192895000000 ,4295903505 ,US89788MAB81,89788MAB8=,A3,Aaa,0.69
496,192895000000 ,4295907927 ,US78486QAE17,78486QAE1=,B2,Aaa,0.69
497,192895000000 ,4295860592 ,US064159VL70,064159VL7=,A2,Aaa,0.69
498,192895000000 ,8589934213 ,US78015K7H17,78015K7H1=,A1,Aaa,0.69
499,192895000000 ,8589934159 ,US298785JF47,298785JF4=,Aaa,Aaa,0.69
500,192896000000 ,4296543239 ,XS2189707966,NL218970796=,Aaa,A1,0.71
501,192896000000 ,8589934158 ,US4581X0DN51,4581X0DN5=,Aaa,A1,0.71
502,192896000000 ,4295862902 ,US89114QCH92,89114QCH9=,A1,A1,0.71
503,192897000000 ,5000021791 ,US48128GU404,48128GU40=,A1,A1,0.46
504,232762000000 ,4296543239 ,XS2198234879,NL219823487=,Aaa,Aaa,0.43
505,232763000000 ,8589934183 ,US91159HJA95,91159HJA9=,A3,Aaa,0.63
506,232763000000 ,5000000933 ,US606822BU78,606822BU7=,A1,Aaa,0.63
507,232763000000 ,4295878766 ,US86562MCB46,86562MCB4=,A1,Aaa,0.63
508,232763000000 ,4296470941 ,US06747Q7G69,06747Q7G6=,A1,Aaa,0.63
509,232763000000 ,4295893638 ,US00971YAG52,00971YAG5=,B3,Aaa,0.63
510,232763000000 ,4295881976 ,US82460N2A72,KR220012662=,A1,Aaa,0.63
511,232763000000 ,4295884742 ,XS2210458159,NL221045815=,Aaa,Aaa,0.63
512,232763000000 ,8589934570 ,US459058JE46,459058JE4=,Aaa,Aaa,0.63
513,232763000000 ,5037349820 ,US65540KAD72,KR220183190=,A1,Aaa,0.63
514,232763000000 ,4295868960 ,US500769JF20,500769JF2=,Aaa,Aaa,0.63
515,232763000000 ,4296537663 ,US45950KCT51,45950KCT5=,Aaa,Aaa,0.63
516,232764000000 ,4295868960 ,US500769JG03,500769JG0=,Aaa,A1,0.45
517,232764000000 ,4296537663 ,US45950KCU25,45950KCU2=,Aaa,A1,0.45
518,232764000000 ,4296543409 ,US25159MBA45,25159MBA4=,A1,A1,0.45
519,232764000000 ,4295903505 ,US89788MAC64,89788MAC6=,A3,A1,0.45
520,232764000000 ,5000021791 ,US48128GW483,48128GW48=,A1,A1,0.45
521,232764000000 ,8589934158 ,US4581X0DP00,4581X0DP0=,Aaa,A1,0.45
522,232764000000 ,8589934200 ,US83051GAN88,83051GAN8=,Aa3,A1,0.45
523,232764000000 ,4296080185 ,XS2225360903,DE222536090=,Aaa,A1,0.45
524,232765000000 ,8589934570 ,XS2231185773,XS223118577=,Aaa,A1,0.5
525,232765000000 ,8589934159 ,US298785JH03,298785JH0=,Aaa,A1,0.5
526,232765000000 ,8589934158 ,US4581X0DQ82,4581X0DQ8=,Aaa,A1,0.5
527,232765000000 ,5000021791 ,US48128GX218,48128GX21=,A1,A1,0.5
528,232765000000 ,4295878061 ,US86563VAT61,86563VAT6=,A1,A1,0.5
529,232765000000 ,4295862902 ,US89114QCK22,89114QCK2=,A1,A1,0.5
530,232765000000 ,4295868960 ,US500769JH85,500769JH8=,Aaa,A1,0.5
531,232765000000 ,5000761472 ,XS2231589784,CN223158978=,A1,A1,0.5
532,232765000000 ,4295860592 ,US064159YM27,064159YM2=,A2,A1,0.5
533,232766000000 ,5000021791 ,XS1450869901,US145086990=,Aa3,A1,0.68
534,232766000000 ,4295875735 ,XS2241390983,IT224139098=,Baa1,A1,0.68
535,232766000000 ,8589934159 ,US298785JJ68,298785JJ6=,Aaa,A1,0.68
536,232766000000 ,4296424232 ,US500630DE57,500630DE5=,Aa2,A1,0.68
537,232766000000 ,8589934570 ,US459058JL88,459058JL8=,Aaa,A1,0.68
538,232766000000 ,4295860600 ,US13607GRR73,13607GRR7=,A2,A1,0.68
539,232766000000 ,8589934213 ,US78015K7J72,78015K7J7=,A1,A1,0.68
540,232766000000 ,4295946698 ,US222213AW05,222213AW0=,Aaa,A1,0.68
541,232767000000 ,8589934570 ,XS2260719542,XS226071954=,Aaa,Aaa,0.79
542,232767000000 ,4295893750 ,XS2266963003,TR226696300=,B3,Aaa,0.79
543,232767000000 ,4296080185 ,XS2270152098,DE227015209=,Aaa,Aaa,0.79
544,232767000000 ,4296543239 ,US63983TED37,63983TED3=,Aaa,Aaa,0.79
545,232767000000 ,4296470941 ,XS2266963854,GB226696385=,A1,Aaa,0.79
546,232767000000 ,4295884742 ,XS2259866577,NL225986657=,Aaa,Aaa,0.79
547,232767000000 ,4296537663 ,XS2264182374,XS226418237=,Aaa,Aaa,0.79
548,232768000000 ,4295878766 ,US86562MCF59,86562MCF5=,A1,A2,0.42
549,232768000000 ,5000021791 ,US48128GZ379,48128GZ37=,A1,A2,0.42
550,232768000000 ,8589934159 ,US298785JK32,298785JK3=,Aaa,A2,0.42
551,232768000000 ,4295862902 ,US89114QCP19,89114QCP1=,A1,A2,0.42
552,232768000000 ,4295860592 ,US064159F847,064159F84=,A1,A2,0.42
553,232768000000 ,4296470941 ,XS2271224805,GB227122480=,A1,A2,0.42
554,232768000000 ,5000610154 ,US21688AAQ58,21688AAQ5=,Aa2,A2,0.42
555,232768000000 ,4295860600 ,US13607GRS56,13607GRS5=,A2,A2,0.42
556,232768000000 ,4295860596 ,US06368EA361,06368EA36=,A2,A2,0.42
557,232769000000 ,8589934570 ,XS2292934515,XS229293451=,Aaa,A1,0.67
558,232769000000 ,8589934160 ,XS2292965824,XS229296582=,Aaa,A1,0.67
559,232769000000 ,4295907927 ,US78486QAF81,78486QAF8=,B2,A1,0.67
560,232769000000 ,4296543409 ,XS2292953069,JP229295306=,A1,A1,0.67
561,232769000000 ,4296424232 ,US500630DH88,500630DH8=,Aa2,A1,0.67
562,232769000000 ,4295875735 ,XS2294835017,IT229483501=,Baa1,A1,0.67
563,232769000000 ,4298009762 ,XS2293915935,NL229391593=,A2,A1,0.67
564,232769000000 ,4297066605 ,XS2281373089,IN228137308=,Baa3,A1,0.67
565,232769000000 ,4296757902 ,XS2274089288,TR227408928=,B3,A1,0.67
566,232769000000 ,5038044574 ,FR0014001VD2,FR0014001VD2=,Aa2,A1,0.67
567,232769000000 ,5000039820 ,US98105GAK85,KR228136573=,A1,A1,0.67
568,232769000000 ,4295868960 ,US500769JJ42,500769JJ4=,Aaa,A1,0.67
569,232769000000 ,8589934213 ,US78016EZM29,78016EZM2=,A1,A1,0.67
570,232769000000 ,5000076303 ,XS2284249351,KR228424935=,Aa3,A1,0.67
571,232769000000 ,4295893556 ,US90015YAB56,90015YAB5=,B3,A1,0.67
572,232769000000 ,4296865322 ,XS2297663416,DE229766341=,Aa1,A1,0.67
573,232769000000 ,4296168464 ,US22550L2E08,22550L2E0=,A1,A1,0.67
574,232770000000 ,8589934159 ,US298785JL15,298785JL1=,Aaa,A1,0.36
575,232770000000 ,5000001007 ,XS1198083757,JP119808375=,A1,A1,0.36
576,232770000000 ,8589934570 ,US459058JT15,459058JT1=,Aaa,A1,0.36
577,232770000000 ,4296424232 ,US500630DL90,500630DL9=,Aa2,A1,0.36
578,232770000000 ,4296865322 ,XS2311370337,DE231137033=,Aa1,A1,0.36
579,232770000000 ,4295860592 ,US0641593U89,0641593U8=,A1,A1,0.36
580,232770000000 ,8589934158 ,US45818WCW47,45818WCW4=,Aaa,A1,0.36
581,232770000000 ,8589934365 ,US38376HAG39,38376HAG3=,Aa3,A1,0.36
582,232770000000 ,4295868960 ,US500769JM70,500769JM7=,Aaa,A1,0.36
583,232770000000 ,4295862902 ,US89114QCQ91,89114QCQ9=,A1,A1,0.36
584,232770000000 ,4296543409 ,XS2306518098,JP230651809=,A1,A1,0.36
585,232770000000 ,4296080185 ,XS2298321667,DE229832166=,Aaa,A1,0.36
586,232770000000 ,4295863439 ,XS2308279822,ES230827982=,A2,A1,0.36
587,232771000000 ,4296424232 ,XS2327416603,KR232741660=,Aa2,Aa3,0.26
588,232771000000 ,4295875735 ,XS2322452553,IT232245255=,Baa1,Aa3,0.26
589,232771000000 ,4295863513 ,XS2318617185,CL231861718=,A2,Aa3,0.26
590,232771000000 ,4295878061 ,USJ7771YKP18,JP231728066=,A1,Aa3,0.26
591,232771000000 ,8589934158 ,US45818WCS35,45818WCS3=,Aaa,Aa3,0.26
592,232771000000 ,4296999124 ,XS2324778815,KR232477881=,Aa2,Aa3,0.26
593,232772000000 ,8589934570 ,US459058JW44,459058JW4=,Aaa,A1,0.62
594,232772000000 ,8589934339 ,US06048WL996,06048WL99=,A1,A1,0.62
595,232772000000 ,5000076303 ,US50050GAP37,50050GAP3=,Aa3,A1,0.62
596,232772000000 ,5000021791 ,US48128G3G34,48128G3G3=,A1,A1,0.62
597,232772000000 ,5042373967 ,XS2334572562,CN233457256=,A1,A1,0.62
598,232772000000 ,8589934213 ,US78016EZQ33,78016EZQ3=,A1,A1,0.62
599,232772000000 ,8589934158 ,US4581X0DV77,4581X0DV7=,Aaa,A1,0.62
600,232772000000 ,4296537663 ,US45950VNP75,45950VNP7=TWEB,Aaa,A1,0.62
601,232772000000 ,8589934159 ,US298785JM97,298785JM9=,Aaa,A1,0.62
602,232772000000 ,4295860592 ,US0641593X29,0641593X2=,A1,A1,0.62
603,232773000000 ,4295856627 ,US961214ET65,961214ET6=,Aa3,A1,0.57
604,232773000000 ,8589934159 ,US298785JN70,298785JN7=,Aaa,A1,0.57
605,232773000000 ,4295907927 ,US78486QAH48,78486QAH4=,B2,A1,0.57
606,232773000000 ,8589934570 ,US459058JX27,459058JX2=,Aaa,A1,0.57
607,232773000000 ,5000021791 ,US48128G3S71,48128G3S7=,A1,A1,0.57
608,232773000000 ,8589934339 ,US06048WM317,06048WM31=,A1,A1,0.57
609,232773000000 ,4295884742 ,US05591F2K56,05591F2K5=,Aaa,A1,0.57
610,232773000000 ,4296470941 ,US06748EPV91,06748EPV9=,A1,A1,0.57
611,232774000000 ,4295882085 ,US409634AB87,409634AB8=,A1,Aa1,0.38
612,232774000000 ,4295860600 ,US13607HVE97,13607HVE9=,A1,Aa1,0.38
613,232774000000 ,4296999124 ,XS2355557781,KR235555778=,Aa2,Aa1,0.38
614,232774000000 ,4295875735 ,XS2351324517,IT235132451=,Baa1,Aa1,0.38
615,232774000000 ,4295862902 ,US89114TZD70,89114TZD7=,A1,Aa1,0.38
616,232774000000 ,8589934158 ,US45818WDG87,45818WDG8=,Aaa,Aa1,0.38
617,232774000000 ,4296537663 ,US45950VQB52,45950VQB5=,Aaa,Aa1,0.38
618,232774000000 ,4295946698 ,US222213AX87,222213AX8=,Aaa,Aa1,0.38
619,232775000000 ,4295860592 ,US0641594B99,0641594B9=,A1,Aa3,0.35
620,232775000000 ,4298528922 ,US171653AA64,171653AA6=,Ba1,Aa3,0.35
621,232775000000 ,8589934158 ,US4581X0DX34,4581X0DX3=,Aaa,Aa3,0.35
622,232775000000 ,4296470941 ,US06748WRF22,06748WRF2=,A1,Aa3,0.35
623,232775000000 ,8589934213 ,US78016EZT71,78016EZT7=,A1,Aa3,0.35
624,232775000000 ,4297147213 ,XS2332876106,TR233287610=,B3,Aa3,0.35
625,232775000000 ,8589934339 ,US06048WM648,06048WM64=,A1,Aa3,0.35
626,232775000000 ,4296865322 ,XS2360496470,,Aa1,Aa3,0.35
627,232775000000 ,4295860596 ,US06368FAE97,06368FAE9=,A1,Aa3,0.35
628,232775000000 ,4295868960 ,US500769JP02,500769JP0=,Aaa,Aa3,0.35
629,232775000000 ,5000588708 ,XS2361821429,KR236182142=,Aa2,Aa3,0.35
630,232775000000 ,4297220581 ,US22533AE527,22533AE52=,Aa3,Aa3,0.35
631,232776000000 ,4295907751 ,US7591EPAT77,7591EPAT7=,A3,A1,0.48
632,232776000000 ,8589934339 ,US06048WN224,06048WN22=,A1,A1,0.48
633,232776000000 ,4295904676 ,US693475BB04,693475BB0=,A3,A1,0.48
634,232776000000 ,4296168464 ,US22550L2G55,22550L2G5=,A1,A1,0.48
635,232776000000 ,4297218313 ,BE6329851198,BE6329851198=,Aa2,A1,0.48
636,232776000000 ,5000021791 ,US48128G4N75,48128G4N7=,A1,A1,0.48
637,232776000000 ,5037349820 ,US65540KAG04,KR236955931=,A1,A1,0.48
638,232776000000 ,4296999124 ,XS2377388538,KR237738853=,Aa2,A1,0.48
639,232776000000 ,5050707760 ,US48130UXY62,48130UXY6=,A1,A1,0.48
640,232776000000 ,4295862904 ,US63307A2P94,63307A2P9=,A2,A1,0.48
641,232776000000 ,4295860592 ,US0641596E11,CA0641596E1=,A1,A1,0.48
642,232776000000 ,8589934213 ,US78016EZU45,78016EZU4=,A1,A1,0.48
643,232777000000 ,5000021791 ,US48130CAX39,48130CAX3=,A1,A1,0.63
644,232777000000 ,4295862902 ,US89114TZQ83,89114TZQ8=,A1,A1,0.63
645,232777000000 ,4295878766 ,US86562MCJ71,86562MCJ7=,A1,A1,0.63
646,232777000000 ,4295856152 ,US2027A1KF30,AU238759773=,Aa3,A1,0.63
647,232777000000 ,8589934339 ,US06048WN554,06048WN55=,A1,A1,0.63
648,232777000000 ,4296785143 ,XS2379967800,XS2379967800=LU,A1,A1,0.63
649,232777000000 ,8589934570 ,US459058JZ74,459058JZ7=,Aaa,A1,0.63
650,232777000000 ,8589934159 ,US298785JP29,298785JP2=,Aaa,A1,0.63
651,232777000000 ,4296537663 ,US45950KCX63,45950KCX6=,Aaa,A1,0.63
652,232777000000 ,4295893750 ,US90015WAL72,90015WAL7=,B2,A1,0.63
653,232777000000 ,4295863513 ,XS2384719667,CL238471966=,A2,A1,0.63
654,232777000000 ,4295878061 ,US86563VAY56,86563VAY5=,A1,A1,0.63
655,232777000000 ,4295860596 ,US06368FAC32,06368FAC3=,A1,A1,0.63
656,232777000000 ,4295860592 ,US0641598K52,0641598K5=,A1,A1,0.63
657,232777000000 ,8589934158 ,US45818WDJ27,45818WDJ2=TWEB,Aaa,A1,0.63
658,232777000000 ,5050707760 ,US48130UYC34,48130UYC3=,A1,A1,0.63
659,232778000000 ,8589934570 ,US45906M2G50,45906M2G5=,Aaa,A1,0.49
660,232778000000 ,8589934213 ,US78016FZX58,78016FZX5=,A1,A1,0.49
661,232778000000 ,4295860596 ,US06368GZW04,06368GZW0=,A1,A1,0.49
662,232778000000 ,4295875735 ,XS2395954998,IT239595499=,Baa1,A1,0.49
663,232778000000 ,4295863513 ,US05890MAB90,05890MAB9=,A2,A1,0.49
664,232778000000 ,4296424232 ,XS2389120598,KR238912059=,Aa2,A1,0.49
665,232778000000 ,4295878071 ,US656029AH80,656029AH8=,A1,A1,0.49
666,232778000000 ,4296080185 ,XS2396652682,DE239665268=,Aaa,A1,0.49
667,232778000000 ,8589934339 ,US06048WP385,06048WP38=,A1,A1,0.49
668,232778000000 ,4295946698 ,US222213AY60,222213AY6=,Aaa,A1,0.49
669,232778000000 ,8589934158 ,US45818WDA18,45818WDA1=TWEB,Aaa,A1,0.49
670,232778000000 ,4295862904 ,US63305LGH06,63305LGH0=TWEB,A3,A1,0.49
671,232778000000 ,4296537663 ,US45950VPG58,45950VPG5=TWEB,Aaa,A1,0.49
672,232778000000 ,4297169786 ,XS2388372273,CN238837227=,A1,A1,0.49
673,232779000000 ,8589934160 ,XS2404268380,XS240426838=,Aaa,Aaa,0.49
674,232779000000 ,8589934213 ,US78016EYH43,78016EYH4=,A1,Aaa,0.49
675,232779000000 ,8589934570 ,US459058KA05,459058KA0=,Aaa,Aaa,0.49
676,232779000000 ,4295863439 ,US05971WAD56,ES240391317=,A2,Aaa,0.49
677,232779000000 ,4296424232 ,US500630DP05,500630DP0=,Aa2,Aaa,0.49
678,232779000000 ,4296543409 ,US25159MBE66,25159MBE6=,A1,Aaa,0.49
679,232779000000 ,5000021791 ,US48128G5U00,48128G5U0=TWEB,A1,Aaa,0.49
680,232779000000 ,4295907927 ,US78486QAL59,78486QAL5=,B2,Aaa,0.49
681,232779000000 ,8589934339 ,US06048WP617,06048WP61=TWEB,A1,Aaa,0.49
682,232779000000 ,4295868960 ,US500769JQ84,500769JQ8=,Aaa,Aaa,0.49
683,232779000000 ,5000018341 ,XS2402147255,PL240214725=,A3,Aaa,0.49
684,232779000000 ,5001167814 ,XS2400956020,CN240095602=,A1,Aaa,0.49
685,232779000000 ,4296865322 ,XS2401605360,DE240160536=,Aa1,Aaa,0.49
686,232779000000 ,4295860600 ,US13607HYF36,13607HYF3=,A1,Aaa,0.49
687,232779000000 ,5000938266 ,XS2381275994,KR238127599=,Aa2,Aaa,0.49
688,232780000000 ,8589934570 ,XS2404596129,XS240459612=,Aaa,Aa3,0.34
689,232780000000 ,4295875731 ,IT0005467722,IT546772=,Baa2,Aa3,0.34
690,232780000000 ,4295856627 ,US961214EW94,961214EW9=,Aa3,Aa3,0.34
691,232780000000 ,4295875735 ,XS2407748016,IT240774801=,Baa1,Aa3,0.34
692,232780000000 ,4295863540 ,XS2413637674,CL241363767=,A2,Aa3,0.34
693,232780000000 ,8589934289 ,US87020PAP27,87020PAP2=,Aa3,Aa3,0.34
694,232780000000 ,4297147213 ,XS2395576437,TR239557643=,B3,Aa3,0.34
695,232780000000 ,5050707760 ,US48130UZB42,48130UZB4=,A1,Aa3,0.34
696,232780000000 ,8589934339 ,US06048WQ607,06048WQ60=,A1,Aa3,0.34
697,232780000000 ,5000076303 ,XS2407025845,KR240702584=,Aa3,Aa3,0.34
698,232781000000 ,4295863540 ,US059520AC03,059520AC0=,A2,A1,0.39
699,232781000000 ,8589934339 ,US06048WR365,06048WR36=,A1,A1,0.39
700,232781000000 ,5000037433 ,XS2423012934,IT242301293=,Baa1,A1,0.39
701,232781000000 ,4296537663 ,US45950VQV17,45950VQV1=,Aaa,A1,0.39
702,232782000000 ,4295884742 ,US05591F2S82,05591F2S8=,Aaa,B3,0.48
703,232782000000 ,8589934339 ,US06048WY205,06048WY20=,A1,B3,0.48
704,232782000000 ,5051775086 ,US09709UV704,09709UV70=,A1,B3,0.48
705,232782000000 ,4295856605 ,US05252BDF31,US05252BDF31=,Aa3,B3,0.48
706,232782000000 ,4295860600 ,US13607XEW39,13607XEW3=,Aa2,B3,0.48
707,232783000000 ,8589934160 ,US29874QEX88,29874QEX8=,Aaa,A1,0.51
708,232783000000 ,4295856152 ,US2027A0KK42,2027A0KK4=,Aa3,A1,0.51
709,232783000000 ,5000728453 ,US20271RAR12,20271RAR1=,Aa3,A1,0.51
710,232784000000 ,8589934570 ,US45906M4A62,45906M4A6=,Aaa,A1,0.51
711,232784000000 ,8589934158 ,US4581X0EJ31,4581X0EJ3=,Aaa,A1,0.51
712,232784000000 ,4296537663 ,US45950VSE73,45950VSE7=TWEB,Aaa,A1,0.51
713,232784000000 ,5000021791 ,US48128G5Y22,48128G5Y2=,A1,A1,0.51
714,232784000000 ,5050707760 ,US48130UB617,48130UB61=,A1,A1,0.51
715,232784000000 ,5000731377 ,XS1878117750,CA187811775=,Aa1,A1,0.51
716,232784000000 ,5000076303 ,US50050GAT58,50050GAT5=,Aa3,A1,0.51
717,232785000000 ,5037349820 ,US65540JAK43,65540JAK4=,A1,A1,0.39
718,232785000000 ,4296543239 ,US63983TEH41,63983TEH4=,Aaa,A1,0.39
719,232785000000 ,5000728471 ,US63254ABE73,63254ABE7=,Aa3,A1,0.39
720,232785000000 ,4295857405 ,US6325C0EB33,6325C0EB3=,Aa3,A1,0.39
721,232785000000 ,4295856982 ,US55608PBJ21,55608PBJ2=,A1,A1,0.39
722,232785000000 ,4295862904 ,US63307A2T17,63307A2T1=,A2,A1,0.39
723,232785000000 ,4296470941 ,US06748XZU89,06748XZU8=,A1,A1,0.39
724,232786000000 ,8589934213 ,US78014RMJ67,78014RMJ6=,A1,A1,0.33
725,232786000000 ,4295860592 ,XS2429114825,CA242911482=,A1,A1,0.33
726,232787000000 ,4295860592 ,US06417XAE13,06417XAE1=,A1,B3,0.49
727,232787000000 ,5000039820 ,US98105EAM93,98105EAM9=,A1,B3,0.49
728,232787000000 ,8589934175 ,US95001DCH17,95001DCH1=TWEB,A1,B3,0.49
729,232787000000 ,4296757902 ,US90014TAH41,90014TAH4=,B3,B3,0.49
730,232787000000 ,5000601425 ,US87166FAD50,87166FAD5=,Baa3,B3,0.49
731,232788000000 ,4295878766 ,US86562MCQ15,86562MCQ1=,A1,A1,0.34
732,232788000000 ,4296424232 ,XS2436141399,KR243614139=,Aa2,A1,0.34
733,232788000000 ,4296080185 ,XS2437371250,,Aaa,A1,0.34
734,232788000000 ,5050707760 ,US48133DL244,48133DL24=,Aa3,A1,0.34
735,232788000000 ,8589934159 ,US298785JQ02,298785JQ0=,Aaa,A1,0.34
736,232788000000 ,4297066605 ,XS2432299449,IN243229944=,Baa3,A1,0.34
737,232788000000 ,4296999124 ,XS2436446079,KR243644607=,Aa2,A1,0.34
738,232788000000 ,8589934213 ,US78016EYV37,78016EYV3=,A1,A1,0.34
739,232788000000 ,5000039820 ,US98105GAL68,KR243028981=,A1,A1,0.34
740,232788000000 ,8589934158 ,US4581X0EB05,4581X0EB0=,Aaa,A1,0.34
741,232788000000 ,4295862902 ,US89114TZN52,89114TZN5=,A1,A1,0.34
742,232788000000 ,4295860600 ,USC24285Y410,USC24285Y410=,A1,A1,0.34
743,232788000000 ,4295868960 ,US500769JR67,500769JR6=,Aaa,A1,0.34
744,232788000000 ,4296543239 ,US63983TEF84,63983TEF8=,Aaa,A1,0.34
745,232789000000 ,4296424232 ,US500630DR60,500630DR6=,Aa2,A1,0.43
746,232789000000 ,4295875735 ,XS2444704758,IT244470475=,Baa1,A1,0.43
747,232789000000 ,5000076303 ,US50050HAR75,US50050HAR75=,Aa3,A1,0.43
748,232789000000 ,5056414987 ,XS2447949475,CN244794947=,A2,A1,0.43
749,232789000000 ,4296543409 ,XS2443529958,JP244352995=,A1,A1,0.43
750,232789000000 ,4295868960 ,XS2448404009,DE244840400=,Aaa,A1,0.43
751,232789000000 ,5046279231 ,XS2432530983,CN243253098=,A1,A1,0.43
752,232790000000 ,4295862902 ,US89114TZV78,89114TZV7=,A1,A1,0.34
753,232790000000 ,8589934159 ,US298785JR84,298785JR8=,Aaa,A1,0.34
754,232790000000 ,4295860592 ,US06418BAE83,06418BAE8=,A1,A1,0.34
755,232790000000 ,4295878061 ,US86563VBA61,86563VBA6=,A1,A1,0.34
756,232790000000 ,4295860596 ,US06368FAJ84,06368FAJ8=,A1,A1,0.34
757,232790000000 ,4295856982 ,US55608RBJ86,AU246066094=,A1,A1,0.34
758,232790000000 ,8589934365 ,XS2459996315,GB245999631=,Aa3,A1,0.34
759,232790000000 ,4297169786 ,XS2451854991,CN245185499=,A1,A1,0.34
760,232791000000 ,4295860600 ,US13607HR535,13607HR53=,A1,Aaa,0.25
761,232791000000 ,4295882085 ,US48723RAC97,48723RAC9=,A1,Aaa,0.25
762,232791000000 ,8589934159 ,US298785JS67,298785JS6=,Aaa,Aaa,0.25
763,232791000000 ,4295860592 ,US06417XAH44,06417XAH4=,A1,Aaa,0.25
764,232791000000 ,4296168464 ,US22550L2H39,22550L2H3=,A1,Aaa,0.25
765,232791000000 ,4295857405 ,XS2467639683,AU246763968=,Aa3,Aaa,0.25
766,232791000000 ,4296080185 ,XS2461770237,,Aaa,Aaa,0.25
767,232792000000 ,4295862902 ,US89114X6D05,89114X6D0=,A1,A1,0.62
768,232792000000 ,4295868960 ,US500769JT24,500769JT2=,Aaa,A1,0.62
769,232792000000 ,4296543409 ,US25159MBG15,25159MBG1=,A1,A1,0.62
770,232792000000 ,4296126537 ,XS2470627931,GB247062793=,A1,A1,0.62
771,232793000000 ,4295875735 ,XS2482615957,IT248261595=,Baa1,Aaa,0.6
772,232793000000 ,4295856627 ,US961214FC22,961214FC2=,Aa3,Aaa,0.6
773,232793000000 ,4296785143 ,US22553Q7H45,22553Q7H4=,A1,Aaa,0.6
774,232793000000 ,8589934160 ,XS2485364116,XS248536411=,Aaa,Aaa,0.6
775,232793000000 ,4296424232 ,XS2487342300,KR248734230=,Aa2,Aaa,0.6
776,232793000000 ,5047643874 ,XS2479371028,CN247937102=,A1,Aaa,0.6
777,232793000000 ,4295900343 ,US40428HTA04,40428HTA0=,A1,Aaa,0.6
778,232793000000 ,4296543239 ,XS2485170695,NL248517069=,Aaa,Aaa,0.6
779,232793000000 ,4295857405 ,XS2485539527,,Aa3,Aaa,0.6
780,232794000000 ,4295862902 ,US89115A2E11,89115A2E1=,A1,Aaa,0.56
781,232794000000 ,4295946698 ,US222213BA75,222213BA7=,Aaa,Aaa,0.56
782,232794000000 ,5000728471 ,US63254ABD90,63254ABD9=,Aa3,Aaa,0.56
783,232794000000 ,4295860596 ,US06368D3S13,06368D3S1=,A1,Aaa,0.56
784,232795000000 ,4295860596 ,US06374VC385,06374VC38=,A1,A1,0.48
785,232795000000 ,5037349820 ,US65540KAJ43,KR249559482=,A1,A1,0.48
786,232795000000 ,4295856982 ,XS2493208545,AU249320854=,A1,A1,0.48
787,232795000000 ,4298009762 ,XS2493168657,NL249316865=,Aa2,A1,0.48
788,232795000000 ,4295868960 ,US500769JU96,500769JU9=,Aaa,A1,0.48
789,232795000000 ,4295875735 ,XS2499922834,IT249992283=,Baa1,A1,0.48
790,232796000000 ,8589934213 ,US78016FZS63,78016FZS6=,A1,Aaa,0.43
791,232796000000 ,8589934570 ,US459058KJ14,459058KJ1=,Aaa,Aaa,0.43
792,232796000000 ,4295860592 ,XS2506381917,CA250638191=,Aa2,Aaa,0.43
793,232796000000 ,4295860600 ,US13607H6M92,13607H6M9=,A1,Aaa,0.43
794,232796000000 ,5050707760 ,US48133MAX83,48133MAX8=,A1,Aaa,0.43
795,232797000000 ,4296424232 ,US500630DU99,500630DU9=,Aa2,Aaa,0.5
796,232797000000 ,8589934158 ,XS2523870215,XS252387021=,Aaa,Aaa,0.5
797,232797000000 ,8589934159 ,US298785JT41,298785JT4=,Aaa,Aaa,0.5
798,232797000000 ,4295884895 ,XS2479387024,NL247938702=,Aa3,Aaa,0.5
799,232797000000 ,5000601425 ,US87166FAE34,87166FAE3=,Baa3,Aaa,0.5
800,232797000000 ,4296168464 ,US22550L2K67,22550L2K6=,A1,Aaa,0.5
801,232797000000 ,4295905022 ,US87161CAN56,87161CAN5=,Baa2,Aaa,0.5
802,232797000000 ,4295868960 ,XS2529305745,DE252930574=,Aaa,Aaa,0.5
803,232797000000 ,4295884742 ,XS2524943243,NL252494324=,Aaa,Aaa,0.5
804,232797000000 ,4295857405 ,XS2529514155,,Aa3,Aaa,0.5
805,232798000000 ,4295878071 ,USJ5901UAF96,JP253301937=,A1,Aaa,0.62
806,232798000000 ,8589934570 ,US459058KL69,459058KL6=,Aaa,Aaa,0.62
807,232798000000 ,4295878061 ,USJ7771YNL76,JP253147113=,A1,Aaa,0.62
808,232798000000 ,4295862902 ,US89115A2H42,89115A2H4=,A1,Aaa,0.62
809,232798000000 ,4295860596 ,US06368LAQ95,06368LAQ9=,A1,Aaa,0.62
810,232798000000 ,4296080185 ,XS2540778284,DE254077828=,Aaa,Aaa,0.62
811,232798000000 ,4296543409 ,US25159MBH97,25159MBH9=,A1,Aaa,0.62
812,232798000000 ,4296537663 ,US45950KDA51,45950KDA5=,Aaa,Aaa,0.62
813,232798000000 ,4295860600 ,US13607GSA30,13607GSA3=,A1,Aaa,0.62
814,232798000000 ,4295857405 ,XS2537085149,AU253708514=,Aa3,Aaa,0.62
815,232798000000 ,5000076303 ,XS2539994546,KR253999454=,Aa3,Aaa,0.62
816,232798000000 ,4295856627 ,XS2536438893,AU253643889=,Aa3,Aaa,0.62
817,232798000000 ,4295856982 ,XS2533023136,AU253302313=,A1,Aaa,0.62
818,232798000000 ,4295856605 ,XS2530001630,,Aa3,Aaa,0.62
819,232799000000 ,4295856152 ,XS2550074913,AU255007491=,Aa3,Aa3,0.28
820,232799000000 ,8589934213 ,US78016HZS20,78016HZS2=,A1,Aa3,0.28
821,232799000000 ,4296470941 ,US06749NFM92,06749NFM9=,A1,Aa3,0.28
822,232799000000 ,4296865322 ,XS2551489821,DE255148982=,Aaa,Aa3,0.28
823,232799000000 ,4296537663 ,XS2549866668,XS254986666=,Aaa,Aa3,0.28
824,232799000000 ,4295868960 ,XS2548008486,DE254800848=,Aaa,Aa3,0.28
825,232799000000 ,5050707760 ,US48133PDZ36,48133PDZ3=,A1,Aa3,0.28
826,232799000000 ,5000076303 ,XS2547718218,KR254771821=,Aa3,Aa3,0.28
827,232800000000 ,8589934158 ,XS2556925936,XS255692593=,Aaa,Aaa,0.52
828,232800000000 ,4295888234 ,SK4000022174,SK400002217=1M,A3,Aaa,0.52
829,232800000000 ,4296424232 ,XS2555224265,KR255522426=,Aa2,Aaa,0.52
830,232800000000 ,4295856627 ,US961214FK48,961214FK4=,Aa3,Aaa,0.52
831,232800000000 ,5000761472 ,XS2555170740,CN255517074=,A1,Aaa,0.52
832,232800000000 ,4297905338 ,US55279HAT77,55279HAT7=,A3,Aaa,0.52
833,232800000000 ,4295875735 ,XS2551322451,IT255132245=,Baa1,Aaa,0.52
834,232800000000 ,4296540158 ,XS2555717292,GB255571729=,A1,Aaa,0.52
835,232800000000 ,4296080185 ,XS2552811601,DE255281160=,Aaa,Aaa,0.52
836,232800000000 ,4295868960 ,XS2551345239,DE255134523=,Aaa,Aaa,0.52
837,232800000000 ,4295884742 ,XS2558573049,NL255857304=,Aaa,Aaa,0.52
838,232801000000 ,8589934570 ,XS2567264911,XS256726491=,Aaa,Aaa,0.72
839,232801000000 ,5038044443 ,XS2564922370,US256492237=,Aa3,Aaa,0.72
840,232801000000 ,4295856627 ,XS2566285115,AU256628511=,Aa3,Aaa,0.72
841,232801000000 ,4295878766 ,XS2564061799,JP256406179=,A1,Aaa,0.72
842,232801000000 ,5001168020 ,US05254JAA88,05254JAA8=,Aa3,Aaa,0.72
843,232801000000 ,4295857405 ,HK0000895703,AU256612887=,Aa3,Aaa,0.72
844,232801000000 ,4295860592 ,US06417XAL55,06417XAL5=,A1,Aaa,0.72
845,232801000000 ,4295856605 ,XS2562502091,AU256250209=,Aa3,Aaa,0.72
846,232801000000 ,4296537663 ,XS2569068724,XS256906872=,Aaa,Aaa,0.72
847,232801000000 ,8589934160 ,XS2569413508,XS256941350=,Aaa,Aaa,0.72
848,232802000000 ,8589934570 ,XS2575870535,XS257587053=,Aaa,Aaa,0.62
849,232802000000 ,4295878766 ,US86562MCS70,86562MCS7=,A1,Aaa,0.62
850,232802000000 ,8589934339 ,US06055JAX72,06055JAX7=,A1,Aaa,0.62
851,232802000000 ,8589934159 ,US298785JU14,298785JU1=,Aaa,Aaa,0.62
852,232802000000 ,4296168464 ,US22550L2M24,22550L2M2=,A3,Aaa,0.62
853,232802000000 ,4295868960 ,US500769JW52,500769JW5=,Aaa,Aaa,0.62
854,232802000000 ,4295860596 ,US06368LGV27,06368LGV2=,A1,Aaa,0.62
855,232802000000 ,4295946698 ,US222213BB58,222213BB5=,Aaa,Aaa,0.62
856,232802000000 ,8589934213 ,US78016FZW75,78016FZW7=,A1,Aaa,0.62
857,232802000000 ,8589934158 ,US4581X0EH74,4581X0EH7=,Aaa,Aaa,0.62
858,232802000000 ,5000728471 ,US63253QAB05,63253QAB0=,Aa3,Aaa,0.62
859,232802000000 ,4295862902 ,US89115A2M37,89115A2M3=,A1,Aaa,0.62
860,232802000000 ,4295875731 ,IT0005528747,IT0005528747=TX,Baa2,Aaa,0.62
861,232802000000 ,5000610154 ,US21688AAV44,21688AAV4=,Aa2,Aaa,0.62
862,232802000000 ,5000728453 ,US20271RAQ39,20271RAQ3=,Aa3,Aaa,0.62
863,232802000000 ,5050707760 ,US48133U2U53,48133U2U5=,A1,Aaa,0.62
864,232802000000 ,4295856605 ,XS2580722432,AU258072243=,Aa3,Aaa,0.62
865,232802000000 ,5000076303 ,XS2580261100,KR258026110=,Aa3,Aaa,0.62
866,232802000000 ,4296543239 ,XS2580745565,NL258074556=,Aaa,Aaa,0.62
867,232802000000 ,4295884742 ,XS2580286511,NL258028651=,Aaa,Aaa,0.62
868,232803000000 ,4295868960 ,XS2587562070,DE258756207=,Aaa,Aa3,0.4
869,232803000000 ,4296424232 ,US500630DX39,500630DX3=,Aa2,Aa3,0.4
870,232803000000 ,8589934159 ,US298785JV96,298785JV9=,Aaa,Aa3,0.4
871,232803000000 ,8589934570 ,US459058KQ56,459058KQ5=,Aaa,Aa3,0.4
872,232803000000 ,4295856627 ,XS2586740222,AU258674022=,Aa3,Aa3,0.4
873,232803000000 ,4295860592 ,US06417XAP69,06417XAP6=,A1,Aa3,0.4
874,232803000000 ,4295884895 ,XS2569724334,NL256972433=,Aa3,Aa3,0.4
875,232803000000 ,4296757902 ,XS2581381634,TR258138163=,B3,Aa3,0.4
876,232803000000 ,4297147213 ,US90015LAG23,90015LAG2=,B3,Aa3,0.4
877,232803000000 ,4297905338 ,US55279HAV24,55279HAV2=,A3,Aa3,0.4
878,232803000000 ,4295884742 ,XS2581205825,NL258120582=,Aaa,Aa3,0.4
879,232803000000 ,4296543239 ,XS2582808221,,Aaa,Aa3,0.4
880,232803000000 ,4296537663 ,XS2589088488,XS258908848=,Aaa,Aa3,0.4
881,232803000000 ,4295856982 ,XS2584138908,AU258413890=,A1,Aa3,0.4
882,232803000000 ,4296080185 ,XS2582491788,DE258249178=,Aaa,Aa3,0.4
883,232804000000 ,8589934275 ,XS2594999174,GB259499917=,A2,Aa3,0.42
884,232804000000 ,8589934570 ,XS2597039721,,Aaa,Aa3,0.42
885,232804000000 ,4295878071 ,US656029AL92,656029AL9=,A1,Aa3,0.42
886,232804000000 ,4295878061 ,US86563VBH15,86563VBH1=,A1,Aa3,0.42
887,232804000000 ,4295895566 ,XS2595036471,GB259503647=,Aa3,Aa3,0.42
888,232804000000 ,5038044443 ,XS2584089267,US258408926=,Aa3,Aa3,0.42
889,232804000000 ,4296080185 ,XS2596437918,DE259643791=,Aaa,Aa3,0.42
890,232804000000 ,8589934365 ,XS2595379590,GB259537959=,Aa3,Aa3,0.42
891,232804000000 ,4295900343 ,US40428HVL31,40428HVL3=,A1,Aa3,0.42
892,232804000000 ,4295857405 ,XS2596077441,AU259607744=,Aa3,Aa3,0.42
893,232804000000 ,4296543239 ,XS2591009688,NL259100968=,Aaa,Aa3,0.42
894,232805000000 ,8589934570 ,US459058KT95,459058KT9=,Aaa,Aa3,0.42
895,232805000000 ,4295868960 ,US500769JX36,500769JX3=,Aaa,Aa3,0.42
896,232805000000 ,5050707760 ,US48133WD399,48133WD39=,A1,Aa3,0.42
897,232805000000 ,4296470941 ,XS2602520202,GB260252020=,A1,Aa3,0.42
898,232806000000 ,8589934213 ,US78016HZQ63,78016HZQ6=,A1,Aaa,0.63
899,232806000000 ,8589934159 ,US298785JW79,298785JW7=,Aaa,Aaa,0.63
900,232806000000 ,4295895566 ,XS2617409581,GB261740958=,Aa3,Aaa,0.63
901,232806000000 ,4297066605 ,XS2615928863,IN261592886=,Baa3,Aaa,0.63
902,232806000000 ,4295860600 ,US13607LNG40,13607LNG4=,A1,Aaa,0.63
903,232806000000 ,4295860592 ,XS2615598112,CA261559811=,Aa2,Aaa,0.63
904,232806000000 ,5000076303 ,US50050HAU05,US50050HAU05=,Aa3,Aaa,0.63
905,232806000000 ,4295860596 ,US06368LNT97,06368LNT9=,A1,Aaa,0.63
906,232806000000 ,4296783400 ,US61690U4T48,61690U4T4=,Aa3,Aaa,0.63
907,232806000000 ,4295868960 ,XS2618905421,DE261890542=,Aaa,Aaa,0.63
908,232806000000 ,4296424232 ,XS2615920530,KR261592053=,Aa2,Aaa,0.63
909,232807000000 ,8589934570 ,XS2624503681,XS262450368=,Aaa,A1,0.3
910,232807000000 ,5050707760 ,XS1449811626,,Aa3,A1,0.3
911,232807000000 ,5000018341 ,US06237MAA18,06237MAA1=,A3,A1,0.3
912,232807000000 ,4295884742 ,XS2624016932,NL262401693=,Aaa,A1,0.3
913,232807000000 ,5000700735 ,XS2623522930,CN262352293=,A1,A1,0.3
914,232807000000 ,4296865322 ,XS2627035178,DE262703517=,Aaa,A1,0.3
915,232807000000 ,4295946698 ,US222213BC32,222213BC3=,Aaa,A1,0.3
916,232807000000 ,4295868960 ,XS2623965253,DE262396525=,Aaa,A1,0.3
917,232807000000 ,4296424232 ,XS2616082603,KR261608260=,Aa2,A1,0.3
918,232808000000 ,4295868960 ,XS2629007209,DE262900720=,Aaa,Aa2,0.36
919,232808000000 ,4296543239 ,XS2630112287,NL263011228=,Aaa,Aa2,0.36
920,232808000000 ,4295875731 ,IT0005543720,IT554372=,Baa2,Aa2,0.36
921,232808000000 ,5000076303 ,XS2631788077,KR263178807=,Aa3,Aa2,0.36
922,232809000000 ,4295862904 ,XS2633099440,CA263309944=,Aa3,Aa3,0.27
923,232809000000 ,5000728471 ,US63253QAE44,63253QAE4=,Aa3,Aa3,0.27
924,232809000000 ,4295860592 ,US06418GAD97,06418GAD9=,A1,Aa3,0.27
925,232809000000 ,4295856982 ,US55608PBM59,55608PBM5=,A1,Aa3,0.27
926,232809000000 ,4296865322 ,XS2633546721,DE263354672=,Aaa,Aa3,0.27
927,232810000000 ,5037349820 ,US65540KAK16,US65540KAK16=,A1,Aaa,0.35
928,232810000000 ,5001112967 ,XS2632485897,CN263248589=,A1,Aaa,0.35
929,232810000000 ,4296424232 ,XS2639840219,KR263984021=,Aa2,Aaa,0.35
930,232811000000 ,4295878766 ,US86562MDD92,86562MDD9=,A1,A1,0.46
931,232811000000 ,4296537663 ,US45950KDD90,45950KDD9=,Aaa,A1,0.46
932,232811000000 ,8589934213 ,XS2646090972,CA264609097=,A1,A1,0.46
933,232812000000 ,4295868960 ,US500769JY19,500769JY1=,Aaa,A1,0.31
934,232812000000 ,8589934570 ,US459058KU68,459058KU6=,Aaa,A1,0.31
935,232812000000 ,4295881976 ,US824596AC41,824596AC4=,A1,A1,0.31
936,232812000000 ,4295862902 ,US89115A2U52,89115A2U5=,A1,A1,0.31
937,232812000000 ,4295860600 ,US13607LSL89,13607LSL8=,A1,A1,0.31
938,232812000000 ,4296424232 ,XS2650971117,KR265097111=,Aa2,A1,0.31
